date,city,district,country,lat,lon,rainfall_mm,intensity,event_type
2022-01-01,Karachi,Karachi,Pakistan,24.86,67.01,1.5,Trace,Normal
2022-01-02,Karachi,Karachi,Pakistan,24.86,67.01,0.9,Trace,Normal
2022-01-08,Karachi,Karachi,Pakistan,24.86,67.01,0.6,Trace,Normal
2022-01-09,Karachi,Karachi,Pakistan,24.86,67.01,0.3,Trace,Normal
2022-01-13,Karachi,Karachi,Pakistan,24.86,67.01,2.4,Trace,Normal
2022-01-14,Karachi,Karachi,Pakistan,24.86,67.01,1.5,Trace,Normal
2022-01-16,Karachi,Karachi,Pakistan,24.86,67.01,1.3,Trace,Normal
2022-01-20,Karachi,Karachi,Pakistan,24.86,67.01,0.7,Trace,Normal
2022-01-23,Karachi,Karachi,Pakistan,24.86,67.01,2.9,Trace,Normal
2022-01-26,Karachi,Karachi,Pakistan,24.86,67.01,1.8,Trace,Normal
2022-01-29,Karachi,Karachi,Pakistan,24.86,67.01,1.8,Trace,Normal
2022-01-30,Karachi,Karachi,Pakistan,24.86,67.01,1.7,Trace,Heatwave
2022-01-31,Karachi,Karachi,Pakistan,24.86,67.01,0.7,Trace,Normal
2022-02-01,Karachi,Karachi,Pakistan,24.86,67.01,0.3,Trace,Normal
2022-02-05,Karachi,Karachi,Pakistan,24.86,67.01,0.1,Trace,Normal
2022-02-07,Karachi,Karachi,Pakistan,24.86,67.01,1.0,Trace,Heatwave
2022-02-10,Karachi,Karachi,Pakistan,24.86,67.01,1.4,Trace,Heatwave
2022-02-11,Karachi,Karachi,Pakistan,24.86,67.01,0.3,Trace,Heatwave
2022-02-12,Karachi,Karachi,Pakistan,24.86,67.01,0.9,Trace,Heatwave
2022-02-14,Karachi,Karachi,Pakistan,24.86,67.01,2.2,Trace,Heatwave
2022-02-20,Karachi,Karachi,Pakistan,24.86,67.01,1.7,Trace,Heatwave
2022-02-21,Karachi,Karachi,Pakistan,24.86,67.01,3.0,Trace,Heatwave
2022-02-22,Karachi,Karachi,Pakistan,24.86,67.01,0.7,Trace,Heatwave
2022-02-23,Karachi,Karachi,Pakistan,24.86,67.01,2.5,Trace,Heatwave
2022-02-26,Karachi,Karachi,Pakistan,24.86,67.01,0.1,Trace,Heatwave
2022-02-28,Karachi,Karachi,Pakistan,24.86,67.01,2.6,Trace,Heatwave
2022-03-03,Karachi,Karachi,Pakistan,24.86,67.01,2.8,Trace,Heatwave
2022-03-08,Karachi,Karachi,Pakistan,24.86,67.01,2.0,Trace,Heatwave
2022-03-14,Karachi,Karachi,Pakistan,24.86,67.01,0.1,Trace,Heatwave
2022-03-15,Karachi,Karachi,Pakistan,24.86,67.01,1.7,Trace,Heatwave
2022-03-17,Karachi,Karachi,Pakistan,24.86,67.01,0.9,Trace,Heatwave
2022-03-18,Karachi,Karachi,Pakistan,24.86,67.01,0.4,Trace,Heatwave
2022-03-22,Karachi,Karachi,Pakistan,24.86,67.01,4.3,Trace,Heatwave
2022-03-24,Karachi,Karachi,Pakistan,24.86,67.01,0.2,Trace,Heatwave
2022-03-25,Karachi,Karachi,Pakistan,24.86,67.01,4.0,Trace,Heatwave
2022-03-27,Karachi,Karachi,Pakistan,24.86,67.01,0.4,Trace,Heatwave
2022-03-28,Karachi,Karachi,Pakistan,24.86,67.01,0.1,Trace,Heatwave
2022-04-01,Karachi,Karachi,Pakistan,24.86,67.01,3.7,Trace,Heatwave
2022-04-05,Karachi,Karachi,Pakistan,24.86,67.01,1.8,Trace,Heatwave
2022-04-06,Karachi,Karachi,Pakistan,24.86,67.01,0.1,Trace,Heatwave
2022-04-12,Karachi,Karachi,Pakistan,24.86,67.01,0.1,Trace,Heatwave
2022-04-13,Karachi,Karachi,Pakistan,24.86,67.01,2.0,Trace,Heatwave
2022-04-14,Karachi,Karachi,Pakistan,24.86,67.01,0.9,Trace,Heatwave
2022-04-15,Karachi,Karachi,Pakistan,24.86,67.01,0.4,Trace,Heatwave
2022-04-17,Karachi,Karachi,Pakistan,24.86,67.01,1.0,Trace,Heatwave
2022-04-18,Karachi,Karachi,Pakistan,24.86,67.01,0.3,Trace,Heatwave
2022-04-19,Karachi,Karachi,Pakistan,24.86,67.01,3.7,Trace,Heatwave
2022-04-21,Karachi,Karachi,Pakistan,24.86,67.01,0.2,Trace,Heatwave
2022-04-28,Karachi,Karachi,Pakistan,24.86,67.01,0.8,Trace,Heatwave
2022-05-01,Karachi,Karachi,Pakistan,24.86,67.01,3.0,Trace,Heatwave
2022-05-05,Karachi,Karachi,Pakistan,24.86,67.01,1.3,Trace,Heatwave
2022-05-08,Karachi,Karachi,Pakistan,24.86,67.01,1.0,Trace,Heatwave
2022-05-09,Karachi,Karachi,Pakistan,24.86,67.01,0.2,Trace,Heatwave
2022-05-12,Karachi,Karachi,Pakistan,24.86,67.01,0.5,Trace,Heatwave
2022-05-19,Karachi,Karachi,Pakistan,24.86,67.01,1.1,Trace,Heatwave
2022-05-21,Karachi,Karachi,Pakistan,24.86,67.01,0.4,Trace,Heatwave
2022-05-23,Karachi,Karachi,Pakistan,24.86,67.01,4.1,Trace,Heatwave
2022-05-24,Karachi,Karachi,Pakistan,24.86,67.01,0.2,Trace,Heatwave
2022-05-25,Karachi,Karachi,Pakistan,24.86,67.01,2.1,Trace,Heatwave
2022-05-31,Karachi,Karachi,Pakistan,24.86,67.01,3.2,Trace,Heatwave
2022-06-01,Karachi,Karachi,Pakistan,24.86,67.01,0.6,Trace,Heatwave
2022-06-04,Karachi,Karachi,Pakistan,24.86,67.01,0.9,Trace,Heatwave
2022-06-06,Karachi,Karachi,Pakistan,24.86,67.01,1.1,Trace,Heatwave
2022-06-08,Karachi,Karachi,Pakistan,24.86,67.01,1.9,Trace,Heatwave
2022-06-10,Karachi,Karachi,Pakistan,24.86,67.01,0.2,Trace,Heatwave
2022-06-18,Karachi,Karachi,Pakistan,24.86,67.01,0.1,Trace,Heatwave
2022-06-19,Karachi,Karachi,Pakistan,24.86,67.01,1.1,Trace,Heatwave
2022-06-21,Karachi,Karachi,Pakistan,24.86,67.01,1.4,Trace,Heatwave
2022-06-27,Karachi,Karachi,Pakistan,24.86,67.01,2.5,Trace,Normal
2022-06-30,Karachi,Karachi,Pakistan,24.86,67.01,1.3,Trace,Normal
2022-07-04,Karachi,Karachi,Pakistan,24.86,67.01,5.6,Light,Heatwave
2022-07-05,Karachi,Karachi,Pakistan,24.86,67.01,0.1,Trace,Normal
2022-07-07,Karachi,Karachi,Pakistan,24.86,67.01,0.4,Trace,Heatwave
2022-07-09,Karachi,Karachi,Pakistan,24.86,67.01,1.5,Trace,Normal
2022-07-14,Karachi,Karachi,Pakistan,24.86,67.01,7.4,Light,Normal
2022-07-16,Karachi,Karachi,Pakistan,24.86,67.01,1.8,Trace,Normal
2022-07-21,Karachi,Karachi,Pakistan,24.86,67.01,0.5,Trace,Normal
2022-08-03,Karachi,Karachi,Pakistan,24.86,67.01,4.6,Trace,Normal
2022-08-10,Karachi,Karachi,Pakistan,24.86,67.01,5.7,Light,Normal
2022-08-11,Karachi,Karachi,Pakistan,24.86,67.01,0.8,Trace,Normal
2022-08-20,Karachi,Karachi,Pakistan,24.86,67.01,0.8,Trace,Normal
2022-08-21,Karachi,Karachi,Pakistan,24.86,67.01,1.7,Trace,Normal
2022-08-22,Karachi,Karachi,Pakistan,24.86,67.01,8.4,Light,Normal
2022-08-24,Karachi,Karachi,Pakistan,24.86,67.01,0.4,Trace,Normal
2022-09-01,Karachi,Karachi,Pakistan,24.86,67.01,0.1,Trace,Normal
2022-09-02,Karachi,Karachi,Pakistan,24.86,67.01,2.4,Trace,Normal
2022-09-03,Karachi,Karachi,Pakistan,24.86,67.01,3.2,Trace,Normal
2022-09-05,Karachi,Karachi,Pakistan,24.86,67.01,0.6,Trace,Normal
2022-09-07,Karachi,Karachi,Pakistan,24.86,67.01,4.5,Trace,Normal
2022-09-09,Karachi,Karachi,Pakistan,24.86,67.01,1.7,Trace,Normal
2022-09-10,Karachi,Karachi,Pakistan,24.86,67.01,1.1,Trace,Normal
2022-09-13,Karachi,Karachi,Pakistan,24.86,67.01,3.8,Trace,Normal
2022-09-14,Karachi,Karachi,Pakistan,24.86,67.01,4.9,Trace,Normal
2022-09-25,Karachi,Karachi,Pakistan,24.86,67.01,2.5,Trace,Normal
2022-09-28,Karachi,Karachi,Pakistan,24.86,67.01,0.6,Trace,Normal
2022-09-29,Karachi,Karachi,Pakistan,24.86,67.01,0.9,Trace,Normal
2022-10-01,Karachi,Karachi,Pakistan,24.86,67.01,1.8,Trace,Normal
2022-10-02,Karachi,Karachi,Pakistan,24.86,67.01,0.4,Trace,Normal
2022-10-06,Karachi,Karachi,Pakistan,24.86,67.01,1.5,Trace,Normal
2022-10-07,Karachi,Karachi,Pakistan,24.86,67.01,1.0,Trace,Normal
2022-10-10,Karachi,Karachi,Pakistan,24.86,67.01,1.8,Trace,Normal
2022-10-15,Karachi,Karachi,Pakistan,24.86,67.01,0.8,Trace,Normal
2022-10-18,Karachi,Karachi,Pakistan,24.86,67.01,1.9,Trace,Normal
2022-10-25,Karachi,Karachi,Pakistan,24.86,67.01,2.6,Trace,Normal
2022-10-26,Karachi,Karachi,Pakistan,24.86,67.01,0.2,Trace,Normal
2022-10-30,Karachi,Karachi,Pakistan,24.86,67.01,0.8,Trace,Normal
2022-11-11,Karachi,Karachi,Pakistan,24.86,67.01,0.7,Trace,Normal
2022-11-12,Karachi,Karachi,Pakistan,24.86,67.01,1.1,Trace,Normal
2022-11-15,Karachi,Karachi,Pakistan,24.86,67.01,2.6,Trace,Normal
2022-11-16,Karachi,Karachi,Pakistan,24.86,67.01,0.6,Trace,Normal
2022-11-19,Karachi,Karachi,Pakistan,24.86,67.01,0.5,Trace,Normal
2022-11-20,Karachi,Karachi,Pakistan,24.86,67.01,2.5,Trace,Normal
2022-12-03,Karachi,Karachi,Pakistan,24.86,67.01,0.4,Trace,Normal
2022-12-06,Karachi,Karachi,Pakistan,24.86,67.01,0.2,Trace,Normal
2022-12-10,Karachi,Karachi,Pakistan,24.86,67.01,2.0,Trace,Normal
2022-12-13,Karachi,Karachi,Pakistan,24.86,67.01,0.1,Trace,Normal
2022-12-17,Karachi,Karachi,Pakistan,24.86,67.01,1.6,Trace,Normal
2022-12-21,Karachi,Karachi,Pakistan,24.86,67.01,0.4,Trace,Normal
2022-12-23,Karachi,Karachi,Pakistan,24.86,67.01,0.5,Trace,Normal
2022-12-29,Karachi,Karachi,Pakistan,24.86,67.01,0.4,Trace,Normal
2022-12-31,Karachi,Karachi,Pakistan,24.86,67.01,0.6,Trace,Normal
2023-01-01,Karachi,Karachi,Pakistan,24.86,67.01,5.9,Light,Normal
2023-01-04,Karachi,Karachi,Pakistan,24.86,67.01,0.3,Trace,Normal
2023-01-05,Karachi,Karachi,Pakistan,24.86,67.01,2.8,Trace,Normal
2023-01-10,Karachi,Karachi,Pakistan,24.86,67.01,0.2,Trace,Normal
2023-01-11,Karachi,Karachi,Pakistan,24.86,67.01,2.8,Trace,Normal
2023-01-14,Karachi,Karachi,Pakistan,24.86,67.01,2.0,Trace,Normal
2023-01-16,Karachi,Karachi,Pakistan,24.86,67.01,1.6,Trace,Normal
2023-01-17,Karachi,Karachi,Pakistan,24.86,67.01,1.3,Trace,Normal
2023-01-19,Karachi,Karachi,Pakistan,24.86,67.01,2.5,Trace,Normal
2023-01-20,Karachi,Karachi,Pakistan,24.86,67.01,0.5,Trace,Normal
2023-01-23,Karachi,Karachi,Pakistan,24.86,67.01,0.4,Trace,Normal
2023-01-25,Karachi,Karachi,Pakistan,24.86,67.01,0.1,Trace,Normal
2023-01-27,Karachi,Karachi,Pakistan,24.86,67.01,2.7,Trace,Normal
2023-02-01,Karachi,Karachi,Pakistan,24.86,67.01,0.6,Trace,Heatwave
2023-02-06,Karachi,Karachi,Pakistan,24.86,67.01,0.1,Trace,Heatwave
2023-02-08,Karachi,Karachi,Pakistan,24.86,67.01,0.6,Trace,Normal
2023-02-10,Karachi,Karachi,Pakistan,24.86,67.01,1.4,Trace,Heatwave
2023-02-12,Karachi,Karachi,Pakistan,24.86,67.01,0.3,Trace,Heatwave
2023-02-18,Karachi,Karachi,Pakistan,24.86,67.01,1.2,Trace,Heatwave
2023-02-19,Karachi,Karachi,Pakistan,24.86,67.01,1.3,Trace,Heatwave
2023-02-23,Karachi,Karachi,Pakistan,24.86,67.01,0.4,Trace,Heatwave
2023-02-24,Karachi,Karachi,Pakistan,24.86,67.01,0.3,Trace,Heatwave
2023-02-25,Karachi,Karachi,Pakistan,24.86,67.01,0.9,Trace,Heatwave
2023-02-26,Karachi,Karachi,Pakistan,24.86,67.01,1.3,Trace,Heatwave
2023-02-27,Karachi,Karachi,Pakistan,24.86,67.01,0.3,Trace,Heatwave
2023-03-01,Karachi,Karachi,Pakistan,24.86,67.01,0.4,Trace,Heatwave
2023-03-06,Karachi,Karachi,Pakistan,24.86,67.01,0.3,Trace,Heatwave
2023-03-08,Karachi,Karachi,Pakistan,24.86,67.01,2.2,Trace,Heatwave
2023-03-09,Karachi,Karachi,Pakistan,24.86,67.01,0.6,Trace,Heatwave
2023-03-10,Karachi,Karachi,Pakistan,24.86,67.01,1.1,Trace,Heatwave
2023-03-11,Karachi,Karachi,Pakistan,24.86,67.01,1.4,Trace,Heatwave
2023-03-12,Karachi,Karachi,Pakistan,24.86,67.01,1.8,Trace,Heatwave
2023-03-14,Karachi,Karachi,Pakistan,24.86,67.01,0.2,Trace,Heatwave
2023-03-15,Karachi,Karachi,Pakistan,24.86,67.01,3.4,Trace,Heatwave
2023-03-18,Karachi,Karachi,Pakistan,24.86,67.01,1.2,Trace,Heatwave
2023-03-20,Karachi,Karachi,Pakistan,24.86,67.01,3.2,Trace,Heatwave
2023-03-21,Karachi,Karachi,Pakistan,24.86,67.01,0.5,Trace,Heatwave
2023-03-26,Karachi,Karachi,Pakistan,24.86,67.01,1.3,Trace,Heatwave
2023-04-08,Karachi,Karachi,Pakistan,24.86,67.01,1.7,Trace,Heatwave
2023-04-10,Karachi,Karachi,Pakistan,24.86,67.01,1.1,Trace,Heatwave
2023-04-11,Karachi,Karachi,Pakistan,24.86,67.01,0.7,Trace,Heatwave
2023-04-15,Karachi,Karachi,Pakistan,24.86,67.01,0.7,Trace,Heatwave
2023-04-17,Karachi,Karachi,Pakistan,24.86,67.01,1.8,Trace,Heatwave
2023-04-19,Karachi,Karachi,Pakistan,24.86,67.01,0.7,Trace,Heatwave
2023-04-22,Karachi,Karachi,Pakistan,24.86,67.01,0.2,Trace,Heatwave
2023-04-23,Karachi,Karachi,Pakistan,24.86,67.01,2.7,Trace,Heatwave
2023-04-26,Karachi,Karachi,Pakistan,24.86,67.01,0.4,Trace,Heatwave
2023-04-27,Karachi,Karachi,Pakistan,24.86,67.01,0.9,Trace,Heatwave
2023-04-29,Karachi,Karachi,Pakistan,24.86,67.01,2.0,Trace,Heatwave
2023-05-02,Karachi,Karachi,Pakistan,24.86,67.01,1.1,Trace,Heatwave
2023-05-05,Karachi,Karachi,Pakistan,24.86,67.01,2.7,Trace,Heatwave
2023-05-08,Karachi,Karachi,Pakistan,24.86,67.01,1.5,Trace,Heatwave
2023-05-11,Karachi,Karachi,Pakistan,24.86,67.01,0.5,Trace,Heatwave
2023-05-14,Karachi,Karachi,Pakistan,24.86,67.01,0.4,Trace,Heatwave
2023-06-01,Karachi,Karachi,Pakistan,24.86,67.01,0.8,Trace,Heatwave
2023-06-02,Karachi,Karachi,Pakistan,24.86,67.01,0.4,Trace,Heatwave
2023-06-06,Karachi,Karachi,Pakistan,24.86,67.01,2.1,Trace,Heatwave
2023-06-08,Karachi,Karachi,Pakistan,24.86,67.01,4.8,Trace,Heatwave
2023-06-10,Karachi,Karachi,Pakistan,24.86,67.01,1.1,Trace,Heatwave
2023-06-11,Karachi,Karachi,Pakistan,24.86,67.01,0.9,Trace,Heatwave
2023-06-14,Karachi,Karachi,Pakistan,24.86,67.01,0.5,Trace,Normal
2023-06-20,Karachi,Karachi,Pakistan,24.86,67.01,0.1,Trace,Heatwave
2023-06-24,Karachi,Karachi,Pakistan,24.86,67.01,1.0,Trace,Normal
2023-06-27,Karachi,Karachi,Pakistan,24.86,67.01,1.8,Trace,Heatwave
2023-07-05,Karachi,Karachi,Pakistan,24.86,67.01,2.2,Trace,Normal
2023-07-07,Karachi,Karachi,Pakistan,24.86,67.01,1.1,Trace,Normal
2023-07-12,Karachi,Karachi,Pakistan,24.86,67.01,2.4,Trace,Normal
2023-07-14,Karachi,Karachi,Pakistan,24.86,67.01,6.8,Light,Normal
2023-07-18,Karachi,Karachi,Pakistan,24.86,67.01,0.9,Trace,Normal
2023-07-20,Karachi,Karachi,Pakistan,24.86,67.01,12.1,Light,Normal
2023-07-21,Karachi,Karachi,Pakistan,24.86,67.01,13.4,Light,Normal
2023-07-22,Karachi,Karachi,Pakistan,24.86,67.01,5.3,Light,Normal
2023-07-23,Karachi,Karachi,Pakistan,24.86,67.01,15.0,Light,Normal
2023-07-26,Karachi,Karachi,Pakistan,24.86,67.01,6.5,Light,Normal
2023-07-27,Karachi,Karachi,Pakistan,24.86,67.01,15.4,Moderate,Normal
2023-07-29,Karachi,Karachi,Pakistan,24.86,67.01,12.0,Light,Normal
2023-08-03,Karachi,Karachi,Pakistan,24.86,67.01,13.8,Light,Normal
2023-08-04,Karachi,Karachi,Pakistan,24.86,67.01,4.8,Trace,Normal
2023-08-05,Karachi,Karachi,Pakistan,24.86,67.01,0.3,Trace,Normal
2023-08-19,Karachi,Karachi,Pakistan,24.86,67.01,8.1,Light,Normal
2023-08-20,Karachi,Karachi,Pakistan,24.86,67.01,8.9,Light,Normal
2023-08-25,Karachi,Karachi,Pakistan,24.86,67.01,3.2,Trace,Normal
2023-09-06,Karachi,Karachi,Pakistan,24.86,67.01,0.7,Trace,Normal
2023-09-15,Karachi,Karachi,Pakistan,24.86,67.01,8.1,Light,Normal
2023-09-17,Karachi,Karachi,Pakistan,24.86,67.01,2.8,Trace,Normal
2023-09-20,Karachi,Karachi,Pakistan,24.86,67.01,1.4,Trace,Normal
2023-09-21,Karachi,Karachi,Pakistan,24.86,67.01,5.2,Light,Normal
2023-09-23,Karachi,Karachi,Pakistan,24.86,67.01,15.2,Moderate,Normal
2023-09-25,Karachi,Karachi,Pakistan,24.86,67.01,2.9,Trace,Normal
2023-09-26,Karachi,Karachi,Pakistan,24.86,67.01,2.0,Trace,Normal
2023-10-02,Karachi,Karachi,Pakistan,24.86,67.01,0.3,Trace,Normal
2023-10-08,Karachi,Karachi,Pakistan,24.86,67.01,0.6,Trace,Normal
2023-10-10,Karachi,Karachi,Pakistan,24.86,67.01,10.5,Light,Normal
2023-10-14,Karachi,Karachi,Pakistan,24.86,67.01,4.6,Trace,Normal
2023-10-17,Karachi,Karachi,Pakistan,24.86,67.01,1.4,Trace,Normal
2023-10-19,Karachi,Karachi,Pakistan,24.86,67.01,0.3,Trace,Normal
2023-10-24,Karachi,Karachi,Pakistan,24.86,67.01,0.6,Trace,Normal
2023-10-27,Karachi,Karachi,Pakistan,24.86,67.01,0.2,Trace,Normal
2023-10-28,Karachi,Karachi,Pakistan,24.86,67.01,1.0,Trace,Normal
2023-11-01,Karachi,Karachi,Pakistan,24.86,67.01,1.3,Trace,Normal
2023-11-05,Karachi,Karachi,Pakistan,24.86,67.01,0.1,Trace,Normal
2023-11-06,Karachi,Karachi,Pakistan,24.86,67.01,0.2,Trace,Normal
2023-11-13,Karachi,Karachi,Pakistan,24.86,67.01,0.4,Trace,Normal
2023-11-15,Karachi,Karachi,Pakistan,24.86,67.01,3.3,Trace,Normal
2023-11-16,Karachi,Karachi,Pakistan,24.86,67.01,3.3,Trace,Normal
2023-11-21,Karachi,Karachi,Pakistan,24.86,67.01,3.3,Trace,Normal
2023-11-26,Karachi,Karachi,Pakistan,24.86,67.01,0.4,Trace,Normal
2023-11-29,Karachi,Karachi,Pakistan,24.86,67.01,1.3,Trace,Normal
2023-12-02,Karachi,Karachi,Pakistan,24.86,67.01,1.0,Trace,Normal
2023-12-05,Karachi,Karachi,Pakistan,24.86,67.01,1.8,Trace,Normal
2023-12-06,Karachi,Karachi,Pakistan,24.86,67.01,0.2,Trace,Normal
2023-12-09,Karachi,Karachi,Pakistan,24.86,67.01,0.4,Trace,Normal
2023-12-11,Karachi,Karachi,Pakistan,24.86,67.01,0.3,Trace,Normal
2023-12-14,Karachi,Karachi,Pakistan,24.86,67.01,1.5,Trace,Normal
2023-12-15,Karachi,Karachi,Pakistan,24.86,67.01,1.2,Trace,Normal
2023-12-16,Karachi,Karachi,Pakistan,24.86,67.01,1.5,Trace,Normal
2023-12-19,Karachi,Karachi,Pakistan,24.86,67.01,0.2,Trace,Normal
2023-12-20,Karachi,Karachi,Pakistan,24.86,67.01,4.0,Trace,Normal
2023-12-22,Karachi,Karachi,Pakistan,24.86,67.01,1.9,Trace,Normal
2023-12-23,Karachi,Karachi,Pakistan,24.86,67.01,0.3,Trace,Normal
2023-12-25,Karachi,Karachi,Pakistan,24.86,67.01,0.1,Trace,Normal
2023-12-28,Karachi,Karachi,Pakistan,24.86,67.01,1.3,Trace,Normal
2023-12-31,Karachi,Karachi,Pakistan,24.86,67.01,1.1,Trace,Normal
2022-01-10,Lahore,Lahore,Pakistan,31.55,74.35,2.1,Trace,Normal
2022-01-12,Lahore,Lahore,Pakistan,31.55,74.35,1.4,Trace,Normal
2022-01-13,Lahore,Lahore,Pakistan,31.55,74.35,0.1,Trace,Normal
2022-01-14,Lahore,Lahore,Pakistan,31.55,74.35,1.0,Trace,Normal
2022-01-15,Lahore,Lahore,Pakistan,31.55,74.35,5.1,Light,Normal
2022-01-18,Lahore,Lahore,Pakistan,31.55,74.35,0.8,Trace,Normal
2022-01-22,Lahore,Lahore,Pakistan,31.55,74.35,0.3,Trace,Normal
2022-01-24,Lahore,Lahore,Pakistan,31.55,74.35,0.5,Trace,Heatwave
2022-01-25,Lahore,Lahore,Pakistan,31.55,74.35,3.5,Trace,Normal
2022-01-26,Lahore,Lahore,Pakistan,31.55,74.35,4.0,Trace,Normal
2022-01-27,Lahore,Lahore,Pakistan,31.55,74.35,6.4,Light,Normal
2022-01-31,Lahore,Lahore,Pakistan,31.55,74.35,1.4,Trace,Normal
2022-02-01,Lahore,Lahore,Pakistan,31.55,74.35,1.2,Trace,Heatwave
2022-02-02,Lahore,Lahore,Pakistan,31.55,74.35,0.6,Trace,Normal
2022-02-03,Lahore,Lahore,Pakistan,31.55,74.35,0.2,Trace,Normal
2022-02-05,Lahore,Lahore,Pakistan,31.55,74.35,0.1,Trace,Normal
2022-02-09,Lahore,Lahore,Pakistan,31.55,74.35,1.3,Trace,Heatwave
2022-02-11,Lahore,Lahore,Pakistan,31.55,74.35,0.1,Trace,Heatwave
2022-02-13,Lahore,Lahore,Pakistan,31.55,74.35,1.6,Trace,Heatwave
2022-02-14,Lahore,Lahore,Pakistan,31.55,74.35,0.7,Trace,Heatwave
2022-02-20,Lahore,Lahore,Pakistan,31.55,74.35,3.3,Trace,Heatwave
2022-02-22,Lahore,Lahore,Pakistan,31.55,74.35,0.9,Trace,Heatwave
2022-02-27,Lahore,Lahore,Pakistan,31.55,74.35,2.1,Trace,Heatwave
2022-03-03,Lahore,Lahore,Pakistan,31.55,74.35,3.5,Trace,Heatwave
2022-03-04,Lahore,Lahore,Pakistan,31.55,74.35,2.6,Trace,Heatwave
2022-03-05,Lahore,Lahore,Pakistan,31.55,74.35,1.9,Trace,Heatwave
2022-03-07,Lahore,Lahore,Pakistan,31.55,74.35,1.2,Trace,Heatwave
2022-03-11,Lahore,Lahore,Pakistan,31.55,74.35,0.2,Trace,Heatwave
2022-03-12,Lahore,Lahore,Pakistan,31.55,74.35,4.9,Trace,Heatwave
2022-03-13,Lahore,Lahore,Pakistan,31.55,74.35,0.8,Trace,Heatwave
2022-03-14,Lahore,Lahore,Pakistan,31.55,74.35,1.0,Trace,Heatwave
2022-03-17,Lahore,Lahore,Pakistan,31.55,74.35,2.9,Trace,Heatwave
2022-03-19,Lahore,Lahore,Pakistan,31.55,74.35,0.5,Trace,Heatwave
2022-03-20,Lahore,Lahore,Pakistan,31.55,74.35,0.2,Trace,Heatwave
2022-03-24,Lahore,Lahore,Pakistan,31.55,74.35,0.4,Trace,Heatwave
2022-03-31,Lahore,Lahore,Pakistan,31.55,74.35,0.3,Trace,Heatwave
2022-04-01,Lahore,Lahore,Pakistan,31.55,74.35,2.4,Trace,Heatwave
2022-04-02,Lahore,Lahore,Pakistan,31.55,74.35,3.8,Trace,Heatwave
2022-04-04,Lahore,Lahore,Pakistan,31.55,74.35,7.2,Light,Heatwave
2022-04-08,Lahore,Lahore,Pakistan,31.55,74.35,0.4,Trace,Heatwave
2022-04-09,Lahore,Lahore,Pakistan,31.55,74.35,0.8,Trace,Heatwave
2022-04-11,Lahore,Lahore,Pakistan,31.55,74.35,0.7,Trace,Heatwave
2022-04-16,Lahore,Lahore,Pakistan,31.55,74.35,0.4,Trace,Heatwave
2022-04-20,Lahore,Lahore,Pakistan,31.55,74.35,2.0,Trace,Heatwave
2022-04-22,Lahore,Lahore,Pakistan,31.55,74.35,4.0,Trace,Heatwave
2022-04-26,Lahore,Lahore,Pakistan,31.55,74.35,1.2,Trace,Heatwave
2022-05-03,Lahore,Lahore,Pakistan,31.55,74.35,1.0,Trace,Heatwave
2022-05-05,Lahore,Lahore,Pakistan,31.55,74.35,0.2,Trace,Heatwave
2022-05-07,Lahore,Lahore,Pakistan,31.55,74.35,2.7,Trace,Heatwave
2022-05-11,Lahore,Lahore,Pakistan,31.55,74.35,0.5,Trace,Heatwave
2022-05-14,Lahore,Lahore,Pakistan,31.55,74.35,2.6,Trace,Heatwave
2022-05-19,Lahore,Lahore,Pakistan,31.55,74.35,0.9,Trace,Heatwave
2022-05-20,Lahore,Lahore,Pakistan,31.55,74.35,0.6,Trace,Heatwave
2022-05-22,Lahore,Lahore,Pakistan,31.55,74.35,4.4,Trace,Heatwave
2022-05-24,Lahore,Lahore,Pakistan,31.55,74.35,0.8,Trace,Heatwave
2022-05-25,Lahore,Lahore,Pakistan,31.55,74.35,3.4,Trace,Heatwave
2022-05-30,Lahore,Lahore,Pakistan,31.55,74.35,2.3,Trace,Heatwave
2022-06-03,Lahore,Lahore,Pakistan,31.55,74.35,0.3,Trace,Heatwave
2022-06-04,Lahore,Lahore,Pakistan,31.55,74.35,1.1,Trace,Heatwave
2022-06-16,Lahore,Lahore,Pakistan,31.55,74.35,3.2,Trace,Normal
2022-06-18,Lahore,Lahore,Pakistan,31.55,74.35,2.1,Trace,Heatwave
2022-06-19,Lahore,Lahore,Pakistan,31.55,74.35,0.5,Trace,Heatwave
2022-06-20,Lahore,Lahore,Pakistan,31.55,74.35,1.1,Trace,Heatwave
2022-06-27,Lahore,Lahore,Pakistan,31.55,74.35,1.0,Trace,Normal
2022-06-29,Lahore,Lahore,Pakistan,31.55,74.35,1.6,Trace,Normal
2022-07-07,Lahore,Lahore,Pakistan,31.55,74.35,59.1,Extreme,Flood
2022-07-09,Lahore,Lahore,Pakistan,31.55,74.35,2.5,Trace,Heatwave
2022-07-10,Lahore,Lahore,Pakistan,31.55,74.35,6.0,Light,Normal
2022-07-12,Lahore,Lahore,Pakistan,31.55,74.35,6.5,Light,Normal
2022-07-20,Lahore,Lahore,Pakistan,31.55,74.35,0.3,Trace,Normal
2022-07-26,Lahore,Lahore,Pakistan,31.55,74.35,3.4,Trace,Normal
2022-07-29,Lahore,Lahore,Pakistan,31.55,74.35,5.6,Light,Normal
2022-07-30,Lahore,Lahore,Pakistan,31.55,74.35,2.3,Trace,Normal
2022-08-03,Lahore,Lahore,Pakistan,31.55,74.35,1.9,Trace,Normal
2022-08-05,Lahore,Lahore,Pakistan,31.55,74.35,6.4,Light,Normal
2022-08-06,Lahore,Lahore,Pakistan,31.55,74.35,8.6,Light,Normal
2022-08-07,Lahore,Lahore,Pakistan,31.55,74.35,1.3,Trace,Normal
2022-08-10,Lahore,Lahore,Pakistan,31.55,74.35,5.1,Light,Normal
2022-08-13,Lahore,Lahore,Pakistan,31.55,74.35,2.3,Trace,Normal
2022-08-16,Lahore,Lahore,Pakistan,31.55,74.35,17.8,Moderate,Normal
2022-08-20,Lahore,Lahore,Pakistan,31.55,74.35,1.9,Trace,Normal
2022-08-21,Lahore,Lahore,Pakistan,31.55,74.35,6.0,Light,Normal
2022-08-24,Lahore,Lahore,Pakistan,31.55,74.35,0.2,Trace,Normal
2022-08-25,Lahore,Lahore,Pakistan,31.55,74.35,39.9,Heavy,Normal
2022-08-28,Lahore,Lahore,Pakistan,31.55,74.35,7.1,Light,Normal
2022-08-30,Lahore,Lahore,Pakistan,31.55,74.35,8.4,Light,Normal
2022-08-31,Lahore,Lahore,Pakistan,31.55,74.35,7.1,Light,Normal
2022-09-01,Lahore,Lahore,Pakistan,31.55,74.35,19.6,Moderate,Normal
2022-09-11,Lahore,Lahore,Pakistan,31.55,74.35,4.5,Trace,Normal
2022-09-12,Lahore,Lahore,Pakistan,31.55,74.35,1.1,Trace,Normal
2022-09-13,Lahore,Lahore,Pakistan,31.55,74.35,20.6,Moderate,Normal
2022-09-14,Lahore,Lahore,Pakistan,31.55,74.35,1.9,Trace,Normal
2022-09-17,Lahore,Lahore,Pakistan,31.55,74.35,8.0,Light,Normal
2022-09-20,Lahore,Lahore,Pakistan,31.55,74.35,15.8,Moderate,Normal
2022-09-21,Lahore,Lahore,Pakistan,31.55,74.35,14.6,Light,Normal
2022-10-08,Lahore,Lahore,Pakistan,31.55,74.35,1.3,Trace,Normal
2022-10-12,Lahore,Lahore,Pakistan,31.55,74.35,0.2,Trace,Normal
2022-10-13,Lahore,Lahore,Pakistan,31.55,74.35,0.9,Trace,Normal
2022-10-15,Lahore,Lahore,Pakistan,31.55,74.35,0.6,Trace,Normal
2022-10-16,Lahore,Lahore,Pakistan,31.55,74.35,2.9,Trace,Normal
2022-10-20,Lahore,Lahore,Pakistan,31.55,74.35,1.4,Trace,Normal
2022-10-21,Lahore,Lahore,Pakistan,31.55,74.35,0.1,Trace,Normal
2022-10-26,Lahore,Lahore,Pakistan,31.55,74.35,0.7,Trace,Normal
2022-10-27,Lahore,Lahore,Pakistan,31.55,74.35,1.1,Trace,Normal
2022-10-30,Lahore,Lahore,Pakistan,31.55,74.35,0.5,Trace,Normal
2022-11-03,Lahore,Lahore,Pakistan,31.55,74.35,2.0,Trace,Normal
2022-11-06,Lahore,Lahore,Pakistan,31.55,74.35,0.7,Trace,Normal
2022-11-10,Lahore,Lahore,Pakistan,31.55,74.35,0.3,Trace,Normal
2022-11-14,Lahore,Lahore,Pakistan,31.55,74.35,0.2,Trace,Normal
2022-11-17,Lahore,Lahore,Pakistan,31.55,74.35,3.2,Trace,Normal
2022-11-18,Lahore,Lahore,Pakistan,31.55,74.35,1.3,Trace,Normal
2022-11-21,Lahore,Lahore,Pakistan,31.55,74.35,1.6,Trace,Normal
2022-11-22,Lahore,Lahore,Pakistan,31.55,74.35,1.5,Trace,Normal
2022-11-29,Lahore,Lahore,Pakistan,31.55,74.35,0.5,Trace,Normal
2022-11-30,Lahore,Lahore,Pakistan,31.55,74.35,3.4,Trace,Normal
2022-12-01,Lahore,Lahore,Pakistan,31.55,74.35,0.1,Trace,Normal
2022-12-03,Lahore,Lahore,Pakistan,31.55,74.35,0.4,Trace,Normal
2022-12-06,Lahore,Lahore,Pakistan,31.55,74.35,1.1,Trace,Normal
2022-12-08,Lahore,Lahore,Pakistan,31.55,74.35,1.0,Trace,Normal
2022-12-09,Lahore,Lahore,Pakistan,31.55,74.35,1.6,Trace,Normal
2022-12-11,Lahore,Lahore,Pakistan,31.55,74.35,2.5,Trace,Normal
2022-12-12,Lahore,Lahore,Pakistan,31.55,74.35,0.6,Trace,Normal
2022-12-15,Lahore,Lahore,Pakistan,31.55,74.35,2.2,Trace,Normal
2022-12-16,Lahore,Lahore,Pakistan,31.55,74.35,0.3,Trace,Normal
2022-12-18,Lahore,Lahore,Pakistan,31.55,74.35,2.6,Trace,Normal
2022-12-19,Lahore,Lahore,Pakistan,31.55,74.35,2.5,Trace,Normal
2022-12-21,Lahore,Lahore,Pakistan,31.55,74.35,3.2,Trace,Normal
2022-12-23,Lahore,Lahore,Pakistan,31.55,74.35,0.1,Trace,Normal
2022-12-25,Lahore,Lahore,Pakistan,31.55,74.35,0.2,Trace,Normal
2022-12-26,Lahore,Lahore,Pakistan,31.55,74.35,5.1,Light,Normal
2022-12-27,Lahore,Lahore,Pakistan,31.55,74.35,1.5,Trace,Normal
2022-12-29,Lahore,Lahore,Pakistan,31.55,74.35,10.5,Light,Normal
2023-01-01,Lahore,Lahore,Pakistan,31.55,74.35,0.1,Trace,Normal
2023-01-05,Lahore,Lahore,Pakistan,31.55,74.35,1.1,Trace,Normal
2023-01-09,Lahore,Lahore,Pakistan,31.55,74.35,1.4,Trace,Normal
2023-01-10,Lahore,Lahore,Pakistan,31.55,74.35,1.5,Trace,Normal
2023-01-11,Lahore,Lahore,Pakistan,31.55,74.35,2.6,Trace,Normal
2023-01-13,Lahore,Lahore,Pakistan,31.55,74.35,0.7,Trace,Normal
2023-01-18,Lahore,Lahore,Pakistan,31.55,74.35,1.0,Trace,Normal
2023-01-21,Lahore,Lahore,Pakistan,31.55,74.35,2.7,Trace,Normal
2023-01-22,Lahore,Lahore,Pakistan,31.55,74.35,4.3,Trace,Normal
2023-01-25,Lahore,Lahore,Pakistan,31.55,74.35,2.5,Trace,Normal
2023-01-28,Lahore,Lahore,Pakistan,31.55,74.35,0.6,Trace,Normal
2023-02-02,Lahore,Lahore,Pakistan,31.55,74.35,0.4,Trace,Heatwave
2023-02-03,Lahore,Lahore,Pakistan,31.55,74.35,1.8,Trace,Normal
2023-02-06,Lahore,Lahore,Pakistan,31.55,74.35,1.4,Trace,Normal
2023-02-11,Lahore,Lahore,Pakistan,31.55,74.35,2.9,Trace,Heatwave
2023-02-14,Lahore,Lahore,Pakistan,31.55,74.35,0.9,Trace,Normal
2023-02-15,Lahore,Lahore,Pakistan,31.55,74.35,0.6,Trace,Heatwave
2023-02-17,Lahore,Lahore,Pakistan,31.55,74.35,3.4,Trace,Heatwave
2023-02-19,Lahore,Lahore,Pakistan,31.55,74.35,0.4,Trace,Heatwave
2023-02-23,Lahore,Lahore,Pakistan,31.55,74.35,0.2,Trace,Heatwave
2023-02-25,Lahore,Lahore,Pakistan,31.55,74.35,1.8,Trace,Heatwave
2023-02-28,Lahore,Lahore,Pakistan,31.55,74.35,0.7,Trace,Heatwave
2023-03-03,Lahore,Lahore,Pakistan,31.55,74.35,0.9,Trace,Heatwave
2023-03-06,Lahore,Lahore,Pakistan,31.55,74.35,0.8,Trace,Heatwave
2023-03-12,Lahore,Lahore,Pakistan,31.55,74.35,0.9,Trace,Heatwave
2023-03-17,Lahore,Lahore,Pakistan,31.55,74.35,0.9,Trace,Heatwave
2023-03-18,Lahore,Lahore,Pakistan,31.55,74.35,2.4,Trace,Heatwave
2023-03-23,Lahore,Lahore,Pakistan,31.55,74.35,1.6,Trace,Heatwave
2023-03-24,Lahore,Lahore,Pakistan,31.55,74.35,3.5,Trace,Heatwave
2023-03-26,Lahore,Lahore,Pakistan,31.55,74.35,1.8,Trace,Heatwave
2023-03-28,Lahore,Lahore,Pakistan,31.55,74.35,2.7,Trace,Heatwave
2023-03-30,Lahore,Lahore,Pakistan,31.55,74.35,0.5,Trace,Heatwave
2023-03-31,Lahore,Lahore,Pakistan,31.55,74.35,1.3,Trace,Heatwave
2023-04-04,Lahore,Lahore,Pakistan,31.55,74.35,1.6,Trace,Heatwave
2023-04-05,Lahore,Lahore,Pakistan,31.55,74.35,1.4,Trace,Heatwave
2023-04-09,Lahore,Lahore,Pakistan,31.55,74.35,2.4,Trace,Heatwave
2023-04-15,Lahore,Lahore,Pakistan,31.55,74.35,0.8,Trace,Heatwave
2023-04-17,Lahore,Lahore,Pakistan,31.55,74.35,6.7,Light,Heatwave
2023-04-27,Lahore,Lahore,Pakistan,31.55,74.35,5.5,Light,Heatwave
2023-05-03,Lahore,Lahore,Pakistan,31.55,74.35,1.3,Trace,Heatwave
2023-05-04,Lahore,Lahore,Pakistan,31.55,74.35,0.7,Trace,Heatwave
2023-05-06,Lahore,Lahore,Pakistan,31.55,74.35,1.8,Trace,Heatwave
2023-05-10,Lahore,Lahore,Pakistan,31.55,74.35,0.2,Trace,Heatwave
2023-05-13,Lahore,Lahore,Pakistan,31.55,74.35,0.4,Trace,Heatwave
2023-05-17,Lahore,Lahore,Pakistan,31.55,74.35,7.8,Light,Heatwave
2023-05-18,Lahore,Lahore,Pakistan,31.55,74.35,1.1,Trace,Heatwave
2023-05-20,Lahore,Lahore,Pakistan,31.55,74.35,4.4,Trace,Heatwave
2023-05-22,Lahore,Lahore,Pakistan,31.55,74.35,0.3,Trace,Heatwave
2023-05-23,Lahore,Lahore,Pakistan,31.55,74.35,6.5,Light,Heatwave
2023-05-24,Lahore,Lahore,Pakistan,31.55,74.35,0.4,Trace,Heatwave
2023-06-02,Lahore,Lahore,Pakistan,31.55,74.35,0.8,Trace,Heatwave
2023-06-04,Lahore,Lahore,Pakistan,31.55,74.35,2.1,Trace,Heatwave
2023-06-05,Lahore,Lahore,Pakistan,31.55,74.35,0.7,Trace,Normal
2023-06-06,Lahore,Lahore,Pakistan,31.55,74.35,1.0,Trace,Heatwave
2023-06-07,Lahore,Lahore,Pakistan,31.55,74.35,4.9,Trace,Heatwave
2023-06-10,Lahore,Lahore,Pakistan,31.55,74.35,3.6,Trace,Heatwave
2023-06-14,Lahore,Lahore,Pakistan,31.55,74.35,1.1,Trace,Heatwave
2023-06-18,Lahore,Lahore,Pakistan,31.55,74.35,0.2,Trace,Heatwave
2023-06-19,Lahore,Lahore,Pakistan,31.55,74.35,7.1,Light,Heatwave
2023-06-20,Lahore,Lahore,Pakistan,31.55,74.35,1.4,Trace,Normal
2023-06-23,Lahore,Lahore,Pakistan,31.55,74.35,5.0,Trace,Heatwave
2023-06-25,Lahore,Lahore,Pakistan,31.55,74.35,2.4,Trace,Heatwave
2023-06-27,Lahore,Lahore,Pakistan,31.55,74.35,4.2,Trace,Heatwave
2023-06-28,Lahore,Lahore,Pakistan,31.55,74.35,1.1,Trace,Normal
2023-06-30,Lahore,Lahore,Pakistan,31.55,74.35,2.1,Trace,Normal
2023-07-05,Lahore,Lahore,Pakistan,31.55,74.35,6.0,Light,Normal
2023-07-10,Lahore,Lahore,Pakistan,31.55,74.35,0.5,Trace,Normal
2023-07-12,Lahore,Lahore,Pakistan,31.55,74.35,4.2,Trace,Normal
2023-07-13,Lahore,Lahore,Pakistan,31.55,74.35,15.9,Moderate,Heatwave
2023-07-15,Lahore,Lahore,Pakistan,31.55,74.35,38.6,Heavy,Normal
2023-07-16,Lahore,Lahore,Pakistan,31.55,74.35,1.0,Trace,Normal
2023-07-20,Lahore,Lahore,Pakistan,31.55,74.35,3.2,Trace,Normal
2023-07-22,Lahore,Lahore,Pakistan,31.55,74.35,9.7,Light,Normal
2023-07-29,Lahore,Lahore,Pakistan,31.55,74.35,0.1,Trace,Normal
2023-07-30,Lahore,Lahore,Pakistan,31.55,74.35,16.4,Moderate,Normal
2023-07-31,Lahore,Lahore,Pakistan,31.55,74.35,2.0,Trace,Normal
2023-08-03,Lahore,Lahore,Pakistan,31.55,74.35,10.1,Light,Normal
2023-08-07,Lahore,Lahore,Pakistan,31.55,74.35,1.2,Trace,Normal
2023-08-13,Lahore,Lahore,Pakistan,31.55,74.35,0.4,Trace,Normal
2023-08-15,Lahore,Lahore,Pakistan,31.55,74.35,13.9,Light,Normal
2023-08-22,Lahore,Lahore,Pakistan,31.55,74.35,4.1,Trace,Normal
2023-08-25,Lahore,Lahore,Pakistan,31.55,74.35,8.8,Light,Normal
2023-08-29,Lahore,Lahore,Pakistan,31.55,74.35,28.1,Moderate,Normal
2023-08-31,Lahore,Lahore,Pakistan,31.55,74.35,3.1,Trace,Normal
2023-09-04,Lahore,Lahore,Pakistan,31.55,74.35,11.1,Light,Normal
2023-09-13,Lahore,Lahore,Pakistan,31.55,74.35,3.0,Trace,Normal
2023-09-14,Lahore,Lahore,Pakistan,31.55,74.35,1.5,Trace,Normal
2023-09-19,Lahore,Lahore,Pakistan,31.55,74.35,2.1,Trace,Normal
2023-09-23,Lahore,Lahore,Pakistan,31.55,74.35,5.2,Light,Normal
2023-09-24,Lahore,Lahore,Pakistan,31.55,74.35,35.0,Heavy,Normal
2023-09-26,Lahore,Lahore,Pakistan,31.55,74.35,11.0,Light,Normal
2023-10-03,Lahore,Lahore,Pakistan,31.55,74.35,2.0,Trace,Normal
2023-10-04,Lahore,Lahore,Pakistan,31.55,74.35,2.1,Trace,Normal
2023-10-07,Lahore,Lahore,Pakistan,31.55,74.35,0.4,Trace,Normal
2023-10-11,Lahore,Lahore,Pakistan,31.55,74.35,0.2,Trace,Normal
2023-10-13,Lahore,Lahore,Pakistan,31.55,74.35,0.7,Trace,Normal
2023-10-20,Lahore,Lahore,Pakistan,31.55,74.35,1.1,Trace,Normal
2023-10-28,Lahore,Lahore,Pakistan,31.55,74.35,0.3,Trace,Normal
2023-10-31,Lahore,Lahore,Pakistan,31.55,74.35,1.4,Trace,Normal
2023-11-07,Lahore,Lahore,Pakistan,31.55,74.35,5.2,Light,Normal
2023-11-08,Lahore,Lahore,Pakistan,31.55,74.35,1.7,Trace,Normal
2023-11-10,Lahore,Lahore,Pakistan,31.55,74.35,0.5,Trace,Normal
2023-11-13,Lahore,Lahore,Pakistan,31.55,74.35,1.2,Trace,Normal
2023-11-16,Lahore,Lahore,Pakistan,31.55,74.35,0.3,Trace,Normal
2023-11-18,Lahore,Lahore,Pakistan,31.55,74.35,5.1,Light,Normal
2023-11-21,Lahore,Lahore,Pakistan,31.55,74.35,0.2,Trace,Normal
2023-11-22,Lahore,Lahore,Pakistan,31.55,74.35,3.3,Trace,Normal
2023-11-24,Lahore,Lahore,Pakistan,31.55,74.35,2.0,Trace,Normal
2023-11-25,Lahore,Lahore,Pakistan,31.55,74.35,0.2,Trace,Normal
2023-11-29,Lahore,Lahore,Pakistan,31.55,74.35,1.4,Trace,Normal
2023-11-30,Lahore,Lahore,Pakistan,31.55,74.35,6.6,Light,Normal
2023-12-04,Lahore,Lahore,Pakistan,31.55,74.35,1.2,Trace,Normal
2023-12-05,Lahore,Lahore,Pakistan,31.55,74.35,2.4,Trace,Normal
2023-12-07,Lahore,Lahore,Pakistan,31.55,74.35,0.2,Trace,Normal
2023-12-19,Lahore,Lahore,Pakistan,31.55,74.35,3.5,Trace,Normal
2023-12-20,Lahore,Lahore,Pakistan,31.55,74.35,0.4,Trace,Normal
2023-12-21,Lahore,Lahore,Pakistan,31.55,74.35,4.1,Trace,Normal
2023-12-24,Lahore,Lahore,Pakistan,31.55,74.35,4.4,Trace,Normal
2023-12-27,Lahore,Lahore,Pakistan,31.55,74.35,0.2,Trace,Normal
2022-01-03,Islamabad,Islamabad,Pakistan,33.72,73.04,0.3,Trace,Normal
2022-01-04,Islamabad,Islamabad,Pakistan,33.72,73.04,0.9,Trace,Normal
2022-01-06,Islamabad,Islamabad,Pakistan,33.72,73.04,0.2,Trace,Normal
2022-01-07,Islamabad,Islamabad,Pakistan,33.72,73.04,0.8,Trace,Normal
2022-01-12,Islamabad,Islamabad,Pakistan,33.72,73.04,0.4,Trace,Normal
2022-01-15,Islamabad,Islamabad,Pakistan,33.72,73.04,4.7,Trace,Normal
2022-01-17,Islamabad,Islamabad,Pakistan,33.72,73.04,5.1,Light,Normal
2022-01-21,Islamabad,Islamabad,Pakistan,33.72,73.04,2.0,Trace,Normal
2022-01-22,Islamabad,Islamabad,Pakistan,33.72,73.04,5.1,Light,Normal
2022-01-26,Islamabad,Islamabad,Pakistan,33.72,73.04,3.6,Trace,Normal
2022-01-28,Islamabad,Islamabad,Pakistan,33.72,73.04,1.5,Trace,Normal
2022-02-03,Islamabad,Islamabad,Pakistan,33.72,73.04,1.1,Trace,Normal
2022-02-07,Islamabad,Islamabad,Pakistan,33.72,73.04,0.8,Trace,Normal
2022-02-09,Islamabad,Islamabad,Pakistan,33.72,73.04,1.3,Trace,Normal
2022-02-12,Islamabad,Islamabad,Pakistan,33.72,73.04,0.8,Trace,Normal
2022-02-16,Islamabad,Islamabad,Pakistan,33.72,73.04,1.9,Trace,Normal
2022-02-17,Islamabad,Islamabad,Pakistan,33.72,73.04,0.5,Trace,Normal
2022-02-18,Islamabad,Islamabad,Pakistan,33.72,73.04,3.1,Trace,Normal
2022-02-24,Islamabad,Islamabad,Pakistan,33.72,73.04,5.9,Light,Normal
2022-02-25,Islamabad,Islamabad,Pakistan,33.72,73.04,0.2,Trace,Normal
2022-02-27,Islamabad,Islamabad,Pakistan,33.72,73.04,4.2,Trace,Heatwave
2022-03-03,Islamabad,Islamabad,Pakistan,33.72,73.04,0.6,Trace,Normal
2022-03-05,Islamabad,Islamabad,Pakistan,33.72,73.04,0.5,Trace,Normal
2022-03-07,Islamabad,Islamabad,Pakistan,33.72,73.04,2.7,Trace,Heatwave
2022-03-08,Islamabad,Islamabad,Pakistan,33.72,73.04,0.8,Trace,Heatwave
2022-03-10,Islamabad,Islamabad,Pakistan,33.72,73.04,3.5,Trace,Heatwave
2022-03-19,Islamabad,Islamabad,Pakistan,33.72,73.04,1.3,Trace,Heatwave
2022-03-20,Islamabad,Islamabad,Pakistan,33.72,73.04,0.8,Trace,Normal
2022-03-21,Islamabad,Islamabad,Pakistan,33.72,73.04,0.1,Trace,Heatwave
2022-03-22,Islamabad,Islamabad,Pakistan,33.72,73.04,0.7,Trace,Heatwave
2022-03-26,Islamabad,Islamabad,Pakistan,33.72,73.04,2.7,Trace,Heatwave
2022-03-31,Islamabad,Islamabad,Pakistan,33.72,73.04,3.8,Trace,Heatwave
2022-04-03,Islamabad,Islamabad,Pakistan,33.72,73.04,6.1,Light,Heatwave
2022-04-07,Islamabad,Islamabad,Pakistan,33.72,73.04,1.2,Trace,Heatwave
2022-04-08,Islamabad,Islamabad,Pakistan,33.72,73.04,0.7,Trace,Heatwave
2022-04-10,Islamabad,Islamabad,Pakistan,33.72,73.04,1.5,Trace,Heatwave
2022-04-11,Islamabad,Islamabad,Pakistan,33.72,73.04,0.3,Trace,Normal
2022-04-12,Islamabad,Islamabad,Pakistan,33.72,73.04,3.4,Trace,Heatwave
2022-04-14,Islamabad,Islamabad,Pakistan,33.72,73.04,0.8,Trace,Heatwave
2022-04-15,Islamabad,Islamabad,Pakistan,33.72,73.04,1.4,Trace,Heatwave
2022-04-21,Islamabad,Islamabad,Pakistan,33.72,73.04,2.5,Trace,Heatwave
2022-04-23,Islamabad,Islamabad,Pakistan,33.72,73.04,2.3,Trace,Heatwave
2022-04-24,Islamabad,Islamabad,Pakistan,33.72,73.04,1.6,Trace,Heatwave
2022-04-25,Islamabad,Islamabad,Pakistan,33.72,73.04,1.7,Trace,Heatwave
2022-04-27,Islamabad,Islamabad,Pakistan,33.72,73.04,2.6,Trace,Heatwave
2022-04-28,Islamabad,Islamabad,Pakistan,33.72,73.04,0.2,Trace,Heatwave
2022-04-29,Islamabad,Islamabad,Pakistan,33.72,73.04,1.9,Trace,Heatwave
2022-04-30,Islamabad,Islamabad,Pakistan,33.72,73.04,1.2,Trace,Heatwave
2022-05-01,Islamabad,Islamabad,Pakistan,33.72,73.04,0.3,Trace,Heatwave
2022-05-03,Islamabad,Islamabad,Pakistan,33.72,73.04,2.4,Trace,Heatwave
2022-05-06,Islamabad,Islamabad,Pakistan,33.72,73.04,0.1,Trace,Heatwave
2022-05-07,Islamabad,Islamabad,Pakistan,33.72,73.04,1.6,Trace,Heatwave
2022-05-09,Islamabad,Islamabad,Pakistan,33.72,73.04,0.4,Trace,Heatwave
2022-05-11,Islamabad,Islamabad,Pakistan,33.72,73.04,1.0,Trace,Heatwave
2022-05-12,Islamabad,Islamabad,Pakistan,33.72,73.04,0.5,Trace,Heatwave
2022-05-17,Islamabad,Islamabad,Pakistan,33.72,73.04,3.2,Trace,Normal
2022-05-18,Islamabad,Islamabad,Pakistan,33.72,73.04,6.6,Light,Heatwave
2022-05-25,Islamabad,Islamabad,Pakistan,33.72,73.04,1.5,Trace,Heatwave
2022-06-01,Islamabad,Islamabad,Pakistan,33.72,73.04,0.7,Trace,Heatwave
2022-06-03,Islamabad,Islamabad,Pakistan,33.72,73.04,0.6,Trace,Normal
2022-06-10,Islamabad,Islamabad,Pakistan,33.72,73.04,1.7,Trace,Normal
2022-06-13,Islamabad,Islamabad,Pakistan,33.72,73.04,3.0,Trace,Normal
2022-06-20,Islamabad,Islamabad,Pakistan,33.72,73.04,0.4,Trace,Normal
2022-06-26,Islamabad,Islamabad,Pakistan,33.72,73.04,0.8,Trace,Heatwave
2022-06-27,Islamabad,Islamabad,Pakistan,33.72,73.04,4.8,Trace,Normal
2022-06-29,Islamabad,Islamabad,Pakistan,33.72,73.04,6.8,Light,Normal
2022-06-30,Islamabad,Islamabad,Pakistan,33.72,73.04,4.7,Trace,Normal
2022-07-01,Islamabad,Islamabad,Pakistan,33.72,73.04,11.3,Light,Normal
2022-07-05,Islamabad,Islamabad,Pakistan,33.72,73.04,11.5,Light,Normal
2022-07-09,Islamabad,Islamabad,Pakistan,33.72,73.04,16.0,Moderate,Normal
2022-07-12,Islamabad,Islamabad,Pakistan,33.72,73.04,6.2,Light,Normal
2022-07-13,Islamabad,Islamabad,Pakistan,33.72,73.04,35.4,Heavy,Normal
2022-07-14,Islamabad,Islamabad,Pakistan,33.72,73.04,20.0,Moderate,Normal
2022-07-23,Islamabad,Islamabad,Pakistan,33.72,73.04,16.5,Moderate,Normal
2022-07-28,Islamabad,Islamabad,Pakistan,33.72,73.04,9.1,Light,Normal
2022-07-30,Islamabad,Islamabad,Pakistan,33.72,73.04,2.1,Trace,Normal
2022-07-31,Islamabad,Islamabad,Pakistan,33.72,73.04,13.1,Light,Normal
2022-08-05,Islamabad,Islamabad,Pakistan,33.72,73.04,16.6,Moderate,Normal
2022-08-10,Islamabad,Islamabad,Pakistan,33.72,73.04,3.0,Trace,Normal
2022-08-11,Islamabad,Islamabad,Pakistan,33.72,73.04,15.6,Moderate,Normal
2022-08-14,Islamabad,Islamabad,Pakistan,33.72,73.04,1.6,Trace,Normal
2022-08-16,Islamabad,Islamabad,Pakistan,33.72,73.04,16.3,Moderate,Normal
2022-08-17,Islamabad,Islamabad,Pakistan,33.72,73.04,17.1,Moderate,Normal
2022-08-19,Islamabad,Islamabad,Pakistan,33.72,73.04,3.3,Trace,Normal
2022-08-20,Islamabad,Islamabad,Pakistan,33.72,73.04,4.4,Trace,Normal
2022-08-24,Islamabad,Islamabad,Pakistan,33.72,73.04,1.3,Trace,Normal
2022-08-25,Islamabad,Islamabad,Pakistan,33.72,73.04,14.6,Light,Normal
2022-08-27,Islamabad,Islamabad,Pakistan,33.72,73.04,20.4,Moderate,Normal
2022-08-28,Islamabad,Islamabad,Pakistan,33.72,73.04,6.5,Light,Normal
2022-08-29,Islamabad,Islamabad,Pakistan,33.72,73.04,2.0,Trace,Normal
2022-08-31,Islamabad,Islamabad,Pakistan,33.72,73.04,11.3,Light,Normal
2022-09-05,Islamabad,Islamabad,Pakistan,33.72,73.04,29.3,Moderate,Normal
2022-09-07,Islamabad,Islamabad,Pakistan,33.72,73.04,34.1,Heavy,Normal
2022-09-11,Islamabad,Islamabad,Pakistan,33.72,73.04,0.1,Trace,Normal
2022-09-12,Islamabad,Islamabad,Pakistan,33.72,73.04,1.0,Trace,Normal
2022-09-18,Islamabad,Islamabad,Pakistan,33.72,73.04,0.7,Trace,Normal
2022-09-19,Islamabad,Islamabad,Pakistan,33.72,73.04,11.5,Light,Normal
2022-09-23,Islamabad,Islamabad,Pakistan,33.72,73.04,12.4,Light,Normal
2022-09-27,Islamabad,Islamabad,Pakistan,33.72,73.04,2.6,Trace,Normal
2022-09-28,Islamabad,Islamabad,Pakistan,33.72,73.04,1.1,Trace,Normal
2022-10-08,Islamabad,Islamabad,Pakistan,33.72,73.04,7.2,Light,Normal
2022-10-10,Islamabad,Islamabad,Pakistan,33.72,73.04,0.5,Trace,Normal
2022-10-11,Islamabad,Islamabad,Pakistan,33.72,73.04,0.9,Trace,Normal
2022-10-16,Islamabad,Islamabad,Pakistan,33.72,73.04,1.5,Trace,Normal
2022-10-22,Islamabad,Islamabad,Pakistan,33.72,73.04,1.1,Trace,Normal
2022-10-23,Islamabad,Islamabad,Pakistan,33.72,73.04,1.1,Trace,Normal
2022-10-24,Islamabad,Islamabad,Pakistan,33.72,73.04,6.8,Light,Normal
2022-10-25,Islamabad,Islamabad,Pakistan,33.72,73.04,6.5,Light,Normal
2022-10-26,Islamabad,Islamabad,Pakistan,33.72,73.04,2.6,Trace,Normal
2022-10-28,Islamabad,Islamabad,Pakistan,33.72,73.04,0.8,Trace,Normal
2022-10-30,Islamabad,Islamabad,Pakistan,33.72,73.04,5.0,Trace,Normal
2022-10-31,Islamabad,Islamabad,Pakistan,33.72,73.04,0.6,Trace,Normal
2022-11-04,Islamabad,Islamabad,Pakistan,33.72,73.04,0.3,Trace,Normal
2022-11-05,Islamabad,Islamabad,Pakistan,33.72,73.04,0.2,Trace,Normal
2022-11-12,Islamabad,Islamabad,Pakistan,33.72,73.04,0.4,Trace,Normal
2022-11-15,Islamabad,Islamabad,Pakistan,33.72,73.04,1.2,Trace,Normal
2022-11-22,Islamabad,Islamabad,Pakistan,33.72,73.04,2.0,Trace,Normal
2022-11-24,Islamabad,Islamabad,Pakistan,33.72,73.04,10.5,Light,Normal
2022-11-25,Islamabad,Islamabad,Pakistan,33.72,73.04,3.5,Trace,Normal
2022-11-26,Islamabad,Islamabad,Pakistan,33.72,73.04,2.7,Trace,Normal
2022-11-27,Islamabad,Islamabad,Pakistan,33.72,73.04,2.1,Trace,Normal
2022-11-28,Islamabad,Islamabad,Pakistan,33.72,73.04,2.3,Trace,Normal
2022-11-30,Islamabad,Islamabad,Pakistan,33.72,73.04,0.2,Trace,Normal
2022-12-01,Islamabad,Islamabad,Pakistan,33.72,73.04,3.1,Trace,Normal
2022-12-07,Islamabad,Islamabad,Pakistan,33.72,73.04,2.1,Trace,Normal
2022-12-11,Islamabad,Islamabad,Pakistan,33.72,73.04,0.6,Trace,Normal
2022-12-12,Islamabad,Islamabad,Pakistan,33.72,73.04,3.4,Trace,Normal
2022-12-14,Islamabad,Islamabad,Pakistan,33.72,73.04,0.2,Trace,Normal
2022-12-18,Islamabad,Islamabad,Pakistan,33.72,73.04,0.3,Trace,Normal
2022-12-24,Islamabad,Islamabad,Pakistan,33.72,73.04,1.0,Trace,Normal
2022-12-27,Islamabad,Islamabad,Pakistan,33.72,73.04,0.6,Trace,Normal
2023-01-01,Islamabad,Islamabad,Pakistan,33.72,73.04,0.8,Trace,Normal
2023-01-02,Islamabad,Islamabad,Pakistan,33.72,73.04,6.4,Light,Normal
2023-01-04,Islamabad,Islamabad,Pakistan,33.72,73.04,1.0,Trace,Normal
2023-01-06,Islamabad,Islamabad,Pakistan,33.72,73.04,0.9,Trace,Normal
2023-01-07,Islamabad,Islamabad,Pakistan,33.72,73.04,5.4,Light,Normal
2023-01-12,Islamabad,Islamabad,Pakistan,33.72,73.04,0.4,Trace,Normal
2023-01-15,Islamabad,Islamabad,Pakistan,33.72,73.04,3.8,Trace,Normal
2023-01-17,Islamabad,Islamabad,Pakistan,33.72,73.04,0.3,Trace,Normal
2023-01-18,Islamabad,Islamabad,Pakistan,33.72,73.04,1.2,Trace,Normal
2023-01-19,Islamabad,Islamabad,Pakistan,33.72,73.04,1.6,Trace,Normal
2023-01-25,Islamabad,Islamabad,Pakistan,33.72,73.04,1.1,Trace,Normal
2023-01-26,Islamabad,Islamabad,Pakistan,33.72,73.04,5.8,Light,Normal
2023-01-27,Islamabad,Islamabad,Pakistan,33.72,73.04,0.2,Trace,Normal
2023-01-28,Islamabad,Islamabad,Pakistan,33.72,73.04,1.8,Trace,Normal
2023-01-30,Islamabad,Islamabad,Pakistan,33.72,73.04,1.1,Trace,Normal
2023-02-05,Islamabad,Islamabad,Pakistan,33.72,73.04,3.3,Trace,Normal
2023-02-12,Islamabad,Islamabad,Pakistan,33.72,73.04,2.1,Trace,Normal
2023-02-13,Islamabad,Islamabad,Pakistan,33.72,73.04,0.4,Trace,Normal
2023-02-17,Islamabad,Islamabad,Pakistan,33.72,73.04,4.5,Trace,Normal
2023-02-18,Islamabad,Islamabad,Pakistan,33.72,73.04,2.5,Trace,Normal
2023-02-27,Islamabad,Islamabad,Pakistan,33.72,73.04,0.4,Trace,Normal
2023-02-28,Islamabad,Islamabad,Pakistan,33.72,73.04,0.2,Trace,Normal
2023-03-01,Islamabad,Islamabad,Pakistan,33.72,73.04,0.6,Trace,Normal
2023-03-02,Islamabad,Islamabad,Pakistan,33.72,73.04,7.9,Light,Heatwave
2023-03-04,Islamabad,Islamabad,Pakistan,33.72,73.04,10.5,Light,Normal
2023-03-06,Islamabad,Islamabad,Pakistan,33.72,73.04,4.5,Trace,Heatwave
2023-03-08,Islamabad,Islamabad,Pakistan,33.72,73.04,1.7,Trace,Normal
2023-03-09,Islamabad,Islamabad,Pakistan,33.72,73.04,2.9,Trace,Heatwave
2023-03-13,Islamabad,Islamabad,Pakistan,33.72,73.04,1.7,Trace,Heatwave
2023-03-14,Islamabad,Islamabad,Pakistan,33.72,73.04,0.1,Trace,Heatwave
2023-03-16,Islamabad,Islamabad,Pakistan,33.72,73.04,9.2,Light,Heatwave
2023-03-25,Islamabad,Islamabad,Pakistan,33.72,73.04,0.5,Trace,Heatwave
2023-03-26,Islamabad,Islamabad,Pakistan,33.72,73.04,1.6,Trace,Heatwave
2023-03-27,Islamabad,Islamabad,Pakistan,33.72,73.04,0.1,Trace,Normal
2023-03-29,Islamabad,Islamabad,Pakistan,33.72,73.04,1.8,Trace,Heatwave
2023-03-30,Islamabad,Islamabad,Pakistan,33.72,73.04,0.2,Trace,Normal
2023-03-31,Islamabad,Islamabad,Pakistan,33.72,73.04,1.7,Trace,Heatwave
2023-04-04,Islamabad,Islamabad,Pakistan,33.72,73.04,3.8,Trace,Normal
2023-04-06,Islamabad,Islamabad,Pakistan,33.72,73.04,0.1,Trace,Heatwave
2023-04-07,Islamabad,Islamabad,Pakistan,33.72,73.04,4.9,Trace,Heatwave
2023-04-10,Islamabad,Islamabad,Pakistan,33.72,73.04,0.4,Trace,Normal
2023-04-11,Islamabad,Islamabad,Pakistan,33.72,73.04,5.1,Light,Heatwave
2023-04-12,Islamabad,Islamabad,Pakistan,33.72,73.04,6.9,Light,Heatwave
2023-04-14,Islamabad,Islamabad,Pakistan,33.72,73.04,2.7,Trace,Heatwave
2023-04-17,Islamabad,Islamabad,Pakistan,33.72,73.04,7.3,Light,Normal
2023-04-25,Islamabad,Islamabad,Pakistan,33.72,73.04,2.2,Trace,Heatwave
2023-04-28,Islamabad,Islamabad,Pakistan,33.72,73.04,5.3,Light,Heatwave
2023-04-29,Islamabad,Islamabad,Pakistan,33.72,73.04,0.1,Trace,Heatwave
2023-04-30,Islamabad,Islamabad,Pakistan,33.72,73.04,1.6,Trace,Heatwave
2023-05-02,Islamabad,Islamabad,Pakistan,33.72,73.04,3.2,Trace,Heatwave
2023-05-03,Islamabad,Islamabad,Pakistan,33.72,73.04,1.0,Trace,Heatwave
2023-05-05,Islamabad,Islamabad,Pakistan,33.72,73.04,2.0,Trace,Heatwave
2023-05-10,Islamabad,Islamabad,Pakistan,33.72,73.04,0.4,Trace,Normal
2023-05-14,Islamabad,Islamabad,Pakistan,33.72,73.04,3.0,Trace,Heatwave
2023-05-16,Islamabad,Islamabad,Pakistan,33.72,73.04,0.1,Trace,Normal
2023-05-17,Islamabad,Islamabad,Pakistan,33.72,73.04,1.5,Trace,Heatwave
2023-05-19,Islamabad,Islamabad,Pakistan,33.72,73.04,3.5,Trace,Normal
2023-05-20,Islamabad,Islamabad,Pakistan,33.72,73.04,4.2,Trace,Normal
2023-05-29,Islamabad,Islamabad,Pakistan,33.72,73.04,0.5,Trace,Normal
2023-05-30,Islamabad,Islamabad,Pakistan,33.72,73.04,1.9,Trace,Heatwave
2023-06-01,Islamabad,Islamabad,Pakistan,33.72,73.04,0.9,Trace,Heatwave
2023-06-03,Islamabad,Islamabad,Pakistan,33.72,73.04,3.1,Trace,Heatwave
2023-06-06,Islamabad,Islamabad,Pakistan,33.72,73.04,0.2,Trace,Normal
2023-06-07,Islamabad,Islamabad,Pakistan,33.72,73.04,2.0,Trace,Normal
2023-06-10,Islamabad,Islamabad,Pakistan,33.72,73.04,0.3,Trace,Normal
2023-06-11,Islamabad,Islamabad,Pakistan,33.72,73.04,3.6,Trace,Normal
2023-06-12,Islamabad,Islamabad,Pakistan,33.72,73.04,2.6,Trace,Heatwave
2023-06-14,Islamabad,Islamabad,Pakistan,33.72,73.04,1.8,Trace,Normal
2023-06-16,Islamabad,Islamabad,Pakistan,33.72,73.04,0.2,Trace,Normal
2023-06-20,Islamabad,Islamabad,Pakistan,33.72,73.04,0.5,Trace,Normal
2023-06-24,Islamabad,Islamabad,Pakistan,33.72,73.04,6.6,Light,Normal
2023-06-27,Islamabad,Islamabad,Pakistan,33.72,73.04,2.8,Trace,Normal
2023-07-07,Islamabad,Islamabad,Pakistan,33.72,73.04,0.8,Trace,Normal
2023-07-08,Islamabad,Islamabad,Pakistan,33.72,73.04,4.0,Trace,Normal
2023-07-11,Islamabad,Islamabad,Pakistan,33.72,73.04,6.1,Light,Normal
2023-07-13,Islamabad,Islamabad,Pakistan,33.72,73.04,6.4,Light,Normal
2023-07-15,Islamabad,Islamabad,Pakistan,33.72,73.04,9.0,Light,Normal
2023-07-16,Islamabad,Islamabad,Pakistan,33.72,73.04,4.3,Trace,Normal
2023-07-17,Islamabad,Islamabad,Pakistan,33.72,73.04,18.0,Moderate,Normal
2023-07-18,Islamabad,Islamabad,Pakistan,33.72,73.04,3.9,Trace,Normal
2023-07-26,Islamabad,Islamabad,Pakistan,33.72,73.04,28.6,Moderate,Normal
2023-07-28,Islamabad,Islamabad,Pakistan,33.72,73.04,9.3,Light,Normal
2023-07-29,Islamabad,Islamabad,Pakistan,33.72,73.04,2.5,Trace,Normal
2023-07-31,Islamabad,Islamabad,Pakistan,33.72,73.04,2.7,Trace,Normal
2023-08-02,Islamabad,Islamabad,Pakistan,33.72,73.04,7.8,Light,Normal
2023-08-15,Islamabad,Islamabad,Pakistan,33.72,73.04,9.9,Light,Normal
2023-08-16,Islamabad,Islamabad,Pakistan,33.72,73.04,5.9,Light,Normal
2023-08-18,Islamabad,Islamabad,Pakistan,33.72,73.04,3.6,Trace,Normal
2023-08-24,Islamabad,Islamabad,Pakistan,33.72,73.04,0.7,Trace,Normal
2023-09-03,Islamabad,Islamabad,Pakistan,33.72,73.04,29.9,Moderate,Normal
2023-09-04,Islamabad,Islamabad,Pakistan,33.72,73.04,5.4,Light,Normal
2023-09-10,Islamabad,Islamabad,Pakistan,33.72,73.04,40.6,Heavy,Normal
2023-09-11,Islamabad,Islamabad,Pakistan,33.72,73.04,14.1,Light,Normal
2023-09-15,Islamabad,Islamabad,Pakistan,33.72,73.04,16.8,Moderate,Normal
2023-09-16,Islamabad,Islamabad,Pakistan,33.72,73.04,10.6,Light,Normal
2023-09-18,Islamabad,Islamabad,Pakistan,33.72,73.04,12.6,Light,Normal
2023-09-21,Islamabad,Islamabad,Pakistan,33.72,73.04,11.0,Light,Normal
2023-09-22,Islamabad,Islamabad,Pakistan,33.72,73.04,13.9,Light,Normal
2023-09-23,Islamabad,Islamabad,Pakistan,33.72,73.04,0.1,Trace,Normal
2023-09-25,Islamabad,Islamabad,Pakistan,33.72,73.04,1.0,Trace,Normal
2023-09-27,Islamabad,Islamabad,Pakistan,33.72,73.04,9.6,Light,Normal
2023-09-28,Islamabad,Islamabad,Pakistan,33.72,73.04,0.3,Trace,Normal
2023-09-29,Islamabad,Islamabad,Pakistan,33.72,73.04,6.4,Light,Normal
2023-10-03,Islamabad,Islamabad,Pakistan,33.72,73.04,0.9,Trace,Normal
2023-10-06,Islamabad,Islamabad,Pakistan,33.72,73.04,0.7,Trace,Normal
2023-10-07,Islamabad,Islamabad,Pakistan,33.72,73.04,0.9,Trace,Normal
2023-10-09,Islamabad,Islamabad,Pakistan,33.72,73.04,0.4,Trace,Normal
2023-10-13,Islamabad,Islamabad,Pakistan,33.72,73.04,1.2,Trace,Normal
2023-10-19,Islamabad,Islamabad,Pakistan,33.72,73.04,1.7,Trace,Normal
2023-10-20,Islamabad,Islamabad,Pakistan,33.72,73.04,2.4,Trace,Normal
2023-10-21,Islamabad,Islamabad,Pakistan,33.72,73.04,1.5,Trace,Normal
2023-10-22,Islamabad,Islamabad,Pakistan,33.72,73.04,0.7,Trace,Normal
2023-10-25,Islamabad,Islamabad,Pakistan,33.72,73.04,0.2,Trace,Normal
2023-10-29,Islamabad,Islamabad,Pakistan,33.72,73.04,1.9,Trace,Normal
2023-10-30,Islamabad,Islamabad,Pakistan,33.72,73.04,0.7,Trace,Normal
2023-10-31,Islamabad,Islamabad,Pakistan,33.72,73.04,0.6,Trace,Normal
2023-11-01,Islamabad,Islamabad,Pakistan,33.72,73.04,0.1,Trace,Normal
2023-11-03,Islamabad,Islamabad,Pakistan,33.72,73.04,1.3,Trace,Normal
2023-11-04,Islamabad,Islamabad,Pakistan,33.72,73.04,3.8,Trace,Normal
2023-11-11,Islamabad,Islamabad,Pakistan,33.72,73.04,0.3,Trace,Normal
2023-11-13,Islamabad,Islamabad,Pakistan,33.72,73.04,3.3,Trace,Normal
2023-11-14,Islamabad,Islamabad,Pakistan,33.72,73.04,3.0,Trace,Normal
2023-11-17,Islamabad,Islamabad,Pakistan,33.72,73.04,1.4,Trace,Normal
2023-11-24,Islamabad,Islamabad,Pakistan,33.72,73.04,3.6,Trace,Normal
2023-12-03,Islamabad,Islamabad,Pakistan,33.72,73.04,3.0,Trace,Normal
2023-12-07,Islamabad,Islamabad,Pakistan,33.72,73.04,4.0,Trace,Normal
2023-12-10,Islamabad,Islamabad,Pakistan,33.72,73.04,2.4,Trace,Normal
2023-12-12,Islamabad,Islamabad,Pakistan,33.72,73.04,3.8,Trace,Normal
2023-12-15,Islamabad,Islamabad,Pakistan,33.72,73.04,4.2,Trace,Normal
2023-12-16,Islamabad,Islamabad,Pakistan,33.72,73.04,3.2,Trace,Normal
2023-12-18,Islamabad,Islamabad,Pakistan,33.72,73.04,4.0,Trace,Normal
2023-12-20,Islamabad,Islamabad,Pakistan,33.72,73.04,0.2,Trace,Normal
2023-12-21,Islamabad,Islamabad,Pakistan,33.72,73.04,0.9,Trace,Normal
2023-12-25,Islamabad,Islamabad,Pakistan,33.72,73.04,0.1,Trace,Normal
2023-12-29,Islamabad,Islamabad,Pakistan,33.72,73.04,3.7,Trace,Normal
2023-12-30,Islamabad,Islamabad,Pakistan,33.72,73.04,6.6,Light,Normal
2023-12-31,Islamabad,Islamabad,Pakistan,33.72,73.04,7.2,Light,Normal
2022-01-01,Peshawar,Peshawar,Pakistan,34.01,71.58,0.6,Trace,Normal
2022-01-02,Peshawar,Peshawar,Pakistan,34.01,71.58,3.6,Trace,Normal
2022-01-03,Peshawar,Peshawar,Pakistan,34.01,71.58,0.5,Trace,Normal
2022-01-05,Peshawar,Peshawar,Pakistan,34.01,71.58,0.4,Trace,Normal
2022-01-07,Peshawar,Peshawar,Pakistan,34.01,71.58,3.0,Trace,Normal
2022-01-08,Peshawar,Peshawar,Pakistan,34.01,71.58,0.7,Trace,Normal
2022-01-09,Peshawar,Peshawar,Pakistan,34.01,71.58,1.7,Trace,Normal
2022-01-10,Peshawar,Peshawar,Pakistan,34.01,71.58,3.6,Trace,Normal
2022-01-16,Peshawar,Peshawar,Pakistan,34.01,71.58,0.5,Trace,Normal
2022-01-30,Peshawar,Peshawar,Pakistan,34.01,71.58,4.8,Trace,Normal
2022-02-01,Peshawar,Peshawar,Pakistan,34.01,71.58,5.0,Trace,Normal
2022-02-05,Peshawar,Peshawar,Pakistan,34.01,71.58,1.1,Trace,Heatwave
2022-02-10,Peshawar,Peshawar,Pakistan,34.01,71.58,3.7,Trace,Heatwave
2022-02-11,Peshawar,Peshawar,Pakistan,34.01,71.58,0.9,Trace,Heatwave
2022-02-18,Peshawar,Peshawar,Pakistan,34.01,71.58,0.3,Trace,Normal
2022-02-19,Peshawar,Peshawar,Pakistan,34.01,71.58,4.2,Trace,Normal
2022-02-25,Peshawar,Peshawar,Pakistan,34.01,71.58,2.6,Trace,Heatwave
2022-02-28,Peshawar,Peshawar,Pakistan,34.01,71.58,1.6,Trace,Normal
2022-03-03,Peshawar,Peshawar,Pakistan,34.01,71.58,1.6,Trace,Normal
2022-03-05,Peshawar,Peshawar,Pakistan,34.01,71.58,2.0,Trace,Heatwave
2022-03-07,Peshawar,Peshawar,Pakistan,34.01,71.58,1.3,Trace,Normal
2022-03-08,Peshawar,Peshawar,Pakistan,34.01,71.58,0.9,Trace,Heatwave
2022-03-15,Peshawar,Peshawar,Pakistan,34.01,71.58,3.1,Trace,Heatwave
2022-03-17,Peshawar,Peshawar,Pakistan,34.01,71.58,3.8,Trace,Heatwave
2022-03-18,Peshawar,Peshawar,Pakistan,34.01,71.58,0.6,Trace,Heatwave
2022-03-19,Peshawar,Peshawar,Pakistan,34.01,71.58,2.7,Trace,Heatwave
2022-03-22,Peshawar,Peshawar,Pakistan,34.01,71.58,0.2,Trace,Heatwave
2022-03-24,Peshawar,Peshawar,Pakistan,34.01,71.58,1.0,Trace,Heatwave
2022-03-25,Peshawar,Peshawar,Pakistan,34.01,71.58,1.0,Trace,Heatwave
2022-03-27,Peshawar,Peshawar,Pakistan,34.01,71.58,1.1,Trace,Heatwave
2022-03-30,Peshawar,Peshawar,Pakistan,34.01,71.58,1.3,Trace,Heatwave
2022-04-03,Peshawar,Peshawar,Pakistan,34.01,71.58,0.9,Trace,Heatwave
2022-04-04,Peshawar,Peshawar,Pakistan,34.01,71.58,1.1,Trace,Heatwave
2022-04-08,Peshawar,Peshawar,Pakistan,34.01,71.58,0.4,Trace,Heatwave
2022-04-09,Peshawar,Peshawar,Pakistan,34.01,71.58,3.5,Trace,Heatwave
2022-04-13,Peshawar,Peshawar,Pakistan,34.01,71.58,4.6,Trace,Heatwave
2022-04-22,Peshawar,Peshawar,Pakistan,34.01,71.58,5.1,Light,Heatwave
2022-04-23,Peshawar,Peshawar,Pakistan,34.01,71.58,1.8,Trace,Heatwave
2022-04-25,Peshawar,Peshawar,Pakistan,34.01,71.58,1.4,Trace,Heatwave
2022-04-26,Peshawar,Peshawar,Pakistan,34.01,71.58,0.6,Trace,Heatwave
2022-04-28,Peshawar,Peshawar,Pakistan,34.01,71.58,2.9,Trace,Heatwave
2022-04-30,Peshawar,Peshawar,Pakistan,34.01,71.58,2.1,Trace,Heatwave
2022-05-01,Peshawar,Peshawar,Pakistan,34.01,71.58,0.8,Trace,Heatwave
2022-05-03,Peshawar,Peshawar,Pakistan,34.01,71.58,0.4,Trace,Heatwave
2022-05-04,Peshawar,Peshawar,Pakistan,34.01,71.58,2.1,Trace,Heatwave
2022-05-06,Peshawar,Peshawar,Pakistan,34.01,71.58,0.3,Trace,Heatwave
2022-05-07,Peshawar,Peshawar,Pakistan,34.01,71.58,0.4,Trace,Heatwave
2022-05-09,Peshawar,Peshawar,Pakistan,34.01,71.58,2.6,Trace,Heatwave
2022-05-12,Peshawar,Peshawar,Pakistan,34.01,71.58,1.8,Trace,Heatwave
2022-05-14,Peshawar,Peshawar,Pakistan,34.01,71.58,0.6,Trace,Normal
2022-05-18,Peshawar,Peshawar,Pakistan,34.01,71.58,2.0,Trace,Heatwave
2022-05-19,Peshawar,Peshawar,Pakistan,34.01,71.58,1.9,Trace,Heatwave
2022-05-24,Peshawar,Peshawar,Pakistan,34.01,71.58,1.0,Trace,Heatwave
2022-05-26,Peshawar,Peshawar,Pakistan,34.01,71.58,0.1,Trace,Heatwave
2022-06-01,Peshawar,Peshawar,Pakistan,34.01,71.58,2.7,Trace,Heatwave
2022-06-04,Peshawar,Peshawar,Pakistan,34.01,71.58,1.5,Trace,Normal
2022-06-07,Peshawar,Peshawar,Pakistan,34.01,71.58,0.4,Trace,Heatwave
2022-06-12,Peshawar,Peshawar,Pakistan,34.01,71.58,8.9,Light,Normal
2022-06-15,Peshawar,Peshawar,Pakistan,34.01,71.58,0.2,Trace,Heatwave
2022-06-18,Peshawar,Peshawar,Pakistan,34.01,71.58,0.4,Trace,Normal
2022-06-29,Peshawar,Peshawar,Pakistan,34.01,71.58,1.2,Trace,Normal
2022-07-02,Peshawar,Peshawar,Pakistan,34.01,71.58,21.0,Moderate,Normal
2022-07-09,Peshawar,Peshawar,Pakistan,34.01,71.58,0.4,Trace,Normal
2022-07-11,Peshawar,Peshawar,Pakistan,34.01,71.58,11.5,Light,Normal
2022-07-15,Peshawar,Peshawar,Pakistan,34.01,71.58,1.7,Trace,Normal
2022-07-23,Peshawar,Peshawar,Pakistan,34.01,71.58,3.3,Trace,Normal
2022-07-25,Peshawar,Peshawar,Pakistan,34.01,71.58,0.8,Trace,Normal
2022-07-26,Peshawar,Peshawar,Pakistan,34.01,71.58,3.8,Trace,Normal
2022-07-27,Peshawar,Peshawar,Pakistan,34.01,71.58,2.2,Trace,Normal
2022-07-29,Peshawar,Peshawar,Pakistan,34.01,71.58,9.1,Light,Normal
2022-07-30,Peshawar,Peshawar,Pakistan,34.01,71.58,6.7,Light,Normal
2022-08-01,Peshawar,Peshawar,Pakistan,34.01,71.58,11.7,Light,Normal
2022-08-04,Peshawar,Peshawar,Pakistan,34.01,71.58,0.1,Trace,Normal
2022-08-13,Peshawar,Peshawar,Pakistan,34.01,71.58,19.3,Moderate,Normal
2022-08-16,Peshawar,Peshawar,Pakistan,34.01,71.58,3.7,Trace,Normal
2022-08-18,Peshawar,Peshawar,Pakistan,34.01,71.58,9.1,Light,Normal
2022-08-24,Peshawar,Peshawar,Pakistan,34.01,71.58,10.7,Light,Normal
2022-08-27,Peshawar,Peshawar,Pakistan,34.01,71.58,11.9,Light,Normal
2022-08-29,Peshawar,Peshawar,Pakistan,34.01,71.58,21.7,Moderate,Normal
2022-08-30,Peshawar,Peshawar,Pakistan,34.01,71.58,6.8,Light,Normal
2022-09-01,Peshawar,Peshawar,Pakistan,34.01,71.58,23.0,Moderate,Normal
2022-09-04,Peshawar,Peshawar,Pakistan,34.01,71.58,11.5,Light,Normal
2022-09-07,Peshawar,Peshawar,Pakistan,34.01,71.58,12.2,Light,Normal
2022-09-14,Peshawar,Peshawar,Pakistan,34.01,71.58,13.3,Light,Normal
2022-09-15,Peshawar,Peshawar,Pakistan,34.01,71.58,3.0,Trace,Normal
2022-09-17,Peshawar,Peshawar,Pakistan,34.01,71.58,4.9,Trace,Normal
2022-09-18,Peshawar,Peshawar,Pakistan,34.01,71.58,2.1,Trace,Normal
2022-09-20,Peshawar,Peshawar,Pakistan,34.01,71.58,5.6,Light,Normal
2022-09-22,Peshawar,Peshawar,Pakistan,34.01,71.58,3.2,Trace,Normal
2022-09-26,Peshawar,Peshawar,Pakistan,34.01,71.58,5.3,Light,Normal
2022-09-30,Peshawar,Peshawar,Pakistan,34.01,71.58,2.6,Trace,Normal
2022-10-02,Peshawar,Peshawar,Pakistan,34.01,71.58,2.5,Trace,Normal
2022-10-03,Peshawar,Peshawar,Pakistan,34.01,71.58,5.5,Light,Normal
2022-10-04,Peshawar,Peshawar,Pakistan,34.01,71.58,0.1,Trace,Normal
2022-10-05,Peshawar,Peshawar,Pakistan,34.01,71.58,0.3,Trace,Normal
2022-10-12,Peshawar,Peshawar,Pakistan,34.01,71.58,0.7,Trace,Normal
2022-10-16,Peshawar,Peshawar,Pakistan,34.01,71.58,1.4,Trace,Normal
2022-10-25,Peshawar,Peshawar,Pakistan,34.01,71.58,1.5,Trace,Normal
2022-10-28,Peshawar,Peshawar,Pakistan,34.01,71.58,0.3,Trace,Normal
2022-10-31,Peshawar,Peshawar,Pakistan,34.01,71.58,0.2,Trace,Normal
2022-11-08,Peshawar,Peshawar,Pakistan,34.01,71.58,2.7,Trace,Normal
2022-11-14,Peshawar,Peshawar,Pakistan,34.01,71.58,0.5,Trace,Normal
2022-11-17,Peshawar,Peshawar,Pakistan,34.01,71.58,0.4,Trace,Normal
2022-11-18,Peshawar,Peshawar,Pakistan,34.01,71.58,2.5,Trace,Normal
2022-11-19,Peshawar,Peshawar,Pakistan,34.01,71.58,2.1,Trace,Normal
2022-11-20,Peshawar,Peshawar,Pakistan,34.01,71.58,1.6,Trace,Normal
2022-11-25,Peshawar,Peshawar,Pakistan,34.01,71.58,0.3,Trace,Normal
2022-11-26,Peshawar,Peshawar,Pakistan,34.01,71.58,1.3,Trace,Normal
2022-11-29,Peshawar,Peshawar,Pakistan,34.01,71.58,0.5,Trace,Normal
2022-11-30,Peshawar,Peshawar,Pakistan,34.01,71.58,0.6,Trace,Normal
2022-12-02,Peshawar,Peshawar,Pakistan,34.01,71.58,1.9,Trace,Normal
2022-12-03,Peshawar,Peshawar,Pakistan,34.01,71.58,1.3,Trace,Normal
2022-12-08,Peshawar,Peshawar,Pakistan,34.01,71.58,2.9,Trace,Normal
2022-12-11,Peshawar,Peshawar,Pakistan,34.01,71.58,0.5,Trace,Normal
2022-12-12,Peshawar,Peshawar,Pakistan,34.01,71.58,0.4,Trace,Normal
2022-12-13,Peshawar,Peshawar,Pakistan,34.01,71.58,2.8,Trace,Normal
2022-12-14,Peshawar,Peshawar,Pakistan,34.01,71.58,0.5,Trace,Normal
2022-12-16,Peshawar,Peshawar,Pakistan,34.01,71.58,1.5,Trace,Normal
2022-12-26,Peshawar,Peshawar,Pakistan,34.01,71.58,0.4,Trace,Normal
2022-12-28,Peshawar,Peshawar,Pakistan,34.01,71.58,1.2,Trace,Normal
2022-12-31,Peshawar,Peshawar,Pakistan,34.01,71.58,0.1,Trace,Normal
2023-01-03,Peshawar,Peshawar,Pakistan,34.01,71.58,2.3,Trace,Normal
2023-01-04,Peshawar,Peshawar,Pakistan,34.01,71.58,1.0,Trace,Normal
2023-01-05,Peshawar,Peshawar,Pakistan,34.01,71.58,3.6,Trace,Normal
2023-01-09,Peshawar,Peshawar,Pakistan,34.01,71.58,0.1,Trace,Normal
2023-01-10,Peshawar,Peshawar,Pakistan,34.01,71.58,1.5,Trace,Normal
2023-01-12,Peshawar,Peshawar,Pakistan,34.01,71.58,0.3,Trace,Normal
2023-01-13,Peshawar,Peshawar,Pakistan,34.01,71.58,8.0,Light,Normal
2023-01-14,Peshawar,Peshawar,Pakistan,34.01,71.58,0.3,Trace,Normal
2023-01-17,Peshawar,Peshawar,Pakistan,34.01,71.58,2.2,Trace,Normal
2023-01-19,Peshawar,Peshawar,Pakistan,34.01,71.58,0.1,Trace,Normal
2023-01-22,Peshawar,Peshawar,Pakistan,34.01,71.58,4.2,Trace,Heatwave
2023-01-24,Peshawar,Peshawar,Pakistan,34.01,71.58,0.4,Trace,Normal
2023-01-25,Peshawar,Peshawar,Pakistan,34.01,71.58,3.7,Trace,Normal
2023-01-28,Peshawar,Peshawar,Pakistan,34.01,71.58,1.4,Trace,Normal
2023-02-06,Peshawar,Peshawar,Pakistan,34.01,71.58,1.8,Trace,Normal
2023-02-09,Peshawar,Peshawar,Pakistan,34.01,71.58,2.5,Trace,Heatwave
2023-02-10,Peshawar,Peshawar,Pakistan,34.01,71.58,0.1,Trace,Normal
2023-02-12,Peshawar,Peshawar,Pakistan,34.01,71.58,1.9,Trace,Normal
2023-02-13,Peshawar,Peshawar,Pakistan,34.01,71.58,0.8,Trace,Normal
2023-02-24,Peshawar,Peshawar,Pakistan,34.01,71.58,1.1,Trace,Normal
2023-02-26,Peshawar,Peshawar,Pakistan,34.01,71.58,1.9,Trace,Normal
2023-03-01,Peshawar,Peshawar,Pakistan,34.01,71.58,0.7,Trace,Heatwave
2023-03-07,Peshawar,Peshawar,Pakistan,34.01,71.58,2.5,Trace,Normal
2023-03-11,Peshawar,Peshawar,Pakistan,34.01,71.58,0.1,Trace,Heatwave
2023-03-13,Peshawar,Peshawar,Pakistan,34.01,71.58,0.8,Trace,Heatwave
2023-03-17,Peshawar,Peshawar,Pakistan,34.01,71.58,1.4,Trace,Heatwave
2023-03-23,Peshawar,Peshawar,Pakistan,34.01,71.58,0.4,Trace,Heatwave
2023-03-26,Peshawar,Peshawar,Pakistan,34.01,71.58,1.1,Trace,Heatwave
2023-03-30,Peshawar,Peshawar,Pakistan,34.01,71.58,1.2,Trace,Heatwave
2023-03-31,Peshawar,Peshawar,Pakistan,34.01,71.58,0.1,Trace,Heatwave
2023-04-03,Peshawar,Peshawar,Pakistan,34.01,71.58,2.8,Trace,Heatwave
2023-04-04,Peshawar,Peshawar,Pakistan,34.01,71.58,0.1,Trace,Heatwave
2023-04-05,Peshawar,Peshawar,Pakistan,34.01,71.58,7.5,Light,Heatwave
2023-04-06,Peshawar,Peshawar,Pakistan,34.01,71.58,0.1,Trace,Heatwave
2023-04-07,Peshawar,Peshawar,Pakistan,34.01,71.58,0.2,Trace,Heatwave
2023-04-14,Peshawar,Peshawar,Pakistan,34.01,71.58,0.1,Trace,Heatwave
2023-04-16,Peshawar,Peshawar,Pakistan,34.01,71.58,0.6,Trace,Heatwave
2023-04-18,Peshawar,Peshawar,Pakistan,34.01,71.58,5.4,Light,Heatwave
2023-04-23,Peshawar,Peshawar,Pakistan,34.01,71.58,0.9,Trace,Heatwave
2023-04-30,Peshawar,Peshawar,Pakistan,34.01,71.58,0.9,Trace,Heatwave
2023-05-01,Peshawar,Peshawar,Pakistan,34.01,71.58,0.2,Trace,Heatwave
2023-05-03,Peshawar,Peshawar,Pakistan,34.01,71.58,1.9,Trace,Heatwave
2023-05-04,Peshawar,Peshawar,Pakistan,34.01,71.58,3.8,Trace,Heatwave
2023-05-06,Peshawar,Peshawar,Pakistan,34.01,71.58,0.1,Trace,Heatwave
2023-05-09,Peshawar,Peshawar,Pakistan,34.01,71.58,0.4,Trace,Heatwave
2023-05-10,Peshawar,Peshawar,Pakistan,34.01,71.58,1.4,Trace,Normal
2023-05-11,Peshawar,Peshawar,Pakistan,34.01,71.58,0.9,Trace,Heatwave
2023-05-12,Peshawar,Peshawar,Pakistan,34.01,71.58,1.6,Trace,Heatwave
2023-05-15,Peshawar,Peshawar,Pakistan,34.01,71.58,1.0,Trace,Heatwave
2023-05-17,Peshawar,Peshawar,Pakistan,34.01,71.58,3.5,Trace,Heatwave
2023-05-19,Peshawar,Peshawar,Pakistan,34.01,71.58,2.7,Trace,Heatwave
2023-05-22,Peshawar,Peshawar,Pakistan,34.01,71.58,0.5,Trace,Heatwave
2023-05-25,Peshawar,Peshawar,Pakistan,34.01,71.58,1.7,Trace,Heatwave
2023-05-30,Peshawar,Peshawar,Pakistan,34.01,71.58,2.5,Trace,Heatwave
2023-06-01,Peshawar,Peshawar,Pakistan,34.01,71.58,3.3,Trace,Normal
2023-06-04,Peshawar,Peshawar,Pakistan,34.01,71.58,0.5,Trace,Heatwave
2023-06-06,Peshawar,Peshawar,Pakistan,34.01,71.58,1.4,Trace,Heatwave
2023-06-07,Peshawar,Peshawar,Pakistan,34.01,71.58,1.3,Trace,Heatwave
2023-06-11,Peshawar,Peshawar,Pakistan,34.01,71.58,0.8,Trace,Heatwave
2023-06-14,Peshawar,Peshawar,Pakistan,34.01,71.58,1.3,Trace,Normal
2023-06-17,Peshawar,Peshawar,Pakistan,34.01,71.58,0.6,Trace,Normal
2023-06-20,Peshawar,Peshawar,Pakistan,34.01,71.58,0.2,Trace,Normal
2023-06-25,Peshawar,Peshawar,Pakistan,34.01,71.58,3.1,Trace,Normal
2023-06-26,Peshawar,Peshawar,Pakistan,34.01,71.58,0.9,Trace,Heatwave
2023-06-27,Peshawar,Peshawar,Pakistan,34.01,71.58,0.5,Trace,Normal
2023-06-29,Peshawar,Peshawar,Pakistan,34.01,71.58,4.2,Trace,Normal
2023-07-08,Peshawar,Peshawar,Pakistan,34.01,71.58,14.8,Light,Normal
2023-07-10,Peshawar,Peshawar,Pakistan,34.01,71.58,1.9,Trace,Normal
2023-07-11,Peshawar,Peshawar,Pakistan,34.01,71.58,1.5,Trace,Normal
2023-07-12,Peshawar,Peshawar,Pakistan,34.01,71.58,1.4,Trace,Normal
2023-07-17,Peshawar,Peshawar,Pakistan,34.01,71.58,0.7,Trace,Normal
2023-07-21,Peshawar,Peshawar,Pakistan,34.01,71.58,59.5,Extreme,Flood
2023-07-22,Peshawar,Peshawar,Pakistan,34.01,71.58,13.6,Light,Normal
2023-07-23,Peshawar,Peshawar,Pakistan,34.01,71.58,7.4,Light,Normal
2023-07-24,Peshawar,Peshawar,Pakistan,34.01,71.58,2.0,Trace,Normal
2023-07-27,Peshawar,Peshawar,Pakistan,34.01,71.58,6.9,Light,Normal
2023-07-28,Peshawar,Peshawar,Pakistan,34.01,71.58,3.1,Trace,Normal
2023-07-29,Peshawar,Peshawar,Pakistan,34.01,71.58,7.9,Light,Normal
2023-07-31,Peshawar,Peshawar,Pakistan,34.01,71.58,19.9,Moderate,Normal
2023-08-01,Peshawar,Peshawar,Pakistan,34.01,71.58,5.2,Light,Normal
2023-08-03,Peshawar,Peshawar,Pakistan,34.01,71.58,19.7,Moderate,Normal
2023-08-08,Peshawar,Peshawar,Pakistan,34.01,71.58,9.7,Light,Normal
2023-08-11,Peshawar,Peshawar,Pakistan,34.01,71.58,24.8,Moderate,Normal
2023-08-14,Peshawar,Peshawar,Pakistan,34.01,71.58,8.8,Light,Normal
2023-08-21,Peshawar,Peshawar,Pakistan,34.01,71.58,3.3,Trace,Normal
2023-08-24,Peshawar,Peshawar,Pakistan,34.01,71.58,17.1,Moderate,Normal
2023-09-05,Peshawar,Peshawar,Pakistan,34.01,71.58,25.9,Moderate,Normal
2023-09-10,Peshawar,Peshawar,Pakistan,34.01,71.58,7.0,Light,Normal
2023-09-11,Peshawar,Peshawar,Pakistan,34.01,71.58,11.5,Light,Normal
2023-09-16,Peshawar,Peshawar,Pakistan,34.01,71.58,0.1,Trace,Normal
2023-09-19,Peshawar,Peshawar,Pakistan,34.01,71.58,6.0,Light,Normal
2023-09-23,Peshawar,Peshawar,Pakistan,34.01,71.58,3.3,Trace,Normal
2023-10-03,Peshawar,Peshawar,Pakistan,34.01,71.58,2.6,Trace,Normal
2023-10-06,Peshawar,Peshawar,Pakistan,34.01,71.58,0.9,Trace,Normal
2023-10-12,Peshawar,Peshawar,Pakistan,34.01,71.58,0.9,Trace,Normal
2023-10-14,Peshawar,Peshawar,Pakistan,34.01,71.58,0.3,Trace,Normal
2023-10-17,Peshawar,Peshawar,Pakistan,34.01,71.58,2.4,Trace,Normal
2023-10-20,Peshawar,Peshawar,Pakistan,34.01,71.58,2.3,Trace,Normal
2023-10-28,Peshawar,Peshawar,Pakistan,34.01,71.58,1.4,Trace,Normal
2023-11-02,Peshawar,Peshawar,Pakistan,34.01,71.58,0.2,Trace,Normal
2023-11-07,Peshawar,Peshawar,Pakistan,34.01,71.58,0.6,Trace,Normal
2023-11-16,Peshawar,Peshawar,Pakistan,34.01,71.58,0.2,Trace,Normal
2023-11-19,Peshawar,Peshawar,Pakistan,34.01,71.58,0.7,Trace,Normal
2023-11-21,Peshawar,Peshawar,Pakistan,34.01,71.58,0.4,Trace,Normal
2023-11-22,Peshawar,Peshawar,Pakistan,34.01,71.58,1.1,Trace,Normal
2023-11-25,Peshawar,Peshawar,Pakistan,34.01,71.58,1.2,Trace,Normal
2023-11-26,Peshawar,Peshawar,Pakistan,34.01,71.58,5.8,Light,Normal
2023-11-27,Peshawar,Peshawar,Pakistan,34.01,71.58,8.3,Light,Normal
2023-12-01,Peshawar,Peshawar,Pakistan,34.01,71.58,5.0,Trace,Normal
2023-12-03,Peshawar,Peshawar,Pakistan,34.01,71.58,3.7,Trace,Normal
2023-12-04,Peshawar,Peshawar,Pakistan,34.01,71.58,0.4,Trace,Normal
2023-12-05,Peshawar,Peshawar,Pakistan,34.01,71.58,0.9,Trace,Normal
2023-12-06,Peshawar,Peshawar,Pakistan,34.01,71.58,0.6,Trace,Normal
2023-12-07,Peshawar,Peshawar,Pakistan,34.01,71.58,2.4,Trace,Normal
2023-12-12,Peshawar,Peshawar,Pakistan,34.01,71.58,2.3,Trace,Normal
2023-12-13,Peshawar,Peshawar,Pakistan,34.01,71.58,0.2,Trace,Normal
2023-12-17,Peshawar,Peshawar,Pakistan,34.01,71.58,0.7,Trace,Normal
2023-12-22,Peshawar,Peshawar,Pakistan,34.01,71.58,0.6,Trace,Normal
2023-12-23,Peshawar,Peshawar,Pakistan,34.01,71.58,0.4,Trace,Normal
2023-12-24,Peshawar,Peshawar,Pakistan,34.01,71.58,0.2,Trace,Normal
2023-12-27,Peshawar,Peshawar,Pakistan,34.01,71.58,0.1,Trace,Normal
2023-12-30,Peshawar,Peshawar,Pakistan,34.01,71.58,0.9,Trace,Normal
2022-01-01,Quetta,Quetta,Pakistan,30.19,67.01,0.5,Trace,Normal
2022-01-03,Quetta,Quetta,Pakistan,30.19,67.01,0.3,Trace,Normal
2022-01-04,Quetta,Quetta,Pakistan,30.19,67.01,0.7,Trace,Normal
2022-01-05,Quetta,Quetta,Pakistan,30.19,67.01,0.1,Trace,Normal
2022-01-07,Quetta,Quetta,Pakistan,30.19,67.01,2.0,Trace,Normal
2022-01-10,Quetta,Quetta,Pakistan,30.19,67.01,0.9,Trace,Normal
2022-01-17,Quetta,Quetta,Pakistan,30.19,67.01,0.2,Trace,Normal
2022-01-21,Quetta,Quetta,Pakistan,30.19,67.01,0.3,Trace,Normal
2022-01-22,Quetta,Quetta,Pakistan,30.19,67.01,0.3,Trace,Normal
2022-01-25,Quetta,Quetta,Pakistan,30.19,67.01,0.5,Trace,Normal
2022-01-30,Quetta,Quetta,Pakistan,30.19,67.01,1.7,Trace,Normal
2022-02-02,Quetta,Quetta,Pakistan,30.19,67.01,0.4,Trace,Normal
2022-02-07,Quetta,Quetta,Pakistan,30.19,67.01,0.4,Trace,Normal
2022-02-10,Quetta,Quetta,Pakistan,30.19,67.01,0.6,Trace,Normal
2022-02-16,Quetta,Quetta,Pakistan,30.19,67.01,0.6,Trace,Normal
2022-02-19,Quetta,Quetta,Pakistan,30.19,67.01,1.5,Trace,Normal
2022-02-20,Quetta,Quetta,Pakistan,30.19,67.01,1.0,Trace,Normal
2022-02-25,Quetta,Quetta,Pakistan,30.19,67.01,1.2,Trace,Normal
2022-02-26,Quetta,Quetta,Pakistan,30.19,67.01,1.4,Trace,Normal
2022-03-02,Quetta,Quetta,Pakistan,30.19,67.01,1.8,Trace,Heatwave
2022-03-05,Quetta,Quetta,Pakistan,30.19,67.01,0.1,Trace,Normal
2022-03-08,Quetta,Quetta,Pakistan,30.19,67.01,0.4,Trace,Heatwave
2022-03-15,Quetta,Quetta,Pakistan,30.19,67.01,0.5,Trace,Heatwave
2022-03-16,Quetta,Quetta,Pakistan,30.19,67.01,1.3,Trace,Heatwave
2022-03-17,Quetta,Quetta,Pakistan,30.19,67.01,1.0,Trace,Normal
2022-03-19,Quetta,Quetta,Pakistan,30.19,67.01,0.7,Trace,Heatwave
2022-03-20,Quetta,Quetta,Pakistan,30.19,67.01,0.4,Trace,Normal
2022-03-21,Quetta,Quetta,Pakistan,30.19,67.01,0.2,Trace,Heatwave
2022-03-22,Quetta,Quetta,Pakistan,30.19,67.01,1.3,Trace,Heatwave
2022-03-24,Quetta,Quetta,Pakistan,30.19,67.01,0.2,Trace,Heatwave
2022-03-25,Quetta,Quetta,Pakistan,30.19,67.01,1.0,Trace,Normal
2022-04-01,Quetta,Quetta,Pakistan,30.19,67.01,0.8,Trace,Heatwave
2022-04-08,Quetta,Quetta,Pakistan,30.19,67.01,0.2,Trace,Normal
2022-04-13,Quetta,Quetta,Pakistan,30.19,67.01,0.8,Trace,Heatwave
2022-04-14,Quetta,Quetta,Pakistan,30.19,67.01,1.9,Trace,Heatwave
2022-04-17,Quetta,Quetta,Pakistan,30.19,67.01,0.3,Trace,Heatwave
2022-04-24,Quetta,Quetta,Pakistan,30.19,67.01,0.3,Trace,Heatwave
2022-04-25,Quetta,Quetta,Pakistan,30.19,67.01,1.9,Trace,Heatwave
2022-04-26,Quetta,Quetta,Pakistan,30.19,67.01,0.3,Trace,Heatwave
2022-04-27,Quetta,Quetta,Pakistan,30.19,67.01,0.2,Trace,Normal
2022-04-29,Quetta,Quetta,Pakistan,30.19,67.01,1.4,Trace,Normal
2022-05-05,Quetta,Quetta,Pakistan,30.19,67.01,2.2,Trace,Normal
2022-05-06,Quetta,Quetta,Pakistan,30.19,67.01,3.3,Trace,Heatwave
2022-05-07,Quetta,Quetta,Pakistan,30.19,67.01,1.4,Trace,Normal
2022-05-16,Quetta,Quetta,Pakistan,30.19,67.01,0.3,Trace,Normal
2022-05-18,Quetta,Quetta,Pakistan,30.19,67.01,1.0,Trace,Heatwave
2022-05-22,Quetta,Quetta,Pakistan,30.19,67.01,1.4,Trace,Heatwave
2022-05-25,Quetta,Quetta,Pakistan,30.19,67.01,0.2,Trace,Normal
2022-05-29,Quetta,Quetta,Pakistan,30.19,67.01,0.5,Trace,Normal
2022-05-30,Quetta,Quetta,Pakistan,30.19,67.01,0.5,Trace,Normal
2022-06-03,Quetta,Quetta,Pakistan,30.19,67.01,1.0,Trace,Normal
2022-06-08,Quetta,Quetta,Pakistan,30.19,67.01,0.6,Trace,Normal
2022-06-09,Quetta,Quetta,Pakistan,30.19,67.01,1.0,Trace,Normal
2022-06-10,Quetta,Quetta,Pakistan,30.19,67.01,0.5,Trace,Normal
2022-06-15,Quetta,Quetta,Pakistan,30.19,67.01,0.9,Trace,Normal
2022-06-28,Quetta,Quetta,Pakistan,30.19,67.01,0.6,Trace,Normal
2022-07-06,Quetta,Quetta,Pakistan,30.19,67.01,8.8,Light,Normal
2022-07-10,Quetta,Quetta,Pakistan,30.19,67.01,6.1,Light,Normal
2022-07-15,Quetta,Quetta,Pakistan,30.19,67.01,0.8,Trace,Normal
2022-07-17,Quetta,Quetta,Pakistan,30.19,67.01,3.1,Trace,Normal
2022-07-18,Quetta,Quetta,Pakistan,30.19,67.01,0.1,Trace,Normal
2022-07-19,Quetta,Quetta,Pakistan,30.19,67.01,1.2,Trace,Normal
2022-07-27,Quetta,Quetta,Pakistan,30.19,67.01,2.1,Trace,Normal
2022-07-29,Quetta,Quetta,Pakistan,30.19,67.01,5.9,Light,Normal
2022-07-30,Quetta,Quetta,Pakistan,30.19,67.01,1.1,Trace,Normal
2022-08-04,Quetta,Quetta,Pakistan,30.19,67.01,4.7,Trace,Normal
2022-08-07,Quetta,Quetta,Pakistan,30.19,67.01,5.7,Light,Normal
2022-08-12,Quetta,Quetta,Pakistan,30.19,67.01,1.7,Trace,Normal
2022-08-13,Quetta,Quetta,Pakistan,30.19,67.01,9.7,Light,Normal
2022-08-14,Quetta,Quetta,Pakistan,30.19,67.01,9.5,Light,Normal
2022-08-15,Quetta,Quetta,Pakistan,30.19,67.01,9.2,Light,Normal
2022-08-22,Quetta,Quetta,Pakistan,30.19,67.01,8.1,Light,Normal
2022-08-27,Quetta,Quetta,Pakistan,30.19,67.01,0.1,Trace,Normal
2022-08-31,Quetta,Quetta,Pakistan,30.19,67.01,0.1,Trace,Normal
2022-09-01,Quetta,Quetta,Pakistan,30.19,67.01,0.8,Trace,Normal
2022-09-06,Quetta,Quetta,Pakistan,30.19,67.01,7.4,Light,Normal
2022-09-08,Quetta,Quetta,Pakistan,30.19,67.01,2.8,Trace,Normal
2022-09-10,Quetta,Quetta,Pakistan,30.19,67.01,8.6,Light,Normal
2022-09-12,Quetta,Quetta,Pakistan,30.19,67.01,2.5,Trace,Normal
2022-09-15,Quetta,Quetta,Pakistan,30.19,67.01,0.3,Trace,Normal
2022-09-18,Quetta,Quetta,Pakistan,30.19,67.01,0.1,Trace,Normal
2022-09-19,Quetta,Quetta,Pakistan,30.19,67.01,12.2,Light,Normal
2022-09-21,Quetta,Quetta,Pakistan,30.19,67.01,2.2,Trace,Normal
2022-09-26,Quetta,Quetta,Pakistan,30.19,67.01,1.9,Trace,Normal
2022-09-29,Quetta,Quetta,Pakistan,30.19,67.01,0.7,Trace,Normal
2022-10-01,Quetta,Quetta,Pakistan,30.19,67.01,0.6,Trace,Normal
2022-10-04,Quetta,Quetta,Pakistan,30.19,67.01,1.2,Trace,Normal
2022-10-09,Quetta,Quetta,Pakistan,30.19,67.01,2.0,Trace,Normal
2022-10-13,Quetta,Quetta,Pakistan,30.19,67.01,0.6,Trace,Normal
2022-10-17,Quetta,Quetta,Pakistan,30.19,67.01,2.8,Trace,Normal
2022-10-18,Quetta,Quetta,Pakistan,30.19,67.01,3.2,Trace,Normal
2022-10-27,Quetta,Quetta,Pakistan,30.19,67.01,0.7,Trace,Normal
2022-10-28,Quetta,Quetta,Pakistan,30.19,67.01,0.1,Trace,Normal
2022-10-30,Quetta,Quetta,Pakistan,30.19,67.01,0.7,Trace,Normal
2022-11-03,Quetta,Quetta,Pakistan,30.19,67.01,0.7,Trace,Normal
2022-11-04,Quetta,Quetta,Pakistan,30.19,67.01,0.2,Trace,Normal
2022-11-05,Quetta,Quetta,Pakistan,30.19,67.01,0.1,Trace,Normal
2022-11-08,Quetta,Quetta,Pakistan,30.19,67.01,1.2,Trace,Normal
2022-11-12,Quetta,Quetta,Pakistan,30.19,67.01,0.4,Trace,Normal
2022-11-15,Quetta,Quetta,Pakistan,30.19,67.01,0.6,Trace,Normal
2022-11-22,Quetta,Quetta,Pakistan,30.19,67.01,0.9,Trace,Normal
2022-11-23,Quetta,Quetta,Pakistan,30.19,67.01,0.1,Trace,Normal
2022-11-28,Quetta,Quetta,Pakistan,30.19,67.01,2.5,Trace,Normal
2022-12-02,Quetta,Quetta,Pakistan,30.19,67.01,0.4,Trace,Normal
2022-12-06,Quetta,Quetta,Pakistan,30.19,67.01,0.7,Trace,Normal
2022-12-07,Quetta,Quetta,Pakistan,30.19,67.01,0.1,Trace,Normal
2022-12-08,Quetta,Quetta,Pakistan,30.19,67.01,0.8,Trace,Normal
2022-12-09,Quetta,Quetta,Pakistan,30.19,67.01,1.2,Trace,Normal
2022-12-10,Quetta,Quetta,Pakistan,30.19,67.01,0.5,Trace,Normal
2022-12-18,Quetta,Quetta,Pakistan,30.19,67.01,1.1,Trace,Normal
2022-12-21,Quetta,Quetta,Pakistan,30.19,67.01,0.4,Trace,Normal
2022-12-24,Quetta,Quetta,Pakistan,30.19,67.01,0.2,Trace,Normal
2022-12-25,Quetta,Quetta,Pakistan,30.19,67.01,0.1,Trace,Normal
2022-12-29,Quetta,Quetta,Pakistan,30.19,67.01,0.2,Trace,Normal
2022-12-30,Quetta,Quetta,Pakistan,30.19,67.01,1.4,Trace,Normal
2023-01-02,Quetta,Quetta,Pakistan,30.19,67.01,0.7,Trace,Normal
2023-01-05,Quetta,Quetta,Pakistan,30.19,67.01,0.2,Trace,Normal
2023-01-07,Quetta,Quetta,Pakistan,30.19,67.01,2.5,Trace,Normal
2023-01-11,Quetta,Quetta,Pakistan,30.19,67.01,0.5,Trace,Normal
2023-01-16,Quetta,Quetta,Pakistan,30.19,67.01,0.2,Trace,Normal
2023-01-18,Quetta,Quetta,Pakistan,30.19,67.01,1.7,Trace,Normal
2023-01-19,Quetta,Quetta,Pakistan,30.19,67.01,0.7,Trace,Normal
2023-01-24,Quetta,Quetta,Pakistan,30.19,67.01,0.1,Trace,Normal
2023-01-26,Quetta,Quetta,Pakistan,30.19,67.01,0.8,Trace,Normal
2023-01-28,Quetta,Quetta,Pakistan,30.19,67.01,0.5,Trace,Normal
2023-01-30,Quetta,Quetta,Pakistan,30.19,67.01,0.3,Trace,Normal
2023-02-01,Quetta,Quetta,Pakistan,30.19,67.01,0.6,Trace,Normal
2023-02-03,Quetta,Quetta,Pakistan,30.19,67.01,0.1,Trace,Normal
2023-02-08,Quetta,Quetta,Pakistan,30.19,67.01,1.3,Trace,Normal
2023-02-11,Quetta,Quetta,Pakistan,30.19,67.01,0.1,Trace,Heatwave
2023-02-12,Quetta,Quetta,Pakistan,30.19,67.01,1.1,Trace,Normal
2023-02-15,Quetta,Quetta,Pakistan,30.19,67.01,0.1,Trace,Normal
2023-02-16,Quetta,Quetta,Pakistan,30.19,67.01,1.3,Trace,Normal
2023-02-18,Quetta,Quetta,Pakistan,30.19,67.01,4.5,Trace,Normal
2023-02-21,Quetta,Quetta,Pakistan,30.19,67.01,1.3,Trace,Normal
2023-02-22,Quetta,Quetta,Pakistan,30.19,67.01,1.9,Trace,Normal
2023-02-24,Quetta,Quetta,Pakistan,30.19,67.01,0.4,Trace,Normal
2023-02-26,Quetta,Quetta,Pakistan,30.19,67.01,0.3,Trace,Normal
2023-02-28,Quetta,Quetta,Pakistan,30.19,67.01,0.1,Trace,Normal
2023-03-01,Quetta,Quetta,Pakistan,30.19,67.01,3.1,Trace,Heatwave
2023-03-02,Quetta,Quetta,Pakistan,30.19,67.01,0.8,Trace,Normal
2023-03-05,Quetta,Quetta,Pakistan,30.19,67.01,1.9,Trace,Normal
2023-03-09,Quetta,Quetta,Pakistan,30.19,67.01,2.0,Trace,Normal
2023-03-10,Quetta,Quetta,Pakistan,30.19,67.01,1.3,Trace,Heatwave
2023-03-12,Quetta,Quetta,Pakistan,30.19,67.01,1.2,Trace,Heatwave
2023-03-14,Quetta,Quetta,Pakistan,30.19,67.01,1.9,Trace,Normal
2023-03-15,Quetta,Quetta,Pakistan,30.19,67.01,1.7,Trace,Normal
2023-03-16,Quetta,Quetta,Pakistan,30.19,67.01,0.2,Trace,Normal
2023-03-18,Quetta,Quetta,Pakistan,30.19,67.01,0.2,Trace,Heatwave
2023-03-21,Quetta,Quetta,Pakistan,30.19,67.01,0.4,Trace,Normal
2023-03-29,Quetta,Quetta,Pakistan,30.19,67.01,1.2,Trace,Normal
2023-04-06,Quetta,Quetta,Pakistan,30.19,67.01,0.4,Trace,Heatwave
2023-04-11,Quetta,Quetta,Pakistan,30.19,67.01,0.3,Trace,Heatwave
2023-04-13,Quetta,Quetta,Pakistan,30.19,67.01,0.5,Trace,Heatwave
2023-04-16,Quetta,Quetta,Pakistan,30.19,67.01,0.3,Trace,Normal
2023-04-17,Quetta,Quetta,Pakistan,30.19,67.01,0.1,Trace,Heatwave
2023-04-18,Quetta,Quetta,Pakistan,30.19,67.01,0.1,Trace,Heatwave
2023-04-19,Quetta,Quetta,Pakistan,30.19,67.01,0.9,Trace,Heatwave
2023-04-21,Quetta,Quetta,Pakistan,30.19,67.01,0.9,Trace,Heatwave
2023-04-22,Quetta,Quetta,Pakistan,30.19,67.01,0.2,Trace,Heatwave
2023-04-23,Quetta,Quetta,Pakistan,30.19,67.01,1.0,Trace,Heatwave
2023-04-25,Quetta,Quetta,Pakistan,30.19,67.01,0.6,Trace,Normal
2023-05-08,Quetta,Quetta,Pakistan,30.19,67.01,1.0,Trace,Heatwave
2023-05-12,Quetta,Quetta,Pakistan,30.19,67.01,1.2,Trace,Heatwave
2023-05-13,Quetta,Quetta,Pakistan,30.19,67.01,0.1,Trace,Heatwave
2023-05-16,Quetta,Quetta,Pakistan,30.19,67.01,2.2,Trace,Normal
2023-05-23,Quetta,Quetta,Pakistan,30.19,67.01,0.7,Trace,Heatwave
2023-05-25,Quetta,Quetta,Pakistan,30.19,67.01,0.3,Trace,Heatwave
2023-05-26,Quetta,Quetta,Pakistan,30.19,67.01,0.7,Trace,Normal
2023-06-03,Quetta,Quetta,Pakistan,30.19,67.01,0.8,Trace,Heatwave
2023-06-07,Quetta,Quetta,Pakistan,30.19,67.01,0.1,Trace,Heatwave
2023-06-08,Quetta,Quetta,Pakistan,30.19,67.01,3.5,Trace,Normal
2023-06-09,Quetta,Quetta,Pakistan,30.19,67.01,0.4,Trace,Normal
2023-06-10,Quetta,Quetta,Pakistan,30.19,67.01,0.3,Trace,Normal
2023-06-15,Quetta,Quetta,Pakistan,30.19,67.01,0.3,Trace,Normal
2023-06-21,Quetta,Quetta,Pakistan,30.19,67.01,0.5,Trace,Normal
2023-06-22,Quetta,Quetta,Pakistan,30.19,67.01,0.2,Trace,Normal
2023-06-26,Quetta,Quetta,Pakistan,30.19,67.01,0.5,Trace,Normal
2023-06-28,Quetta,Quetta,Pakistan,30.19,67.01,0.4,Trace,Normal
2023-07-02,Quetta,Quetta,Pakistan,30.19,67.01,5.3,Light,Normal
2023-07-06,Quetta,Quetta,Pakistan,30.19,67.01,3.3,Trace,Normal
2023-07-09,Quetta,Quetta,Pakistan,30.19,67.01,0.4,Trace,Normal
2023-07-18,Quetta,Quetta,Pakistan,30.19,67.01,6.0,Light,Normal
2023-07-20,Quetta,Quetta,Pakistan,30.19,67.01,1.1,Trace,Normal
2023-07-21,Quetta,Quetta,Pakistan,30.19,67.01,5.0,Trace,Normal
2023-07-25,Quetta,Quetta,Pakistan,30.19,67.01,3.6,Trace,Normal
2023-07-28,Quetta,Quetta,Pakistan,30.19,67.01,5.2,Light,Normal
2023-07-30,Quetta,Quetta,Pakistan,30.19,67.01,6.1,Light,Normal
2023-07-31,Quetta,Quetta,Pakistan,30.19,67.01,1.5,Trace,Normal
2023-08-01,Quetta,Quetta,Pakistan,30.19,67.01,5.5,Light,Normal
2023-08-05,Quetta,Quetta,Pakistan,30.19,67.01,9.6,Light,Normal
2023-08-07,Quetta,Quetta,Pakistan,30.19,67.01,6.6,Light,Normal
2023-08-09,Quetta,Quetta,Pakistan,30.19,67.01,1.9,Trace,Normal
2023-08-12,Quetta,Quetta,Pakistan,30.19,67.01,4.8,Trace,Normal
2023-08-13,Quetta,Quetta,Pakistan,30.19,67.01,16.8,Moderate,Normal
2023-08-16,Quetta,Quetta,Pakistan,30.19,67.01,1.2,Trace,Normal
2023-08-17,Quetta,Quetta,Pakistan,30.19,67.01,2.0,Trace,Normal
2023-08-19,Quetta,Quetta,Pakistan,30.19,67.01,2.7,Trace,Normal
2023-08-24,Quetta,Quetta,Pakistan,30.19,67.01,10.3,Light,Normal
2023-08-27,Quetta,Quetta,Pakistan,30.19,67.01,4.5,Trace,Normal
2023-08-29,Quetta,Quetta,Pakistan,30.19,67.01,10.3,Light,Normal
2023-09-01,Quetta,Quetta,Pakistan,30.19,67.01,8.0,Light,Normal
2023-09-02,Quetta,Quetta,Pakistan,30.19,67.01,4.0,Trace,Normal
2023-09-03,Quetta,Quetta,Pakistan,30.19,67.01,0.5,Trace,Normal
2023-09-05,Quetta,Quetta,Pakistan,30.19,67.01,1.1,Trace,Normal
2023-09-10,Quetta,Quetta,Pakistan,30.19,67.01,2.1,Trace,Normal
2023-09-11,Quetta,Quetta,Pakistan,30.19,67.01,5.4,Light,Normal
2023-09-13,Quetta,Quetta,Pakistan,30.19,67.01,3.0,Trace,Normal
2023-09-15,Quetta,Quetta,Pakistan,30.19,67.01,7.0,Light,Normal
2023-09-25,Quetta,Quetta,Pakistan,30.19,67.01,4.8,Trace,Normal
2023-09-26,Quetta,Quetta,Pakistan,30.19,67.01,0.7,Trace,Normal
2023-09-27,Quetta,Quetta,Pakistan,30.19,67.01,1.7,Trace,Normal
2023-09-30,Quetta,Quetta,Pakistan,30.19,67.01,8.2,Light,Normal
2023-10-01,Quetta,Quetta,Pakistan,30.19,67.01,0.1,Trace,Normal
2023-10-03,Quetta,Quetta,Pakistan,30.19,67.01,0.3,Trace,Normal
2023-10-04,Quetta,Quetta,Pakistan,30.19,67.01,0.2,Trace,Normal
2023-10-05,Quetta,Quetta,Pakistan,30.19,67.01,0.4,Trace,Normal
2023-10-08,Quetta,Quetta,Pakistan,30.19,67.01,0.5,Trace,Normal
2023-10-15,Quetta,Quetta,Pakistan,30.19,67.01,0.8,Trace,Normal
2023-10-17,Quetta,Quetta,Pakistan,30.19,67.01,0.2,Trace,Normal
2023-10-18,Quetta,Quetta,Pakistan,30.19,67.01,0.6,Trace,Normal
2023-10-20,Quetta,Quetta,Pakistan,30.19,67.01,1.1,Trace,Normal
2023-10-26,Quetta,Quetta,Pakistan,30.19,67.01,3.0,Trace,Normal
2023-10-27,Quetta,Quetta,Pakistan,30.19,67.01,0.3,Trace,Normal
2023-10-29,Quetta,Quetta,Pakistan,30.19,67.01,0.6,Trace,Normal
2023-10-30,Quetta,Quetta,Pakistan,30.19,67.01,0.7,Trace,Normal
2023-11-07,Quetta,Quetta,Pakistan,30.19,67.01,0.8,Trace,Normal
2023-11-09,Quetta,Quetta,Pakistan,30.19,67.01,3.5,Trace,Normal
2023-11-10,Quetta,Quetta,Pakistan,30.19,67.01,1.2,Trace,Normal
2023-11-12,Quetta,Quetta,Pakistan,30.19,67.01,1.4,Trace,Normal
2023-11-15,Quetta,Quetta,Pakistan,30.19,67.01,1.4,Trace,Normal
2023-11-16,Quetta,Quetta,Pakistan,30.19,67.01,0.2,Trace,Normal
2023-11-20,Quetta,Quetta,Pakistan,30.19,67.01,1.7,Trace,Normal
2023-11-21,Quetta,Quetta,Pakistan,30.19,67.01,0.1,Trace,Normal
2023-11-22,Quetta,Quetta,Pakistan,30.19,67.01,0.8,Trace,Normal
2023-11-24,Quetta,Quetta,Pakistan,30.19,67.01,1.3,Trace,Normal
2023-11-25,Quetta,Quetta,Pakistan,30.19,67.01,0.2,Trace,Normal
2023-11-27,Quetta,Quetta,Pakistan,30.19,67.01,0.7,Trace,Normal
2023-11-30,Quetta,Quetta,Pakistan,30.19,67.01,0.2,Trace,Normal
2023-12-01,Quetta,Quetta,Pakistan,30.19,67.01,1.5,Trace,Normal
2023-12-02,Quetta,Quetta,Pakistan,30.19,67.01,0.1,Trace,Normal
2023-12-05,Quetta,Quetta,Pakistan,30.19,67.01,0.3,Trace,Normal
2023-12-16,Quetta,Quetta,Pakistan,30.19,67.01,3.1,Trace,Normal
2023-12-17,Quetta,Quetta,Pakistan,30.19,67.01,0.7,Trace,Normal
2023-12-18,Quetta,Quetta,Pakistan,30.19,67.01,0.6,Trace,Normal
2023-12-21,Quetta,Quetta,Pakistan,30.19,67.01,1.6,Trace,Normal
2023-12-30,Quetta,Quetta,Pakistan,30.19,67.01,0.7,Trace,Normal
2022-01-01,Multan,Multan,Pakistan,30.19,71.47,0.6,Trace,Normal
2022-01-10,Multan,Multan,Pakistan,30.19,71.47,0.9,Trace,Normal
2022-01-17,Multan,Multan,Pakistan,30.19,71.47,0.8,Trace,Normal
2022-01-21,Multan,Multan,Pakistan,30.19,71.47,0.2,Trace,Normal
2022-01-24,Multan,Multan,Pakistan,30.19,71.47,0.1,Trace,Normal
2022-01-25,Multan,Multan,Pakistan,30.19,71.47,4.7,Trace,Heatwave
2022-01-27,Multan,Multan,Pakistan,30.19,71.47,2.2,Trace,Heatwave
2022-01-30,Multan,Multan,Pakistan,30.19,71.47,0.2,Trace,Heatwave
2022-01-31,Multan,Multan,Pakistan,30.19,71.47,1.4,Trace,Heatwave
2022-02-04,Multan,Multan,Pakistan,30.19,71.47,0.1,Trace,Heatwave
2022-02-06,Multan,Multan,Pakistan,30.19,71.47,0.4,Trace,Heatwave
2022-02-10,Multan,Multan,Pakistan,30.19,71.47,0.1,Trace,Heatwave
2022-02-16,Multan,Multan,Pakistan,30.19,71.47,0.1,Trace,Heatwave
2022-02-17,Multan,Multan,Pakistan,30.19,71.47,0.6,Trace,Heatwave
2022-02-18,Multan,Multan,Pakistan,30.19,71.47,0.5,Trace,Heatwave
2022-02-19,Multan,Multan,Pakistan,30.19,71.47,1.5,Trace,Heatwave
2022-02-21,Multan,Multan,Pakistan,30.19,71.47,0.8,Trace,Heatwave
2022-02-22,Multan,Multan,Pakistan,30.19,71.47,1.4,Trace,Heatwave
2022-02-25,Multan,Multan,Pakistan,30.19,71.47,0.7,Trace,Heatwave
2022-02-26,Multan,Multan,Pakistan,30.19,71.47,1.3,Trace,Heatwave
2022-02-27,Multan,Multan,Pakistan,30.19,71.47,1.5,Trace,Heatwave
2022-02-28,Multan,Multan,Pakistan,30.19,71.47,0.5,Trace,Heatwave
2022-03-07,Multan,Multan,Pakistan,30.19,71.47,0.2,Trace,Heatwave
2022-03-11,Multan,Multan,Pakistan,30.19,71.47,4.8,Trace,Heatwave
2022-03-12,Multan,Multan,Pakistan,30.19,71.47,0.7,Trace,Heatwave
2022-03-13,Multan,Multan,Pakistan,30.19,71.47,0.5,Trace,Heatwave
2022-03-19,Multan,Multan,Pakistan,30.19,71.47,3.6,Trace,Heatwave
2022-03-21,Multan,Multan,Pakistan,30.19,71.47,5.4,Light,Heatwave
2022-03-25,Multan,Multan,Pakistan,30.19,71.47,0.7,Trace,Heatwave
2022-03-27,Multan,Multan,Pakistan,30.19,71.47,1.4,Trace,Heatwave
2022-03-28,Multan,Multan,Pakistan,30.19,71.47,2.5,Trace,Heatwave
2022-03-31,Multan,Multan,Pakistan,30.19,71.47,0.1,Trace,Heatwave
2022-04-02,Multan,Multan,Pakistan,30.19,71.47,0.1,Trace,Heatwave
2022-04-05,Multan,Multan,Pakistan,30.19,71.47,0.7,Trace,Heatwave
2022-04-08,Multan,Multan,Pakistan,30.19,71.47,2.9,Trace,Heatwave
2022-04-14,Multan,Multan,Pakistan,30.19,71.47,1.1,Trace,Heatwave
2022-04-15,Multan,Multan,Pakistan,30.19,71.47,1.3,Trace,Heatwave
2022-04-16,Multan,Multan,Pakistan,30.19,71.47,1.7,Trace,Heatwave
2022-04-17,Multan,Multan,Pakistan,30.19,71.47,0.6,Trace,Heatwave
2022-04-18,Multan,Multan,Pakistan,30.19,71.47,0.2,Trace,Heatwave
2022-04-24,Multan,Multan,Pakistan,30.19,71.47,0.4,Trace,Heatwave
2022-04-26,Multan,Multan,Pakistan,30.19,71.47,0.4,Trace,Heatwave
2022-05-01,Multan,Multan,Pakistan,30.19,71.47,1.7,Trace,Heatwave
2022-05-06,Multan,Multan,Pakistan,30.19,71.47,0.4,Trace,Heatwave
2022-05-07,Multan,Multan,Pakistan,30.19,71.47,0.6,Trace,Heatwave
2022-05-08,Multan,Multan,Pakistan,30.19,71.47,1.6,Trace,Heatwave
2022-05-10,Multan,Multan,Pakistan,30.19,71.47,0.9,Trace,Heatwave
2022-05-15,Multan,Multan,Pakistan,30.19,71.47,0.8,Trace,Heatwave
2022-05-16,Multan,Multan,Pakistan,30.19,71.47,0.3,Trace,Heatwave
2022-05-18,Multan,Multan,Pakistan,30.19,71.47,0.3,Trace,Heatwave
2022-05-20,Multan,Multan,Pakistan,30.19,71.47,1.2,Trace,Heatwave
2022-05-22,Multan,Multan,Pakistan,30.19,71.47,0.4,Trace,Heatwave
2022-05-23,Multan,Multan,Pakistan,30.19,71.47,0.6,Trace,Heatwave
2022-05-25,Multan,Multan,Pakistan,30.19,71.47,0.9,Trace,Heatwave
2022-05-30,Multan,Multan,Pakistan,30.19,71.47,3.0,Trace,Heatwave
2022-05-31,Multan,Multan,Pakistan,30.19,71.47,1.8,Trace,Heatwave
2022-06-01,Multan,Multan,Pakistan,30.19,71.47,0.3,Trace,Heatwave
2022-06-06,Multan,Multan,Pakistan,30.19,71.47,0.5,Trace,Heatwave
2022-06-09,Multan,Multan,Pakistan,30.19,71.47,0.3,Trace,Heatwave
2022-06-10,Multan,Multan,Pakistan,30.19,71.47,1.5,Trace,Heatwave
2022-06-16,Multan,Multan,Pakistan,30.19,71.47,4.0,Trace,Heatwave
2022-06-20,Multan,Multan,Pakistan,30.19,71.47,0.6,Trace,Heatwave
2022-06-21,Multan,Multan,Pakistan,30.19,71.47,1.9,Trace,Heatwave
2022-06-24,Multan,Multan,Pakistan,30.19,71.47,1.5,Trace,Heatwave
2022-07-02,Multan,Multan,Pakistan,30.19,71.47,6.9,Light,Heatwave
2022-07-03,Multan,Multan,Pakistan,30.19,71.47,0.7,Trace,Normal
2022-07-06,Multan,Multan,Pakistan,30.19,71.47,4.8,Trace,Heatwave
2022-07-07,Multan,Multan,Pakistan,30.19,71.47,3.4,Trace,Normal
2022-07-10,Multan,Multan,Pakistan,30.19,71.47,4.2,Trace,Normal
2022-07-12,Multan,Multan,Pakistan,30.19,71.47,8.7,Light,Normal
2022-07-17,Multan,Multan,Pakistan,30.19,71.47,3.5,Trace,Normal
2022-07-18,Multan,Multan,Pakistan,30.19,71.47,2.2,Trace,Normal
2022-07-19,Multan,Multan,Pakistan,30.19,71.47,0.6,Trace,Normal
2022-07-22,Multan,Multan,Pakistan,30.19,71.47,5.1,Light,Normal
2022-07-23,Multan,Multan,Pakistan,30.19,71.47,1.6,Trace,Normal
2022-07-25,Multan,Multan,Pakistan,30.19,71.47,3.6,Trace,Heatwave
2022-07-26,Multan,Multan,Pakistan,30.19,71.47,7.3,Light,Normal
2022-07-27,Multan,Multan,Pakistan,30.19,71.47,16.4,Moderate,Normal
2022-07-30,Multan,Multan,Pakistan,30.19,71.47,0.5,Trace,Normal
2022-07-31,Multan,Multan,Pakistan,30.19,71.47,14.7,Light,Normal
2022-08-01,Multan,Multan,Pakistan,30.19,71.47,4.0,Trace,Normal
2022-08-04,Multan,Multan,Pakistan,30.19,71.47,22.4,Moderate,Normal
2022-08-05,Multan,Multan,Pakistan,30.19,71.47,0.4,Trace,Heatwave
2022-08-06,Multan,Multan,Pakistan,30.19,71.47,2.7,Trace,Normal
2022-08-10,Multan,Multan,Pakistan,30.19,71.47,14.3,Light,Normal
2022-08-11,Multan,Multan,Pakistan,30.19,71.47,3.8,Trace,Normal
2022-08-12,Multan,Multan,Pakistan,30.19,71.47,2.4,Trace,Normal
2022-08-13,Multan,Multan,Pakistan,30.19,71.47,14.4,Light,Normal
2022-08-16,Multan,Multan,Pakistan,30.19,71.47,13.2,Light,Normal
2022-08-26,Multan,Multan,Pakistan,30.19,71.47,2.7,Trace,Normal
2022-08-29,Multan,Multan,Pakistan,30.19,71.47,5.8,Light,Normal
2022-08-30,Multan,Multan,Pakistan,30.19,71.47,15.6,Moderate,Normal
2022-09-02,Multan,Multan,Pakistan,30.19,71.47,12.0,Light,Normal
2022-09-03,Multan,Multan,Pakistan,30.19,71.47,2.3,Trace,Normal
2022-09-04,Multan,Multan,Pakistan,30.19,71.47,1.7,Trace,Normal
2022-09-05,Multan,Multan,Pakistan,30.19,71.47,0.4,Trace,Normal
2022-09-07,Multan,Multan,Pakistan,30.19,71.47,3.5,Trace,Normal
2022-09-09,Multan,Multan,Pakistan,30.19,71.47,11.9,Light,Normal
2022-09-10,Multan,Multan,Pakistan,30.19,71.47,1.0,Trace,Normal
2022-09-13,Multan,Multan,Pakistan,30.19,71.47,6.9,Light,Normal
2022-09-15,Multan,Multan,Pakistan,30.19,71.47,3.8,Trace,Normal
2022-09-19,Multan,Multan,Pakistan,30.19,71.47,2.5,Trace,Normal
2022-09-26,Multan,Multan,Pakistan,30.19,71.47,3.3,Trace,Normal
2022-09-29,Multan,Multan,Pakistan,30.19,71.47,16.8,Moderate,Normal
2022-10-02,Multan,Multan,Pakistan,30.19,71.47,0.4,Trace,Normal
2022-10-03,Multan,Multan,Pakistan,30.19,71.47,0.6,Trace,Normal
2022-10-05,Multan,Multan,Pakistan,30.19,71.47,3.3,Trace,Normal
2022-10-06,Multan,Multan,Pakistan,30.19,71.47,0.2,Trace,Normal
2022-10-10,Multan,Multan,Pakistan,30.19,71.47,0.5,Trace,Normal
2022-10-13,Multan,Multan,Pakistan,30.19,71.47,0.2,Trace,Normal
2022-10-16,Multan,Multan,Pakistan,30.19,71.47,1.4,Trace,Normal
2022-10-22,Multan,Multan,Pakistan,30.19,71.47,3.7,Trace,Normal
2022-10-25,Multan,Multan,Pakistan,30.19,71.47,3.4,Trace,Normal
2022-10-30,Multan,Multan,Pakistan,30.19,71.47,1.4,Trace,Normal
2022-10-31,Multan,Multan,Pakistan,30.19,71.47,1.2,Trace,Normal
2022-11-01,Multan,Multan,Pakistan,30.19,71.47,1.5,Trace,Normal
2022-11-04,Multan,Multan,Pakistan,30.19,71.47,0.2,Trace,Normal
2022-11-05,Multan,Multan,Pakistan,30.19,71.47,0.1,Trace,Normal
2022-11-06,Multan,Multan,Pakistan,30.19,71.47,1.3,Trace,Normal
2022-11-07,Multan,Multan,Pakistan,30.19,71.47,0.6,Trace,Normal
2022-11-08,Multan,Multan,Pakistan,30.19,71.47,2.9,Trace,Normal
2022-11-15,Multan,Multan,Pakistan,30.19,71.47,1.0,Trace,Normal
2022-11-16,Multan,Multan,Pakistan,30.19,71.47,0.2,Trace,Normal
2022-11-19,Multan,Multan,Pakistan,30.19,71.47,0.1,Trace,Normal
2022-11-20,Multan,Multan,Pakistan,30.19,71.47,1.0,Trace,Normal
2022-11-21,Multan,Multan,Pakistan,30.19,71.47,1.2,Trace,Normal
2022-11-24,Multan,Multan,Pakistan,30.19,71.47,0.3,Trace,Normal
2022-12-04,Multan,Multan,Pakistan,30.19,71.47,1.6,Trace,Normal
2022-12-08,Multan,Multan,Pakistan,30.19,71.47,0.2,Trace,Normal
2022-12-11,Multan,Multan,Pakistan,30.19,71.47,0.1,Trace,Normal
2022-12-12,Multan,Multan,Pakistan,30.19,71.47,1.7,Trace,Normal
2022-12-16,Multan,Multan,Pakistan,30.19,71.47,2.1,Trace,Normal
2022-12-17,Multan,Multan,Pakistan,30.19,71.47,0.2,Trace,Normal
2022-12-23,Multan,Multan,Pakistan,30.19,71.47,1.8,Trace,Normal
2022-12-25,Multan,Multan,Pakistan,30.19,71.47,0.7,Trace,Normal
2022-12-26,Multan,Multan,Pakistan,30.19,71.47,1.6,Trace,Normal
2022-12-28,Multan,Multan,Pakistan,30.19,71.47,0.3,Trace,Normal
2023-01-02,Multan,Multan,Pakistan,30.19,71.47,0.2,Trace,Normal
2023-01-05,Multan,Multan,Pakistan,30.19,71.47,0.7,Trace,Normal
2023-01-08,Multan,Multan,Pakistan,30.19,71.47,0.2,Trace,Normal
2023-01-09,Multan,Multan,Pakistan,30.19,71.47,1.1,Trace,Normal
2023-01-10,Multan,Multan,Pakistan,30.19,71.47,1.4,Trace,Normal
2023-01-15,Multan,Multan,Pakistan,30.19,71.47,3.0,Trace,Heatwave
2023-01-16,Multan,Multan,Pakistan,30.19,71.47,0.1,Trace,Normal
2023-01-18,Multan,Multan,Pakistan,30.19,71.47,1.3,Trace,Normal
2023-01-19,Multan,Multan,Pakistan,30.19,71.47,2.6,Trace,Normal
2023-01-20,Multan,Multan,Pakistan,30.19,71.47,0.6,Trace,Normal
2023-01-23,Multan,Multan,Pakistan,30.19,71.47,1.8,Trace,Normal
2023-01-29,Multan,Multan,Pakistan,30.19,71.47,1.6,Trace,Normal
2023-02-02,Multan,Multan,Pakistan,30.19,71.47,1.3,Trace,Normal
2023-02-03,Multan,Multan,Pakistan,30.19,71.47,0.7,Trace,Heatwave
2023-02-07,Multan,Multan,Pakistan,30.19,71.47,0.5,Trace,Heatwave
2023-02-13,Multan,Multan,Pakistan,30.19,71.47,0.4,Trace,Heatwave
2023-02-24,Multan,Multan,Pakistan,30.19,71.47,1.5,Trace,Heatwave
2023-02-25,Multan,Multan,Pakistan,30.19,71.47,0.1,Trace,Heatwave
2023-03-02,Multan,Multan,Pakistan,30.19,71.47,1.3,Trace,Heatwave
2023-03-11,Multan,Multan,Pakistan,30.19,71.47,1.4,Trace,Heatwave
2023-03-13,Multan,Multan,Pakistan,30.19,71.47,0.2,Trace,Heatwave
2023-03-17,Multan,Multan,Pakistan,30.19,71.47,1.9,Trace,Heatwave
2023-03-23,Multan,Multan,Pakistan,30.19,71.47,1.1,Trace,Heatwave
2023-03-24,Multan,Multan,Pakistan,30.19,71.47,0.3,Trace,Heatwave
2023-04-01,Multan,Multan,Pakistan,30.19,71.47,1.6,Trace,Heatwave
2023-04-04,Multan,Multan,Pakistan,30.19,71.47,1.0,Trace,Heatwave
2023-04-06,Multan,Multan,Pakistan,30.19,71.47,1.2,Trace,Heatwave
2023-04-09,Multan,Multan,Pakistan,30.19,71.47,1.4,Trace,Heatwave
2023-04-12,Multan,Multan,Pakistan,30.19,71.47,1.8,Trace,Heatwave
2023-04-14,Multan,Multan,Pakistan,30.19,71.47,2.0,Trace,Heatwave
2023-04-17,Multan,Multan,Pakistan,30.19,71.47,3.4,Trace,Heatwave
2023-04-19,Multan,Multan,Pakistan,30.19,71.47,0.7,Trace,Heatwave
2023-04-21,Multan,Multan,Pakistan,30.19,71.47,2.4,Trace,Heatwave
2023-04-22,Multan,Multan,Pakistan,30.19,71.47,0.1,Trace,Heatwave
2023-04-23,Multan,Multan,Pakistan,30.19,71.47,1.1,Trace,Heatwave
2023-05-05,Multan,Multan,Pakistan,30.19,71.47,0.5,Trace,Heatwave
2023-05-10,Multan,Multan,Pakistan,30.19,71.47,0.5,Trace,Heatwave
2023-05-14,Multan,Multan,Pakistan,30.19,71.47,2.0,Trace,Heatwave
2023-05-19,Multan,Multan,Pakistan,30.19,71.47,0.1,Trace,Heatwave
2023-05-25,Multan,Multan,Pakistan,30.19,71.47,1.1,Trace,Heatwave
2023-05-26,Multan,Multan,Pakistan,30.19,71.47,2.5,Trace,Heatwave
2023-05-30,Multan,Multan,Pakistan,30.19,71.47,0.3,Trace,Heatwave
2023-06-02,Multan,Multan,Pakistan,30.19,71.47,1.4,Trace,Heatwave
2023-06-03,Multan,Multan,Pakistan,30.19,71.47,3.1,Trace,Heatwave
2023-06-07,Multan,Multan,Pakistan,30.19,71.47,0.4,Trace,Heatwave
2023-06-09,Multan,Multan,Pakistan,30.19,71.47,1.9,Trace,Heatwave
2023-06-11,Multan,Multan,Pakistan,30.19,71.47,0.2,Trace,Heatwave
2023-06-12,Multan,Multan,Pakistan,30.19,71.47,2.3,Trace,Heatwave
2023-06-13,Multan,Multan,Pakistan,30.19,71.47,0.1,Trace,Heatwave
2023-06-15,Multan,Multan,Pakistan,30.19,71.47,0.7,Trace,Heatwave
2023-06-24,Multan,Multan,Pakistan,30.19,71.47,4.4,Trace,Heatwave
2023-06-25,Multan,Multan,Pakistan,30.19,71.47,4.5,Trace,Heatwave
2023-06-26,Multan,Multan,Pakistan,30.19,71.47,1.3,Trace,Heatwave
2023-06-30,Multan,Multan,Pakistan,30.19,71.47,2.3,Trace,Normal
2023-07-04,Multan,Multan,Pakistan,30.19,71.47,8.0,Light,Normal
2023-07-05,Multan,Multan,Pakistan,30.19,71.47,0.4,Trace,Heatwave
2023-07-10,Multan,Multan,Pakistan,30.19,71.47,3.7,Trace,Heatwave
2023-07-11,Multan,Multan,Pakistan,30.19,71.47,4.0,Trace,Normal
2023-07-15,Multan,Multan,Pakistan,30.19,71.47,6.4,Light,Normal
2023-07-17,Multan,Multan,Pakistan,30.19,71.47,2.2,Trace,Normal
2023-07-18,Multan,Multan,Pakistan,30.19,71.47,1.4,Trace,Normal
2023-07-20,Multan,Multan,Pakistan,30.19,71.47,1.8,Trace,Normal
2023-07-21,Multan,Multan,Pakistan,30.19,71.47,19.7,Moderate,Normal
2023-07-22,Multan,Multan,Pakistan,30.19,71.47,7.6,Light,Heatwave
2023-07-23,Multan,Multan,Pakistan,30.19,71.47,26.5,Moderate,Normal
2023-07-24,Multan,Multan,Pakistan,30.19,71.47,5.0,Trace,Heatwave
2023-07-26,Multan,Multan,Pakistan,30.19,71.47,4.5,Trace,Normal
2023-07-27,Multan,Multan,Pakistan,30.19,71.47,16.9,Moderate,Normal
2023-07-30,Multan,Multan,Pakistan,30.19,71.47,1.9,Trace,Normal
2023-08-01,Multan,Multan,Pakistan,30.19,71.47,3.6,Trace,Normal
2023-08-09,Multan,Multan,Pakistan,30.19,71.47,18.3,Moderate,Normal
2023-08-15,Multan,Multan,Pakistan,30.19,71.47,2.7,Trace,Normal
2023-08-17,Multan,Multan,Pakistan,30.19,71.47,4.8,Trace,Normal
2023-08-21,Multan,Multan,Pakistan,30.19,71.47,18.7,Moderate,Normal
2023-08-23,Multan,Multan,Pakistan,30.19,71.47,5.8,Light,Normal
2023-08-24,Multan,Multan,Pakistan,30.19,71.47,1.5,Trace,Normal
2023-08-25,Multan,Multan,Pakistan,30.19,71.47,1.3,Trace,Normal
2023-08-28,Multan,Multan,Pakistan,30.19,71.47,0.1,Trace,Normal
2023-08-31,Multan,Multan,Pakistan,30.19,71.47,2.9,Trace,Normal
2023-09-07,Multan,Multan,Pakistan,30.19,71.47,0.3,Trace,Normal
2023-09-08,Multan,Multan,Pakistan,30.19,71.47,7.5,Light,Normal
2023-09-10,Multan,Multan,Pakistan,30.19,71.47,9.9,Light,Normal
2023-09-12,Multan,Multan,Pakistan,30.19,71.47,0.2,Trace,Normal
2023-09-14,Multan,Multan,Pakistan,30.19,71.47,2.8,Trace,Normal
2023-09-19,Multan,Multan,Pakistan,30.19,71.47,6.2,Light,Normal
2023-09-20,Multan,Multan,Pakistan,30.19,71.47,16.8,Moderate,Normal
2023-09-22,Multan,Multan,Pakistan,30.19,71.47,7.1,Light,Normal
2023-09-23,Multan,Multan,Pakistan,30.19,71.47,1.0,Trace,Normal
2023-09-25,Multan,Multan,Pakistan,30.19,71.47,2.7,Trace,Normal
2023-09-26,Multan,Multan,Pakistan,30.19,71.47,12.0,Light,Normal
2023-10-07,Multan,Multan,Pakistan,30.19,71.47,0.7,Trace,Normal
2023-10-09,Multan,Multan,Pakistan,30.19,71.47,1.8,Trace,Normal
2023-10-15,Multan,Multan,Pakistan,30.19,71.47,0.8,Trace,Normal
2023-10-16,Multan,Multan,Pakistan,30.19,71.47,0.8,Trace,Normal
2023-10-17,Multan,Multan,Pakistan,30.19,71.47,0.5,Trace,Normal
2023-10-21,Multan,Multan,Pakistan,30.19,71.47,0.7,Trace,Normal
2023-10-24,Multan,Multan,Pakistan,30.19,71.47,0.2,Trace,Normal
2023-10-27,Multan,Multan,Pakistan,30.19,71.47,0.2,Trace,Normal
2023-10-28,Multan,Multan,Pakistan,30.19,71.47,1.2,Trace,Normal
2023-10-30,Multan,Multan,Pakistan,30.19,71.47,0.9,Trace,Normal
2023-11-01,Multan,Multan,Pakistan,30.19,71.47,0.1,Trace,Normal
2023-11-10,Multan,Multan,Pakistan,30.19,71.47,0.1,Trace,Normal
2023-11-14,Multan,Multan,Pakistan,30.19,71.47,0.3,Trace,Normal
2023-11-20,Multan,Multan,Pakistan,30.19,71.47,1.3,Trace,Normal
2023-11-22,Multan,Multan,Pakistan,30.19,71.47,0.3,Trace,Normal
2023-11-27,Multan,Multan,Pakistan,30.19,71.47,0.8,Trace,Normal
2023-11-30,Multan,Multan,Pakistan,30.19,71.47,0.8,Trace,Normal
2023-12-01,Multan,Multan,Pakistan,30.19,71.47,0.9,Trace,Normal
2023-12-03,Multan,Multan,Pakistan,30.19,71.47,1.0,Trace,Normal
2023-12-05,Multan,Multan,Pakistan,30.19,71.47,1.8,Trace,Normal
2023-12-07,Multan,Multan,Pakistan,30.19,71.47,1.3,Trace,Normal
2023-12-08,Multan,Multan,Pakistan,30.19,71.47,0.3,Trace,Normal
2023-12-09,Multan,Multan,Pakistan,30.19,71.47,1.3,Trace,Normal
2023-12-17,Multan,Multan,Pakistan,30.19,71.47,2.5,Trace,Normal
2023-12-18,Multan,Multan,Pakistan,30.19,71.47,1.6,Trace,Normal
2023-12-19,Multan,Multan,Pakistan,30.19,71.47,1.0,Trace,Normal
2023-12-20,Multan,Multan,Pakistan,30.19,71.47,0.3,Trace,Normal
2023-12-21,Multan,Multan,Pakistan,30.19,71.47,0.4,Trace,Normal
2022-01-01,Faisalabad,Faisalabad,Pakistan,31.42,73.08,0.1,Trace,Normal
2022-01-07,Faisalabad,Faisalabad,Pakistan,31.42,73.08,4.6,Trace,Normal
2022-01-09,Faisalabad,Faisalabad,Pakistan,31.42,73.08,3.6,Trace,Normal
2022-01-10,Faisalabad,Faisalabad,Pakistan,31.42,73.08,0.6,Trace,Normal
2022-01-11,Faisalabad,Faisalabad,Pakistan,31.42,73.08,0.6,Trace,Normal
2022-01-20,Faisalabad,Faisalabad,Pakistan,31.42,73.08,1.1,Trace,Normal
2022-01-28,Faisalabad,Faisalabad,Pakistan,31.42,73.08,0.4,Trace,Normal
2022-01-29,Faisalabad,Faisalabad,Pakistan,31.42,73.08,0.8,Trace,Normal
2022-01-31,Faisalabad,Faisalabad,Pakistan,31.42,73.08,0.2,Trace,Normal
2022-02-02,Faisalabad,Faisalabad,Pakistan,31.42,73.08,0.6,Trace,Normal
2022-02-03,Faisalabad,Faisalabad,Pakistan,31.42,73.08,1.5,Trace,Heatwave
2022-02-05,Faisalabad,Faisalabad,Pakistan,31.42,73.08,2.2,Trace,Heatwave
2022-02-12,Faisalabad,Faisalabad,Pakistan,31.42,73.08,0.3,Trace,Heatwave
2022-02-13,Faisalabad,Faisalabad,Pakistan,31.42,73.08,1.6,Trace,Heatwave
2022-02-14,Faisalabad,Faisalabad,Pakistan,31.42,73.08,0.6,Trace,Heatwave
2022-02-18,Faisalabad,Faisalabad,Pakistan,31.42,73.08,0.5,Trace,Heatwave
2022-02-24,Faisalabad,Faisalabad,Pakistan,31.42,73.08,1.7,Trace,Heatwave
2022-03-09,Faisalabad,Faisalabad,Pakistan,31.42,73.08,0.9,Trace,Heatwave
2022-03-10,Faisalabad,Faisalabad,Pakistan,31.42,73.08,1.7,Trace,Heatwave
2022-03-14,Faisalabad,Faisalabad,Pakistan,31.42,73.08,3.8,Trace,Heatwave
2022-03-18,Faisalabad,Faisalabad,Pakistan,31.42,73.08,0.2,Trace,Heatwave
2022-03-19,Faisalabad,Faisalabad,Pakistan,31.42,73.08,3.2,Trace,Heatwave
2022-03-20,Faisalabad,Faisalabad,Pakistan,31.42,73.08,2.8,Trace,Heatwave
2022-03-21,Faisalabad,Faisalabad,Pakistan,31.42,73.08,0.5,Trace,Heatwave
2022-03-22,Faisalabad,Faisalabad,Pakistan,31.42,73.08,0.4,Trace,Heatwave
2022-03-23,Faisalabad,Faisalabad,Pakistan,31.42,73.08,0.5,Trace,Heatwave
2022-03-26,Faisalabad,Faisalabad,Pakistan,31.42,73.08,3.3,Trace,Heatwave
2022-04-09,Faisalabad,Faisalabad,Pakistan,31.42,73.08,0.4,Trace,Heatwave
2022-04-10,Faisalabad,Faisalabad,Pakistan,31.42,73.08,0.6,Trace,Heatwave
2022-04-12,Faisalabad,Faisalabad,Pakistan,31.42,73.08,4.2,Trace,Heatwave
2022-04-19,Faisalabad,Faisalabad,Pakistan,31.42,73.08,5.7,Light,Heatwave
2022-04-20,Faisalabad,Faisalabad,Pakistan,31.42,73.08,0.4,Trace,Heatwave
2022-04-22,Faisalabad,Faisalabad,Pakistan,31.42,73.08,2.7,Trace,Heatwave
2022-04-23,Faisalabad,Faisalabad,Pakistan,31.42,73.08,1.4,Trace,Heatwave
2022-04-24,Faisalabad,Faisalabad,Pakistan,31.42,73.08,0.8,Trace,Heatwave
2022-05-07,Faisalabad,Faisalabad,Pakistan,31.42,73.08,0.1,Trace,Heatwave
2022-05-12,Faisalabad,Faisalabad,Pakistan,31.42,73.08,3.1,Trace,Heatwave
2022-05-13,Faisalabad,Faisalabad,Pakistan,31.42,73.08,0.4,Trace,Heatwave
2022-05-16,Faisalabad,Faisalabad,Pakistan,31.42,73.08,0.5,Trace,Heatwave
2022-05-17,Faisalabad,Faisalabad,Pakistan,31.42,73.08,2.0,Trace,Heatwave
2022-05-19,Faisalabad,Faisalabad,Pakistan,31.42,73.08,0.3,Trace,Heatwave
2022-05-26,Faisalabad,Faisalabad,Pakistan,31.42,73.08,0.3,Trace,Heatwave
2022-05-28,Faisalabad,Faisalabad,Pakistan,31.42,73.08,5.0,Trace,Heatwave
2022-05-29,Faisalabad,Faisalabad,Pakistan,31.42,73.08,0.6,Trace,Heatwave
2022-05-31,Faisalabad,Faisalabad,Pakistan,31.42,73.08,0.1,Trace,Heatwave
2022-06-01,Faisalabad,Faisalabad,Pakistan,31.42,73.08,0.1,Trace,Heatwave
2022-06-02,Faisalabad,Faisalabad,Pakistan,31.42,73.08,0.3,Trace,Heatwave
2022-06-05,Faisalabad,Faisalabad,Pakistan,31.42,73.08,0.3,Trace,Normal
2022-06-07,Faisalabad,Faisalabad,Pakistan,31.42,73.08,2.3,Trace,Heatwave
2022-06-09,Faisalabad,Faisalabad,Pakistan,31.42,73.08,1.3,Trace,Normal
2022-06-10,Faisalabad,Faisalabad,Pakistan,31.42,73.08,5.9,Light,Heatwave
2022-06-14,Faisalabad,Faisalabad,Pakistan,31.42,73.08,2.5,Trace,Heatwave
2022-06-20,Faisalabad,Faisalabad,Pakistan,31.42,73.08,1.1,Trace,Heatwave
2022-06-24,Faisalabad,Faisalabad,Pakistan,31.42,73.08,0.9,Trace,Heatwave
2022-06-26,Faisalabad,Faisalabad,Pakistan,31.42,73.08,2.9,Trace,Normal
2022-06-27,Faisalabad,Faisalabad,Pakistan,31.42,73.08,1.2,Trace,Heatwave
2022-06-28,Faisalabad,Faisalabad,Pakistan,31.42,73.08,1.8,Trace,Normal
2022-07-02,Faisalabad,Faisalabad,Pakistan,31.42,73.08,1.3,Trace,Normal
2022-07-03,Faisalabad,Faisalabad,Pakistan,31.42,73.08,2.5,Trace,Heatwave
2022-07-05,Faisalabad,Faisalabad,Pakistan,31.42,73.08,4.6,Trace,Normal
2022-07-06,Faisalabad,Faisalabad,Pakistan,31.42,73.08,8.1,Light,Normal
2022-07-09,Faisalabad,Faisalabad,Pakistan,31.42,73.08,1.6,Trace,Normal
2022-07-11,Faisalabad,Faisalabad,Pakistan,31.42,73.08,9.2,Light,Normal
2022-07-12,Faisalabad,Faisalabad,Pakistan,31.42,73.08,4.8,Trace,Normal
2022-07-14,Faisalabad,Faisalabad,Pakistan,31.42,73.08,9.8,Light,Normal
2022-07-15,Faisalabad,Faisalabad,Pakistan,31.42,73.08,14.1,Light,Normal
2022-07-24,Faisalabad,Faisalabad,Pakistan,31.42,73.08,4.0,Trace,Normal
2022-07-27,Faisalabad,Faisalabad,Pakistan,31.42,73.08,0.6,Trace,Normal
2022-07-31,Faisalabad,Faisalabad,Pakistan,31.42,73.08,7.7,Light,Normal
2022-08-04,Faisalabad,Faisalabad,Pakistan,31.42,73.08,0.5,Trace,Normal
2022-08-06,Faisalabad,Faisalabad,Pakistan,31.42,73.08,17.7,Moderate,Normal
2022-08-09,Faisalabad,Faisalabad,Pakistan,31.42,73.08,0.1,Trace,Normal
2022-08-11,Faisalabad,Faisalabad,Pakistan,31.42,73.08,4.4,Trace,Normal
2022-08-12,Faisalabad,Faisalabad,Pakistan,31.42,73.08,5.9,Light,Normal
2022-08-13,Faisalabad,Faisalabad,Pakistan,31.42,73.08,1.6,Trace,Normal
2022-08-19,Faisalabad,Faisalabad,Pakistan,31.42,73.08,1.7,Trace,Normal
2022-08-26,Faisalabad,Faisalabad,Pakistan,31.42,73.08,2.8,Trace,Normal
2022-08-30,Faisalabad,Faisalabad,Pakistan,31.42,73.08,35.7,Heavy,Normal
2022-09-02,Faisalabad,Faisalabad,Pakistan,31.42,73.08,4.1,Trace,Normal
2022-09-04,Faisalabad,Faisalabad,Pakistan,31.42,73.08,0.1,Trace,Normal
2022-09-06,Faisalabad,Faisalabad,Pakistan,31.42,73.08,3.2,Trace,Normal
2022-09-07,Faisalabad,Faisalabad,Pakistan,31.42,73.08,1.6,Trace,Normal
2022-09-09,Faisalabad,Faisalabad,Pakistan,31.42,73.08,5.5,Light,Normal
2022-09-12,Faisalabad,Faisalabad,Pakistan,31.42,73.08,17.0,Moderate,Normal
2022-09-14,Faisalabad,Faisalabad,Pakistan,31.42,73.08,9.7,Light,Normal
2022-09-15,Faisalabad,Faisalabad,Pakistan,31.42,73.08,8.1,Light,Normal
2022-09-18,Faisalabad,Faisalabad,Pakistan,31.42,73.08,1.9,Trace,Normal
2022-09-30,Faisalabad,Faisalabad,Pakistan,31.42,73.08,5.5,Light,Normal
2022-10-02,Faisalabad,Faisalabad,Pakistan,31.42,73.08,2.1,Trace,Normal
2022-10-03,Faisalabad,Faisalabad,Pakistan,31.42,73.08,0.4,Trace,Normal
2022-10-04,Faisalabad,Faisalabad,Pakistan,31.42,73.08,0.9,Trace,Normal
2022-10-06,Faisalabad,Faisalabad,Pakistan,31.42,73.08,0.8,Trace,Normal
2022-10-10,Faisalabad,Faisalabad,Pakistan,31.42,73.08,0.6,Trace,Normal
2022-10-12,Faisalabad,Faisalabad,Pakistan,31.42,73.08,0.8,Trace,Normal
2022-10-15,Faisalabad,Faisalabad,Pakistan,31.42,73.08,1.3,Trace,Normal
2022-10-18,Faisalabad,Faisalabad,Pakistan,31.42,73.08,0.5,Trace,Normal
2022-10-21,Faisalabad,Faisalabad,Pakistan,31.42,73.08,0.5,Trace,Normal
2022-10-23,Faisalabad,Faisalabad,Pakistan,31.42,73.08,2.0,Trace,Normal
2022-10-25,Faisalabad,Faisalabad,Pakistan,31.42,73.08,0.5,Trace,Normal
2022-10-27,Faisalabad,Faisalabad,Pakistan,31.42,73.08,1.0,Trace,Normal
2022-10-29,Faisalabad,Faisalabad,Pakistan,31.42,73.08,2.2,Trace,Normal
2022-11-01,Faisalabad,Faisalabad,Pakistan,31.42,73.08,1.2,Trace,Normal
2022-11-03,Faisalabad,Faisalabad,Pakistan,31.42,73.08,1.2,Trace,Normal
2022-11-05,Faisalabad,Faisalabad,Pakistan,31.42,73.08,0.6,Trace,Normal
2022-11-06,Faisalabad,Faisalabad,Pakistan,31.42,73.08,2.0,Trace,Normal
2022-11-15,Faisalabad,Faisalabad,Pakistan,31.42,73.08,4.1,Trace,Normal
2022-11-17,Faisalabad,Faisalabad,Pakistan,31.42,73.08,3.2,Trace,Normal
2022-11-18,Faisalabad,Faisalabad,Pakistan,31.42,73.08,0.6,Trace,Normal
2022-11-21,Faisalabad,Faisalabad,Pakistan,31.42,73.08,1.1,Trace,Normal
2022-11-23,Faisalabad,Faisalabad,Pakistan,31.42,73.08,0.1,Trace,Normal
2022-11-27,Faisalabad,Faisalabad,Pakistan,31.42,73.08,1.5,Trace,Normal
2022-11-28,Faisalabad,Faisalabad,Pakistan,31.42,73.08,0.2,Trace,Normal
2022-12-02,Faisalabad,Faisalabad,Pakistan,31.42,73.08,2.3,Trace,Normal
2022-12-03,Faisalabad,Faisalabad,Pakistan,31.42,73.08,0.2,Trace,Normal
2022-12-07,Faisalabad,Faisalabad,Pakistan,31.42,73.08,1.3,Trace,Normal
2022-12-08,Faisalabad,Faisalabad,Pakistan,31.42,73.08,0.1,Trace,Normal
2022-12-10,Faisalabad,Faisalabad,Pakistan,31.42,73.08,2.3,Trace,Normal
2022-12-13,Faisalabad,Faisalabad,Pakistan,31.42,73.08,1.9,Trace,Normal
2022-12-14,Faisalabad,Faisalabad,Pakistan,31.42,73.08,0.3,Trace,Normal
2022-12-16,Faisalabad,Faisalabad,Pakistan,31.42,73.08,0.2,Trace,Normal
2022-12-17,Faisalabad,Faisalabad,Pakistan,31.42,73.08,0.7,Trace,Normal
2022-12-18,Faisalabad,Faisalabad,Pakistan,31.42,73.08,1.2,Trace,Normal
2022-12-21,Faisalabad,Faisalabad,Pakistan,31.42,73.08,0.6,Trace,Normal
2022-12-29,Faisalabad,Faisalabad,Pakistan,31.42,73.08,1.3,Trace,Normal
2022-12-31,Faisalabad,Faisalabad,Pakistan,31.42,73.08,1.5,Trace,Normal
2023-01-01,Faisalabad,Faisalabad,Pakistan,31.42,73.08,0.2,Trace,Normal
2023-01-06,Faisalabad,Faisalabad,Pakistan,31.42,73.08,0.1,Trace,Normal
2023-01-12,Faisalabad,Faisalabad,Pakistan,31.42,73.08,0.5,Trace,Normal
2023-01-15,Faisalabad,Faisalabad,Pakistan,31.42,73.08,1.3,Trace,Normal
2023-01-21,Faisalabad,Faisalabad,Pakistan,31.42,73.08,2.4,Trace,Normal
2023-01-22,Faisalabad,Faisalabad,Pakistan,31.42,73.08,0.5,Trace,Normal
2023-01-25,Faisalabad,Faisalabad,Pakistan,31.42,73.08,1.2,Trace,Heatwave
2023-01-28,Faisalabad,Faisalabad,Pakistan,31.42,73.08,1.2,Trace,Heatwave
2023-02-04,Faisalabad,Faisalabad,Pakistan,31.42,73.08,2.2,Trace,Normal
2023-02-05,Faisalabad,Faisalabad,Pakistan,31.42,73.08,1.0,Trace,Normal
2023-02-10,Faisalabad,Faisalabad,Pakistan,31.42,73.08,0.1,Trace,Heatwave
2023-02-11,Faisalabad,Faisalabad,Pakistan,31.42,73.08,0.7,Trace,Normal
2023-02-17,Faisalabad,Faisalabad,Pakistan,31.42,73.08,2.3,Trace,Heatwave
2023-02-20,Faisalabad,Faisalabad,Pakistan,31.42,73.08,0.6,Trace,Heatwave
2023-02-26,Faisalabad,Faisalabad,Pakistan,31.42,73.08,0.7,Trace,Heatwave
2023-03-01,Faisalabad,Faisalabad,Pakistan,31.42,73.08,1.3,Trace,Heatwave
2023-03-07,Faisalabad,Faisalabad,Pakistan,31.42,73.08,0.9,Trace,Heatwave
2023-03-13,Faisalabad,Faisalabad,Pakistan,31.42,73.08,0.2,Trace,Heatwave
2023-03-17,Faisalabad,Faisalabad,Pakistan,31.42,73.08,4.0,Trace,Heatwave
2023-03-20,Faisalabad,Faisalabad,Pakistan,31.42,73.08,0.4,Trace,Heatwave
2023-03-24,Faisalabad,Faisalabad,Pakistan,31.42,73.08,6.3,Light,Heatwave
2023-03-26,Faisalabad,Faisalabad,Pakistan,31.42,73.08,2.7,Trace,Heatwave
2023-03-27,Faisalabad,Faisalabad,Pakistan,31.42,73.08,2.0,Trace,Heatwave
2023-03-28,Faisalabad,Faisalabad,Pakistan,31.42,73.08,0.9,Trace,Heatwave
2023-03-29,Faisalabad,Faisalabad,Pakistan,31.42,73.08,0.7,Trace,Heatwave
2023-04-02,Faisalabad,Faisalabad,Pakistan,31.42,73.08,1.6,Trace,Heatwave
2023-04-10,Faisalabad,Faisalabad,Pakistan,31.42,73.08,3.7,Trace,Heatwave
2023-04-16,Faisalabad,Faisalabad,Pakistan,31.42,73.08,0.6,Trace,Heatwave
2023-04-18,Faisalabad,Faisalabad,Pakistan,31.42,73.08,0.2,Trace,Heatwave
2023-04-19,Faisalabad,Faisalabad,Pakistan,31.42,73.08,0.2,Trace,Heatwave
2023-04-30,Faisalabad,Faisalabad,Pakistan,31.42,73.08,1.5,Trace,Heatwave
2023-05-02,Faisalabad,Faisalabad,Pakistan,31.42,73.08,0.5,Trace,Heatwave
2023-05-07,Faisalabad,Faisalabad,Pakistan,31.42,73.08,3.0,Trace,Heatwave
2023-05-09,Faisalabad,Faisalabad,Pakistan,31.42,73.08,2.1,Trace,Heatwave
2023-05-11,Faisalabad,Faisalabad,Pakistan,31.42,73.08,0.9,Trace,Heatwave
2023-05-20,Faisalabad,Faisalabad,Pakistan,31.42,73.08,2.1,Trace,Heatwave
2023-05-21,Faisalabad,Faisalabad,Pakistan,31.42,73.08,1.1,Trace,Heatwave
2023-05-22,Faisalabad,Faisalabad,Pakistan,31.42,73.08,1.9,Trace,Heatwave
2023-05-28,Faisalabad,Faisalabad,Pakistan,31.42,73.08,1.6,Trace,Heatwave
2023-06-01,Faisalabad,Faisalabad,Pakistan,31.42,73.08,1.0,Trace,Heatwave
2023-06-08,Faisalabad,Faisalabad,Pakistan,31.42,73.08,1.3,Trace,Heatwave
2023-06-13,Faisalabad,Faisalabad,Pakistan,31.42,73.08,0.6,Trace,Normal
2023-06-17,Faisalabad,Faisalabad,Pakistan,31.42,73.08,1.5,Trace,Heatwave
2023-06-21,Faisalabad,Faisalabad,Pakistan,31.42,73.08,1.0,Trace,Heatwave
2023-07-02,Faisalabad,Faisalabad,Pakistan,31.42,73.08,0.4,Trace,Normal
2023-07-06,Faisalabad,Faisalabad,Pakistan,31.42,73.08,10.3,Light,Normal
2023-07-11,Faisalabad,Faisalabad,Pakistan,31.42,73.08,11.2,Light,Normal
2023-07-14,Faisalabad,Faisalabad,Pakistan,31.42,73.08,6.2,Light,Normal
2023-07-20,Faisalabad,Faisalabad,Pakistan,31.42,73.08,2.4,Trace,Normal
2023-07-22,Faisalabad,Faisalabad,Pakistan,31.42,73.08,1.3,Trace,Normal
2023-07-26,Faisalabad,Faisalabad,Pakistan,31.42,73.08,3.9,Trace,Normal
2023-07-27,Faisalabad,Faisalabad,Pakistan,31.42,73.08,2.9,Trace,Normal
2023-07-28,Faisalabad,Faisalabad,Pakistan,31.42,73.08,15.0,Light,Normal
2023-07-30,Faisalabad,Faisalabad,Pakistan,31.42,73.08,4.5,Trace,Normal
2023-08-03,Faisalabad,Faisalabad,Pakistan,31.42,73.08,1.2,Trace,Normal
2023-08-05,Faisalabad,Faisalabad,Pakistan,31.42,73.08,23.2,Moderate,Normal
2023-08-09,Faisalabad,Faisalabad,Pakistan,31.42,73.08,3.3,Trace,Normal
2023-08-12,Faisalabad,Faisalabad,Pakistan,31.42,73.08,10.7,Light,Normal
2023-08-13,Faisalabad,Faisalabad,Pakistan,31.42,73.08,18.3,Moderate,Normal
2023-08-16,Faisalabad,Faisalabad,Pakistan,31.42,73.08,6.1,Light,Normal
2023-08-18,Faisalabad,Faisalabad,Pakistan,31.42,73.08,4.6,Trace,Normal
2023-08-21,Faisalabad,Faisalabad,Pakistan,31.42,73.08,7.1,Light,Normal
2023-08-23,Faisalabad,Faisalabad,Pakistan,31.42,73.08,6.0,Light,Normal
2023-08-24,Faisalabad,Faisalabad,Pakistan,31.42,73.08,5.2,Light,Normal
2023-08-26,Faisalabad,Faisalabad,Pakistan,31.42,73.08,5.4,Light,Normal
2023-08-28,Faisalabad,Faisalabad,Pakistan,31.42,73.08,11.5,Light,Normal
2023-09-10,Faisalabad,Faisalabad,Pakistan,31.42,73.08,3.2,Trace,Normal
2023-09-11,Faisalabad,Faisalabad,Pakistan,31.42,73.08,1.4,Trace,Normal
2023-09-15,Faisalabad,Faisalabad,Pakistan,31.42,73.08,3.0,Trace,Normal
2023-09-16,Faisalabad,Faisalabad,Pakistan,31.42,73.08,10.4,Light,Normal
2023-09-19,Faisalabad,Faisalabad,Pakistan,31.42,73.08,10.7,Light,Normal
2023-09-24,Faisalabad,Faisalabad,Pakistan,31.42,73.08,5.3,Light,Normal
2023-09-25,Faisalabad,Faisalabad,Pakistan,31.42,73.08,5.6,Light,Normal
2023-09-28,Faisalabad,Faisalabad,Pakistan,31.42,73.08,7.7,Light,Normal
2023-10-01,Faisalabad,Faisalabad,Pakistan,31.42,73.08,0.3,Trace,Normal
2023-10-04,Faisalabad,Faisalabad,Pakistan,31.42,73.08,1.3,Trace,Normal
2023-10-05,Faisalabad,Faisalabad,Pakistan,31.42,73.08,0.5,Trace,Normal
2023-10-07,Faisalabad,Faisalabad,Pakistan,31.42,73.08,1.7,Trace,Normal
2023-10-09,Faisalabad,Faisalabad,Pakistan,31.42,73.08,0.8,Trace,Normal
2023-10-18,Faisalabad,Faisalabad,Pakistan,31.42,73.08,3.6,Trace,Normal
2023-10-19,Faisalabad,Faisalabad,Pakistan,31.42,73.08,1.2,Trace,Normal
2023-10-20,Faisalabad,Faisalabad,Pakistan,31.42,73.08,2.1,Trace,Normal
2023-10-23,Faisalabad,Faisalabad,Pakistan,31.42,73.08,0.9,Trace,Normal
2023-10-28,Faisalabad,Faisalabad,Pakistan,31.42,73.08,0.6,Trace,Normal
2023-11-04,Faisalabad,Faisalabad,Pakistan,31.42,73.08,0.1,Trace,Normal
2023-11-06,Faisalabad,Faisalabad,Pakistan,31.42,73.08,0.7,Trace,Normal
2023-11-08,Faisalabad,Faisalabad,Pakistan,31.42,73.08,2.4,Trace,Normal
2023-11-12,Faisalabad,Faisalabad,Pakistan,31.42,73.08,0.7,Trace,Normal
2023-11-16,Faisalabad,Faisalabad,Pakistan,31.42,73.08,0.5,Trace,Normal
2023-11-18,Faisalabad,Faisalabad,Pakistan,31.42,73.08,1.1,Trace,Normal
2023-11-24,Faisalabad,Faisalabad,Pakistan,31.42,73.08,2.4,Trace,Normal
2023-11-26,Faisalabad,Faisalabad,Pakistan,31.42,73.08,0.4,Trace,Normal
2023-11-27,Faisalabad,Faisalabad,Pakistan,31.42,73.08,0.6,Trace,Normal
2023-11-29,Faisalabad,Faisalabad,Pakistan,31.42,73.08,1.7,Trace,Normal
2023-12-02,Faisalabad,Faisalabad,Pakistan,31.42,73.08,1.0,Trace,Normal
2023-12-03,Faisalabad,Faisalabad,Pakistan,31.42,73.08,2.4,Trace,Normal
2023-12-04,Faisalabad,Faisalabad,Pakistan,31.42,73.08,0.3,Trace,Normal
2023-12-10,Faisalabad,Faisalabad,Pakistan,31.42,73.08,0.2,Trace,Normal
2023-12-11,Faisalabad,Faisalabad,Pakistan,31.42,73.08,0.3,Trace,Normal
2023-12-12,Faisalabad,Faisalabad,Pakistan,31.42,73.08,0.8,Trace,Normal
2023-12-17,Faisalabad,Faisalabad,Pakistan,31.42,73.08,2.9,Trace,Normal
2023-12-19,Faisalabad,Faisalabad,Pakistan,31.42,73.08,0.8,Trace,Normal
2023-12-28,Faisalabad,Faisalabad,Pakistan,31.42,73.08,4.1,Trace,Normal
2023-12-29,Faisalabad,Faisalabad,Pakistan,31.42,73.08,2.0,Trace,Normal
2022-01-02,Hyderabad,Hyderabad,Pakistan,25.37,68.37,1.6,Trace,Normal
2022-01-13,Hyderabad,Hyderabad,Pakistan,25.37,68.37,1.4,Trace,Normal
2022-01-14,Hyderabad,Hyderabad,Pakistan,25.37,68.37,1.0,Trace,Normal
2022-01-16,Hyderabad,Hyderabad,Pakistan,25.37,68.37,2.2,Trace,Normal
2022-01-19,Hyderabad,Hyderabad,Pakistan,25.37,68.37,1.4,Trace,Normal
2022-01-21,Hyderabad,Hyderabad,Pakistan,25.37,68.37,0.1,Trace,Normal
2022-01-22,Hyderabad,Hyderabad,Pakistan,25.37,68.37,2.6,Trace,Heatwave
2022-01-25,Hyderabad,Hyderabad,Pakistan,25.37,68.37,0.3,Trace,Normal
2022-01-27,Hyderabad,Hyderabad,Pakistan,25.37,68.37,0.3,Trace,Normal
2022-01-28,Hyderabad,Hyderabad,Pakistan,25.37,68.37,0.8,Trace,Normal
2022-01-31,Hyderabad,Hyderabad,Pakistan,25.37,68.37,0.6,Trace,Heatwave
2022-02-04,Hyderabad,Hyderabad,Pakistan,25.37,68.37,0.3,Trace,Heatwave
2022-02-05,Hyderabad,Hyderabad,Pakistan,25.37,68.37,3.0,Trace,Normal
2022-02-08,Hyderabad,Hyderabad,Pakistan,25.37,68.37,0.8,Trace,Heatwave
2022-02-10,Hyderabad,Hyderabad,Pakistan,25.37,68.37,0.6,Trace,Heatwave
2022-02-13,Hyderabad,Hyderabad,Pakistan,25.37,68.37,0.2,Trace,Heatwave
2022-02-15,Hyderabad,Hyderabad,Pakistan,25.37,68.37,0.3,Trace,Heatwave
2022-02-25,Hyderabad,Hyderabad,Pakistan,25.37,68.37,0.9,Trace,Heatwave
2022-02-28,Hyderabad,Hyderabad,Pakistan,25.37,68.37,0.2,Trace,Heatwave
2022-03-03,Hyderabad,Hyderabad,Pakistan,25.37,68.37,0.3,Trace,Heatwave
2022-03-05,Hyderabad,Hyderabad,Pakistan,25.37,68.37,0.5,Trace,Heatwave
2022-03-06,Hyderabad,Hyderabad,Pakistan,25.37,68.37,1.5,Trace,Heatwave
2022-03-09,Hyderabad,Hyderabad,Pakistan,25.37,68.37,2.1,Trace,Heatwave
2022-03-10,Hyderabad,Hyderabad,Pakistan,25.37,68.37,0.7,Trace,Heatwave
2022-03-11,Hyderabad,Hyderabad,Pakistan,25.37,68.37,2.3,Trace,Heatwave
2022-03-13,Hyderabad,Hyderabad,Pakistan,25.37,68.37,3.2,Trace,Heatwave
2022-03-15,Hyderabad,Hyderabad,Pakistan,25.37,68.37,0.2,Trace,Heatwave
2022-03-21,Hyderabad,Hyderabad,Pakistan,25.37,68.37,0.9,Trace,Heatwave
2022-03-23,Hyderabad,Hyderabad,Pakistan,25.37,68.37,1.7,Trace,Heatwave
2022-03-24,Hyderabad,Hyderabad,Pakistan,25.37,68.37,1.9,Trace,Heatwave
2022-03-30,Hyderabad,Hyderabad,Pakistan,25.37,68.37,1.0,Trace,Heatwave
2022-04-01,Hyderabad,Hyderabad,Pakistan,25.37,68.37,0.3,Trace,Heatwave
2022-04-10,Hyderabad,Hyderabad,Pakistan,25.37,68.37,0.5,Trace,Heatwave
2022-04-13,Hyderabad,Hyderabad,Pakistan,25.37,68.37,1.9,Trace,Heatwave
2022-04-15,Hyderabad,Hyderabad,Pakistan,25.37,68.37,2.3,Trace,Heatwave
2022-04-18,Hyderabad,Hyderabad,Pakistan,25.37,68.37,0.1,Trace,Heatwave
2022-04-20,Hyderabad,Hyderabad,Pakistan,25.37,68.37,0.4,Trace,Heatwave
2022-05-01,Hyderabad,Hyderabad,Pakistan,25.37,68.37,1.1,Trace,Heatwave
2022-05-04,Hyderabad,Hyderabad,Pakistan,25.37,68.37,0.5,Trace,Heatwave
2022-05-08,Hyderabad,Hyderabad,Pakistan,25.37,68.37,0.5,Trace,Heatwave
2022-05-10,Hyderabad,Hyderabad,Pakistan,25.37,68.37,0.7,Trace,Heatwave
2022-05-19,Hyderabad,Hyderabad,Pakistan,25.37,68.37,0.1,Trace,Heatwave
2022-05-27,Hyderabad,Hyderabad,Pakistan,25.37,68.37,0.5,Trace,Heatwave
2022-05-29,Hyderabad,Hyderabad,Pakistan,25.37,68.37,0.9,Trace,Heatwave
2022-05-31,Hyderabad,Hyderabad,Pakistan,25.37,68.37,1.3,Trace,Heatwave
2022-06-04,Hyderabad,Hyderabad,Pakistan,25.37,68.37,0.5,Trace,Heatwave
2022-06-05,Hyderabad,Hyderabad,Pakistan,25.37,68.37,1.9,Trace,Heatwave
2022-06-06,Hyderabad,Hyderabad,Pakistan,25.37,68.37,0.6,Trace,Heatwave
2022-06-08,Hyderabad,Hyderabad,Pakistan,25.37,68.37,2.2,Trace,Heatwave
2022-06-22,Hyderabad,Hyderabad,Pakistan,25.37,68.37,0.8,Trace,Heatwave
2022-06-29,Hyderabad,Hyderabad,Pakistan,25.37,68.37,1.4,Trace,Heatwave
2022-07-02,Hyderabad,Hyderabad,Pakistan,25.37,68.37,0.4,Trace,Heatwave
2022-07-03,Hyderabad,Hyderabad,Pakistan,25.37,68.37,0.6,Trace,Normal
2022-07-06,Hyderabad,Hyderabad,Pakistan,25.37,68.37,1.9,Trace,Normal
2022-07-07,Hyderabad,Hyderabad,Pakistan,25.37,68.37,0.8,Trace,Heatwave
2022-07-11,Hyderabad,Hyderabad,Pakistan,25.37,68.37,1.4,Trace,Heatwave
2022-07-14,Hyderabad,Hyderabad,Pakistan,25.37,68.37,6.1,Light,Heatwave
2022-07-16,Hyderabad,Hyderabad,Pakistan,25.37,68.37,0.1,Trace,Normal
2022-07-22,Hyderabad,Hyderabad,Pakistan,25.37,68.37,3.5,Trace,Normal
2022-07-28,Hyderabad,Hyderabad,Pakistan,25.37,68.37,14.7,Light,Normal
2022-07-30,Hyderabad,Hyderabad,Pakistan,25.37,68.37,2.0,Trace,Normal
2022-08-01,Hyderabad,Hyderabad,Pakistan,25.37,68.37,0.1,Trace,Normal
2022-08-06,Hyderabad,Hyderabad,Pakistan,25.37,68.37,1.0,Trace,Normal
2022-08-07,Hyderabad,Hyderabad,Pakistan,25.37,68.37,1.3,Trace,Normal
2022-08-08,Hyderabad,Hyderabad,Pakistan,25.37,68.37,3.8,Trace,Normal
2022-08-15,Hyderabad,Hyderabad,Pakistan,25.37,68.37,0.7,Trace,Normal
2022-08-18,Hyderabad,Hyderabad,Pakistan,25.37,68.37,1.4,Trace,Normal
2022-08-22,Hyderabad,Hyderabad,Pakistan,25.37,68.37,7.8,Light,Normal
2022-08-25,Hyderabad,Hyderabad,Pakistan,25.37,68.37,7.0,Light,Normal
2022-08-26,Hyderabad,Hyderabad,Pakistan,25.37,68.37,1.1,Trace,Normal
2022-08-31,Hyderabad,Hyderabad,Pakistan,25.37,68.37,12.1,Light,Normal
2022-09-03,Hyderabad,Hyderabad,Pakistan,25.37,68.37,3.9,Trace,Normal
2022-09-04,Hyderabad,Hyderabad,Pakistan,25.37,68.37,3.4,Trace,Normal
2022-09-06,Hyderabad,Hyderabad,Pakistan,25.37,68.37,1.2,Trace,Normal
2022-09-08,Hyderabad,Hyderabad,Pakistan,25.37,68.37,4.4,Trace,Normal
2022-09-12,Hyderabad,Hyderabad,Pakistan,25.37,68.37,3.4,Trace,Normal
2022-09-14,Hyderabad,Hyderabad,Pakistan,25.37,68.37,2.3,Trace,Normal
2022-09-17,Hyderabad,Hyderabad,Pakistan,25.37,68.37,6.1,Light,Normal
2022-09-18,Hyderabad,Hyderabad,Pakistan,25.37,68.37,3.7,Trace,Normal
2022-09-19,Hyderabad,Hyderabad,Pakistan,25.37,68.37,12.0,Light,Normal
2022-09-28,Hyderabad,Hyderabad,Pakistan,25.37,68.37,3.0,Trace,Normal
2022-10-01,Hyderabad,Hyderabad,Pakistan,25.37,68.37,0.2,Trace,Normal
2022-10-04,Hyderabad,Hyderabad,Pakistan,25.37,68.37,1.0,Trace,Normal
2022-10-05,Hyderabad,Hyderabad,Pakistan,25.37,68.37,0.3,Trace,Normal
2022-10-10,Hyderabad,Hyderabad,Pakistan,25.37,68.37,0.2,Trace,Normal
2022-10-11,Hyderabad,Hyderabad,Pakistan,25.37,68.37,1.7,Trace,Normal
2022-10-14,Hyderabad,Hyderabad,Pakistan,25.37,68.37,0.5,Trace,Normal
2022-10-15,Hyderabad,Hyderabad,Pakistan,25.37,68.37,0.6,Trace,Normal
2022-10-17,Hyderabad,Hyderabad,Pakistan,25.37,68.37,0.8,Trace,Normal
2022-10-19,Hyderabad,Hyderabad,Pakistan,25.37,68.37,0.2,Trace,Normal
2022-10-24,Hyderabad,Hyderabad,Pakistan,25.37,68.37,0.4,Trace,Normal
2022-10-26,Hyderabad,Hyderabad,Pakistan,25.37,68.37,3.4,Trace,Normal
2022-10-27,Hyderabad,Hyderabad,Pakistan,25.37,68.37,0.3,Trace,Normal
2022-10-28,Hyderabad,Hyderabad,Pakistan,25.37,68.37,0.2,Trace,Normal
2022-11-03,Hyderabad,Hyderabad,Pakistan,25.37,68.37,1.3,Trace,Normal
2022-11-07,Hyderabad,Hyderabad,Pakistan,25.37,68.37,2.1,Trace,Normal
2022-11-10,Hyderabad,Hyderabad,Pakistan,25.37,68.37,1.5,Trace,Normal
2022-11-13,Hyderabad,Hyderabad,Pakistan,25.37,68.37,2.0,Trace,Normal
2022-11-14,Hyderabad,Hyderabad,Pakistan,25.37,68.37,0.4,Trace,Normal
2022-11-18,Hyderabad,Hyderabad,Pakistan,25.37,68.37,3.2,Trace,Normal
2022-11-19,Hyderabad,Hyderabad,Pakistan,25.37,68.37,0.1,Trace,Normal
2022-11-20,Hyderabad,Hyderabad,Pakistan,25.37,68.37,2.6,Trace,Normal
2022-11-25,Hyderabad,Hyderabad,Pakistan,25.37,68.37,1.4,Trace,Normal
2022-11-28,Hyderabad,Hyderabad,Pakistan,25.37,68.37,0.7,Trace,Normal
2022-12-08,Hyderabad,Hyderabad,Pakistan,25.37,68.37,0.2,Trace,Normal
2022-12-11,Hyderabad,Hyderabad,Pakistan,25.37,68.37,0.6,Trace,Normal
2022-12-25,Hyderabad,Hyderabad,Pakistan,25.37,68.37,0.2,Trace,Normal
2022-12-27,Hyderabad,Hyderabad,Pakistan,25.37,68.37,0.7,Trace,Normal
2023-01-04,Hyderabad,Hyderabad,Pakistan,25.37,68.37,2.0,Trace,Normal
2023-01-07,Hyderabad,Hyderabad,Pakistan,25.37,68.37,4.1,Trace,Normal
2023-01-08,Hyderabad,Hyderabad,Pakistan,25.37,68.37,1.6,Trace,Normal
2023-01-09,Hyderabad,Hyderabad,Pakistan,25.37,68.37,0.2,Trace,Normal
2023-01-12,Hyderabad,Hyderabad,Pakistan,25.37,68.37,1.1,Trace,Normal
2023-01-13,Hyderabad,Hyderabad,Pakistan,25.37,68.37,0.2,Trace,Normal
2023-01-14,Hyderabad,Hyderabad,Pakistan,25.37,68.37,0.6,Trace,Normal
2023-01-17,Hyderabad,Hyderabad,Pakistan,25.37,68.37,2.6,Trace,Normal
2023-01-24,Hyderabad,Hyderabad,Pakistan,25.37,68.37,0.2,Trace,Heatwave
2023-01-27,Hyderabad,Hyderabad,Pakistan,25.37,68.37,0.5,Trace,Normal
2023-02-05,Hyderabad,Hyderabad,Pakistan,25.37,68.37,5.2,Light,Heatwave
2023-02-07,Hyderabad,Hyderabad,Pakistan,25.37,68.37,1.7,Trace,Heatwave
2023-02-09,Hyderabad,Hyderabad,Pakistan,25.37,68.37,0.2,Trace,Heatwave
2023-02-10,Hyderabad,Hyderabad,Pakistan,25.37,68.37,2.1,Trace,Heatwave
2023-02-15,Hyderabad,Hyderabad,Pakistan,25.37,68.37,0.1,Trace,Heatwave
2023-02-19,Hyderabad,Hyderabad,Pakistan,25.37,68.37,1.6,Trace,Heatwave
2023-02-23,Hyderabad,Hyderabad,Pakistan,25.37,68.37,3.0,Trace,Heatwave
2023-02-25,Hyderabad,Hyderabad,Pakistan,25.37,68.37,1.4,Trace,Heatwave
2023-02-28,Hyderabad,Hyderabad,Pakistan,25.37,68.37,1.1,Trace,Heatwave
2023-03-05,Hyderabad,Hyderabad,Pakistan,25.37,68.37,0.7,Trace,Heatwave
2023-03-08,Hyderabad,Hyderabad,Pakistan,25.37,68.37,0.2,Trace,Heatwave
2023-03-09,Hyderabad,Hyderabad,Pakistan,25.37,68.37,0.1,Trace,Heatwave
2023-03-11,Hyderabad,Hyderabad,Pakistan,25.37,68.37,0.1,Trace,Heatwave
2023-03-13,Hyderabad,Hyderabad,Pakistan,25.37,68.37,1.1,Trace,Heatwave
2023-03-22,Hyderabad,Hyderabad,Pakistan,25.37,68.37,0.2,Trace,Heatwave
2023-03-26,Hyderabad,Hyderabad,Pakistan,25.37,68.37,1.8,Trace,Heatwave
2023-03-29,Hyderabad,Hyderabad,Pakistan,25.37,68.37,0.1,Trace,Heatwave
2023-03-31,Hyderabad,Hyderabad,Pakistan,25.37,68.37,0.4,Trace,Heatwave
2023-04-03,Hyderabad,Hyderabad,Pakistan,25.37,68.37,0.6,Trace,Heatwave
2023-04-09,Hyderabad,Hyderabad,Pakistan,25.37,68.37,0.9,Trace,Heatwave
2023-04-16,Hyderabad,Hyderabad,Pakistan,25.37,68.37,0.8,Trace,Heatwave
2023-04-17,Hyderabad,Hyderabad,Pakistan,25.37,68.37,1.4,Trace,Heatwave
2023-04-24,Hyderabad,Hyderabad,Pakistan,25.37,68.37,1.1,Trace,Heatwave
2023-04-25,Hyderabad,Hyderabad,Pakistan,25.37,68.37,0.8,Trace,Heatwave
2023-04-30,Hyderabad,Hyderabad,Pakistan,25.37,68.37,0.7,Trace,Heatwave
2023-05-04,Hyderabad,Hyderabad,Pakistan,25.37,68.37,0.7,Trace,Heatwave
2023-05-07,Hyderabad,Hyderabad,Pakistan,25.37,68.37,0.5,Trace,Heatwave
2023-05-08,Hyderabad,Hyderabad,Pakistan,25.37,68.37,0.8,Trace,Heatwave
2023-05-10,Hyderabad,Hyderabad,Pakistan,25.37,68.37,0.8,Trace,Heatwave
2023-05-12,Hyderabad,Hyderabad,Pakistan,25.37,68.37,0.1,Trace,Heatwave
2023-05-21,Hyderabad,Hyderabad,Pakistan,25.37,68.37,1.5,Trace,Heatwave
2023-05-26,Hyderabad,Hyderabad,Pakistan,25.37,68.37,0.3,Trace,Heatwave
2023-05-27,Hyderabad,Hyderabad,Pakistan,25.37,68.37,0.6,Trace,Heatwave
2023-05-28,Hyderabad,Hyderabad,Pakistan,25.37,68.37,0.3,Trace,Heatwave
2023-05-31,Hyderabad,Hyderabad,Pakistan,25.37,68.37,2.4,Trace,Heatwave
2023-06-02,Hyderabad,Hyderabad,Pakistan,25.37,68.37,1.1,Trace,Heatwave
2023-06-03,Hyderabad,Hyderabad,Pakistan,25.37,68.37,0.2,Trace,Heatwave
2023-06-05,Hyderabad,Hyderabad,Pakistan,25.37,68.37,1.8,Trace,Heatwave
2023-06-09,Hyderabad,Hyderabad,Pakistan,25.37,68.37,0.1,Trace,Heatwave
2023-06-10,Hyderabad,Hyderabad,Pakistan,25.37,68.37,2.1,Trace,Heatwave
2023-06-12,Hyderabad,Hyderabad,Pakistan,25.37,68.37,0.6,Trace,Heatwave
2023-06-13,Hyderabad,Hyderabad,Pakistan,25.37,68.37,0.2,Trace,Heatwave
2023-06-14,Hyderabad,Hyderabad,Pakistan,25.37,68.37,0.9,Trace,Heatwave
2023-06-15,Hyderabad,Hyderabad,Pakistan,25.37,68.37,1.7,Trace,Heatwave
2023-06-22,Hyderabad,Hyderabad,Pakistan,25.37,68.37,1.8,Trace,Heatwave
2023-06-23,Hyderabad,Hyderabad,Pakistan,25.37,68.37,0.2,Trace,Heatwave
2023-06-26,Hyderabad,Hyderabad,Pakistan,25.37,68.37,0.8,Trace,Heatwave
2023-07-02,Hyderabad,Hyderabad,Pakistan,25.37,68.37,1.2,Trace,Heatwave
2023-07-03,Hyderabad,Hyderabad,Pakistan,25.37,68.37,5.0,Trace,Heatwave
2023-07-04,Hyderabad,Hyderabad,Pakistan,25.37,68.37,1.1,Trace,Normal
2023-07-05,Hyderabad,Hyderabad,Pakistan,25.37,68.37,2.2,Trace,Heatwave
2023-07-08,Hyderabad,Hyderabad,Pakistan,25.37,68.37,1.9,Trace,Heatwave
2023-07-11,Hyderabad,Hyderabad,Pakistan,25.37,68.37,0.5,Trace,Normal
2023-07-12,Hyderabad,Hyderabad,Pakistan,25.37,68.37,1.4,Trace,Normal
2023-07-14,Hyderabad,Hyderabad,Pakistan,25.37,68.37,11.0,Light,Normal
2023-07-20,Hyderabad,Hyderabad,Pakistan,25.37,68.37,0.7,Trace,Normal
2023-07-28,Hyderabad,Hyderabad,Pakistan,25.37,68.37,0.8,Trace,Normal
2023-08-06,Hyderabad,Hyderabad,Pakistan,25.37,68.37,0.7,Trace,Normal
2023-08-08,Hyderabad,Hyderabad,Pakistan,25.37,68.37,3.2,Trace,Normal
2023-08-12,Hyderabad,Hyderabad,Pakistan,25.37,68.37,0.9,Trace,Normal
2023-08-14,Hyderabad,Hyderabad,Pakistan,25.37,68.37,2.1,Trace,Normal
2023-08-18,Hyderabad,Hyderabad,Pakistan,25.37,68.37,9.4,Light,Normal
2023-08-19,Hyderabad,Hyderabad,Pakistan,25.37,68.37,1.1,Trace,Normal
2023-08-20,Hyderabad,Hyderabad,Pakistan,25.37,68.37,2.7,Trace,Normal
2023-08-22,Hyderabad,Hyderabad,Pakistan,25.37,68.37,3.6,Trace,Normal
2023-08-25,Hyderabad,Hyderabad,Pakistan,25.37,68.37,12.8,Light,Normal
2023-08-26,Hyderabad,Hyderabad,Pakistan,25.37,68.37,0.3,Trace,Normal
2023-08-28,Hyderabad,Hyderabad,Pakistan,25.37,68.37,0.1,Trace,Normal
2023-08-30,Hyderabad,Hyderabad,Pakistan,25.37,68.37,3.1,Trace,Normal
2023-09-01,Hyderabad,Hyderabad,Pakistan,25.37,68.37,1.3,Trace,Normal
2023-09-02,Hyderabad,Hyderabad,Pakistan,25.37,68.37,0.1,Trace,Normal
2023-09-04,Hyderabad,Hyderabad,Pakistan,25.37,68.37,0.8,Trace,Normal
2023-09-06,Hyderabad,Hyderabad,Pakistan,25.37,68.37,13.6,Light,Normal
2023-09-08,Hyderabad,Hyderabad,Pakistan,25.37,68.37,4.8,Trace,Normal
2023-09-11,Hyderabad,Hyderabad,Pakistan,25.37,68.37,5.5,Light,Normal
2023-09-14,Hyderabad,Hyderabad,Pakistan,25.37,68.37,2.0,Trace,Normal
2023-09-25,Hyderabad,Hyderabad,Pakistan,25.37,68.37,7.1,Light,Normal
2023-09-26,Hyderabad,Hyderabad,Pakistan,25.37,68.37,1.1,Trace,Normal
2023-09-30,Hyderabad,Hyderabad,Pakistan,25.37,68.37,4.9,Trace,Normal
2023-10-02,Hyderabad,Hyderabad,Pakistan,25.37,68.37,0.3,Trace,Normal
2023-10-03,Hyderabad,Hyderabad,Pakistan,25.37,68.37,2.3,Trace,Normal
2023-10-09,Hyderabad,Hyderabad,Pakistan,25.37,68.37,0.9,Trace,Normal
2023-10-10,Hyderabad,Hyderabad,Pakistan,25.37,68.37,1.5,Trace,Normal
2023-10-15,Hyderabad,Hyderabad,Pakistan,25.37,68.37,3.0,Trace,Normal
2023-10-17,Hyderabad,Hyderabad,Pakistan,25.37,68.37,1.2,Trace,Normal
2023-10-18,Hyderabad,Hyderabad,Pakistan,25.37,68.37,1.2,Trace,Normal
2023-10-21,Hyderabad,Hyderabad,Pakistan,25.37,68.37,1.7,Trace,Normal
2023-10-24,Hyderabad,Hyderabad,Pakistan,25.37,68.37,1.0,Trace,Normal
2023-10-25,Hyderabad,Hyderabad,Pakistan,25.37,68.37,0.9,Trace,Normal
2023-10-27,Hyderabad,Hyderabad,Pakistan,25.37,68.37,0.6,Trace,Normal
2023-10-28,Hyderabad,Hyderabad,Pakistan,25.37,68.37,0.7,Trace,Normal
2023-10-31,Hyderabad,Hyderabad,Pakistan,25.37,68.37,0.5,Trace,Normal
2023-11-01,Hyderabad,Hyderabad,Pakistan,25.37,68.37,0.3,Trace,Normal
2023-11-03,Hyderabad,Hyderabad,Pakistan,25.37,68.37,0.8,Trace,Normal
2023-11-05,Hyderabad,Hyderabad,Pakistan,25.37,68.37,1.3,Trace,Normal
2023-11-06,Hyderabad,Hyderabad,Pakistan,25.37,68.37,2.4,Trace,Normal
2023-11-09,Hyderabad,Hyderabad,Pakistan,25.37,68.37,1.8,Trace,Normal
2023-11-14,Hyderabad,Hyderabad,Pakistan,25.37,68.37,1.2,Trace,Normal
2023-11-26,Hyderabad,Hyderabad,Pakistan,25.37,68.37,2.3,Trace,Normal
2023-11-28,Hyderabad,Hyderabad,Pakistan,25.37,68.37,0.1,Trace,Normal
2023-11-30,Hyderabad,Hyderabad,Pakistan,25.37,68.37,2.2,Trace,Normal
2023-12-03,Hyderabad,Hyderabad,Pakistan,25.37,68.37,0.5,Trace,Normal
2023-12-08,Hyderabad,Hyderabad,Pakistan,25.37,68.37,1.3,Trace,Normal
2023-12-09,Hyderabad,Hyderabad,Pakistan,25.37,68.37,2.6,Trace,Normal
2023-12-13,Hyderabad,Hyderabad,Pakistan,25.37,68.37,0.1,Trace,Normal
2023-12-14,Hyderabad,Hyderabad,Pakistan,25.37,68.37,1.5,Trace,Normal
2023-12-18,Hyderabad,Hyderabad,Pakistan,25.37,68.37,0.7,Trace,Normal
2023-12-19,Hyderabad,Hyderabad,Pakistan,25.37,68.37,0.9,Trace,Normal
2023-12-20,Hyderabad,Hyderabad,Pakistan,25.37,68.37,0.3,Trace,Normal
2023-12-21,Hyderabad,Hyderabad,Pakistan,25.37,68.37,0.8,Trace,Normal
2023-12-22,Hyderabad,Hyderabad,Pakistan,25.37,68.37,0.4,Trace,Normal
2023-12-24,Hyderabad,Hyderabad,Pakistan,25.37,68.37,0.1,Trace,Normal
2022-01-01,Rawalpindi,Rawalpindi,Pakistan,33.6,73.04,7.6,Light,Normal
2022-01-04,Rawalpindi,Rawalpindi,Pakistan,33.6,73.04,0.3,Trace,Normal
2022-01-06,Rawalpindi,Rawalpindi,Pakistan,33.6,73.04,3.5,Trace,Normal
2022-01-07,Rawalpindi,Rawalpindi,Pakistan,33.6,73.04,6.7,Light,Normal
2022-01-08,Rawalpindi,Rawalpindi,Pakistan,33.6,73.04,1.1,Trace,Normal
2022-01-12,Rawalpindi,Rawalpindi,Pakistan,33.6,73.04,1.3,Trace,Normal
2022-01-14,Rawalpindi,Rawalpindi,Pakistan,33.6,73.04,8.9,Light,Normal
2022-01-19,Rawalpindi,Rawalpindi,Pakistan,33.6,73.04,5.1,Light,Normal
2022-01-21,Rawalpindi,Rawalpindi,Pakistan,33.6,73.04,0.6,Trace,Normal
2022-01-23,Rawalpindi,Rawalpindi,Pakistan,33.6,73.04,3.2,Trace,Normal
2022-01-29,Rawalpindi,Rawalpindi,Pakistan,33.6,73.04,3.8,Trace,Normal
2022-01-31,Rawalpindi,Rawalpindi,Pakistan,33.6,73.04,1.1,Trace,Normal
2022-02-02,Rawalpindi,Rawalpindi,Pakistan,33.6,73.04,3.7,Trace,Normal
2022-02-04,Rawalpindi,Rawalpindi,Pakistan,33.6,73.04,3.2,Trace,Normal
2022-02-09,Rawalpindi,Rawalpindi,Pakistan,33.6,73.04,8.0,Light,Normal
2022-02-11,Rawalpindi,Rawalpindi,Pakistan,33.6,73.04,1.0,Trace,Normal
2022-02-13,Rawalpindi,Rawalpindi,Pakistan,33.6,73.04,2.6,Trace,Normal
2022-02-16,Rawalpindi,Rawalpindi,Pakistan,33.6,73.04,2.8,Trace,Heatwave
2022-02-18,Rawalpindi,Rawalpindi,Pakistan,33.6,73.04,2.7,Trace,Heatwave
2022-02-19,Rawalpindi,Rawalpindi,Pakistan,33.6,73.04,9.4,Light,Normal
2022-02-20,Rawalpindi,Rawalpindi,Pakistan,33.6,73.04,3.2,Trace,Normal
2022-02-21,Rawalpindi,Rawalpindi,Pakistan,33.6,73.04,1.1,Trace,Normal
2022-02-23,Rawalpindi,Rawalpindi,Pakistan,33.6,73.04,1.8,Trace,Normal
2022-03-02,Rawalpindi,Rawalpindi,Pakistan,33.6,73.04,0.7,Trace,Heatwave
2022-03-03,Rawalpindi,Rawalpindi,Pakistan,33.6,73.04,1.6,Trace,Heatwave
2022-03-04,Rawalpindi,Rawalpindi,Pakistan,33.6,73.04,6.2,Light,Heatwave
2022-03-08,Rawalpindi,Rawalpindi,Pakistan,33.6,73.04,0.5,Trace,Normal
2022-03-12,Rawalpindi,Rawalpindi,Pakistan,33.6,73.04,4.0,Trace,Normal
2022-03-13,Rawalpindi,Rawalpindi,Pakistan,33.6,73.04,3.3,Trace,Heatwave
2022-03-14,Rawalpindi,Rawalpindi,Pakistan,33.6,73.04,0.7,Trace,Normal
2022-03-17,Rawalpindi,Rawalpindi,Pakistan,33.6,73.04,0.2,Trace,Heatwave
2022-03-20,Rawalpindi,Rawalpindi,Pakistan,33.6,73.04,1.5,Trace,Normal
2022-03-21,Rawalpindi,Rawalpindi,Pakistan,33.6,73.04,1.4,Trace,Heatwave
2022-04-01,Rawalpindi,Rawalpindi,Pakistan,33.6,73.04,0.5,Trace,Heatwave
2022-04-11,Rawalpindi,Rawalpindi,Pakistan,33.6,73.04,4.4,Trace,Heatwave
2022-04-13,Rawalpindi,Rawalpindi,Pakistan,33.6,73.04,0.3,Trace,Heatwave
2022-04-15,Rawalpindi,Rawalpindi,Pakistan,33.6,73.04,0.5,Trace,Heatwave
2022-04-19,Rawalpindi,Rawalpindi,Pakistan,33.6,73.04,1.9,Trace,Heatwave
2022-04-21,Rawalpindi,Rawalpindi,Pakistan,33.6,73.04,1.0,Trace,Heatwave
2022-04-23,Rawalpindi,Rawalpindi,Pakistan,33.6,73.04,2.1,Trace,Heatwave
2022-05-02,Rawalpindi,Rawalpindi,Pakistan,33.6,73.04,0.1,Trace,Heatwave
2022-05-06,Rawalpindi,Rawalpindi,Pakistan,33.6,73.04,2.2,Trace,Heatwave
2022-05-11,Rawalpindi,Rawalpindi,Pakistan,33.6,73.04,0.3,Trace,Heatwave
2022-05-18,Rawalpindi,Rawalpindi,Pakistan,33.6,73.04,6.2,Light,Heatwave
2022-05-22,Rawalpindi,Rawalpindi,Pakistan,33.6,73.04,0.6,Trace,Heatwave
2022-05-26,Rawalpindi,Rawalpindi,Pakistan,33.6,73.04,4.6,Trace,Heatwave
2022-05-30,Rawalpindi,Rawalpindi,Pakistan,33.6,73.04,9.6,Light,Heatwave
2022-06-02,Rawalpindi,Rawalpindi,Pakistan,33.6,73.04,2.6,Trace,Normal
2022-06-03,Rawalpindi,Rawalpindi,Pakistan,33.6,73.04,4.4,Trace,Heatwave
2022-06-04,Rawalpindi,Rawalpindi,Pakistan,33.6,73.04,8.1,Light,Normal
2022-06-05,Rawalpindi,Rawalpindi,Pakistan,33.6,73.04,2.0,Trace,Normal
2022-06-06,Rawalpindi,Rawalpindi,Pakistan,33.6,73.04,0.2,Trace,Normal
2022-06-07,Rawalpindi,Rawalpindi,Pakistan,33.6,73.04,1.0,Trace,Normal
2022-06-08,Rawalpindi,Rawalpindi,Pakistan,33.6,73.04,1.5,Trace,Normal
2022-06-10,Rawalpindi,Rawalpindi,Pakistan,33.6,73.04,1.4,Trace,Normal
2022-06-11,Rawalpindi,Rawalpindi,Pakistan,33.6,73.04,1.0,Trace,Heatwave
2022-06-13,Rawalpindi,Rawalpindi,Pakistan,33.6,73.04,3.3,Trace,Heatwave
2022-06-19,Rawalpindi,Rawalpindi,Pakistan,33.6,73.04,1.3,Trace,Normal
2022-06-21,Rawalpindi,Rawalpindi,Pakistan,33.6,73.04,5.6,Light,Normal
2022-06-22,Rawalpindi,Rawalpindi,Pakistan,33.6,73.04,2.0,Trace,Normal
2022-06-25,Rawalpindi,Rawalpindi,Pakistan,33.6,73.04,0.1,Trace,Normal
2022-06-26,Rawalpindi,Rawalpindi,Pakistan,33.6,73.04,1.1,Trace,Normal
2022-07-02,Rawalpindi,Rawalpindi,Pakistan,33.6,73.04,6.1,Light,Normal
2022-07-08,Rawalpindi,Rawalpindi,Pakistan,33.6,73.04,18.2,Moderate,Normal
2022-07-09,Rawalpindi,Rawalpindi,Pakistan,33.6,73.04,18.6,Moderate,Normal
2022-07-10,Rawalpindi,Rawalpindi,Pakistan,33.6,73.04,4.9,Trace,Normal
2022-07-12,Rawalpindi,Rawalpindi,Pakistan,33.6,73.04,1.8,Trace,Normal
2022-07-13,Rawalpindi,Rawalpindi,Pakistan,33.6,73.04,13.5,Light,Normal
2022-07-16,Rawalpindi,Rawalpindi,Pakistan,33.6,73.04,3.8,Trace,Normal
2022-07-19,Rawalpindi,Rawalpindi,Pakistan,33.6,73.04,15.1,Moderate,Normal
2022-07-21,Rawalpindi,Rawalpindi,Pakistan,33.6,73.04,1.8,Trace,Normal
2022-07-22,Rawalpindi,Rawalpindi,Pakistan,33.6,73.04,33.3,Heavy,Normal
2022-07-26,Rawalpindi,Rawalpindi,Pakistan,33.6,73.04,5.2,Light,Normal
2022-07-27,Rawalpindi,Rawalpindi,Pakistan,33.6,73.04,20.3,Moderate,Normal
2022-07-28,Rawalpindi,Rawalpindi,Pakistan,33.6,73.04,1.3,Trace,Normal
2022-07-29,Rawalpindi,Rawalpindi,Pakistan,33.6,73.04,3.4,Trace,Normal
2022-08-07,Rawalpindi,Rawalpindi,Pakistan,33.6,73.04,3.7,Trace,Normal
2022-08-10,Rawalpindi,Rawalpindi,Pakistan,33.6,73.04,11.2,Light,Normal
2022-08-14,Rawalpindi,Rawalpindi,Pakistan,33.6,73.04,9.3,Light,Normal
2022-08-15,Rawalpindi,Rawalpindi,Pakistan,33.6,73.04,9.4,Light,Normal
2022-08-16,Rawalpindi,Rawalpindi,Pakistan,33.6,73.04,7.2,Light,Normal
2022-08-17,Rawalpindi,Rawalpindi,Pakistan,33.6,73.04,11.8,Light,Normal
2022-08-19,Rawalpindi,Rawalpindi,Pakistan,33.6,73.04,14.1,Light,Normal
2022-08-21,Rawalpindi,Rawalpindi,Pakistan,33.6,73.04,15.2,Moderate,Normal
2022-08-25,Rawalpindi,Rawalpindi,Pakistan,33.6,73.04,2.6,Trace,Normal
2022-08-29,Rawalpindi,Rawalpindi,Pakistan,33.6,73.04,0.3,Trace,Normal
2022-09-02,Rawalpindi,Rawalpindi,Pakistan,33.6,73.04,9.1,Light,Normal
2022-09-03,Rawalpindi,Rawalpindi,Pakistan,33.6,73.04,10.4,Light,Normal
2022-09-10,Rawalpindi,Rawalpindi,Pakistan,33.6,73.04,32.1,Heavy,Normal
2022-09-11,Rawalpindi,Rawalpindi,Pakistan,33.6,73.04,1.7,Trace,Normal
2022-09-15,Rawalpindi,Rawalpindi,Pakistan,33.6,73.04,30.0,Moderate,Normal
2022-09-16,Rawalpindi,Rawalpindi,Pakistan,33.6,73.04,2.2,Trace,Normal
2022-09-29,Rawalpindi,Rawalpindi,Pakistan,33.6,73.04,19.7,Moderate,Normal
2022-09-30,Rawalpindi,Rawalpindi,Pakistan,33.6,73.04,16.0,Moderate,Normal
2022-10-01,Rawalpindi,Rawalpindi,Pakistan,33.6,73.04,0.4,Trace,Normal
2022-10-02,Rawalpindi,Rawalpindi,Pakistan,33.6,73.04,0.7,Trace,Normal
2022-10-04,Rawalpindi,Rawalpindi,Pakistan,33.6,73.04,6.5,Light,Normal
2022-10-08,Rawalpindi,Rawalpindi,Pakistan,33.6,73.04,6.1,Light,Normal
2022-10-15,Rawalpindi,Rawalpindi,Pakistan,33.6,73.04,10.0,Light,Normal
2022-10-19,Rawalpindi,Rawalpindi,Pakistan,33.6,73.04,3.7,Trace,Normal
2022-10-20,Rawalpindi,Rawalpindi,Pakistan,33.6,73.04,2.9,Trace,Normal
2022-10-21,Rawalpindi,Rawalpindi,Pakistan,33.6,73.04,8.9,Light,Normal
2022-10-22,Rawalpindi,Rawalpindi,Pakistan,33.6,73.04,1.4,Trace,Normal
2022-10-27,Rawalpindi,Rawalpindi,Pakistan,33.6,73.04,2.3,Trace,Normal
2022-11-01,Rawalpindi,Rawalpindi,Pakistan,33.6,73.04,2.4,Trace,Normal
2022-11-03,Rawalpindi,Rawalpindi,Pakistan,33.6,73.04,0.2,Trace,Normal
2022-11-04,Rawalpindi,Rawalpindi,Pakistan,33.6,73.04,3.4,Trace,Normal
2022-11-12,Rawalpindi,Rawalpindi,Pakistan,33.6,73.04,3.7,Trace,Normal
2022-11-15,Rawalpindi,Rawalpindi,Pakistan,33.6,73.04,4.0,Trace,Normal
2022-11-16,Rawalpindi,Rawalpindi,Pakistan,33.6,73.04,2.2,Trace,Normal
2022-11-17,Rawalpindi,Rawalpindi,Pakistan,33.6,73.04,2.0,Trace,Normal
2022-11-22,Rawalpindi,Rawalpindi,Pakistan,33.6,73.04,9.9,Light,Normal
2022-11-23,Rawalpindi,Rawalpindi,Pakistan,33.6,73.04,16.0,Moderate,Normal
2022-11-25,Rawalpindi,Rawalpindi,Pakistan,33.6,73.04,1.1,Trace,Normal
2022-11-26,Rawalpindi,Rawalpindi,Pakistan,33.6,73.04,1.8,Trace,Normal
2022-11-27,Rawalpindi,Rawalpindi,Pakistan,33.6,73.04,3.2,Trace,Normal
2022-11-28,Rawalpindi,Rawalpindi,Pakistan,33.6,73.04,0.3,Trace,Normal
2022-12-01,Rawalpindi,Rawalpindi,Pakistan,33.6,73.04,0.8,Trace,Normal
2022-12-03,Rawalpindi,Rawalpindi,Pakistan,33.6,73.04,1.0,Trace,Normal
2022-12-04,Rawalpindi,Rawalpindi,Pakistan,33.6,73.04,10.0,Light,Normal
2022-12-09,Rawalpindi,Rawalpindi,Pakistan,33.6,73.04,3.0,Trace,Normal
2022-12-10,Rawalpindi,Rawalpindi,Pakistan,33.6,73.04,1.3,Trace,Normal
2022-12-11,Rawalpindi,Rawalpindi,Pakistan,33.6,73.04,0.9,Trace,Normal
2022-12-13,Rawalpindi,Rawalpindi,Pakistan,33.6,73.04,5.2,Light,Normal
2022-12-16,Rawalpindi,Rawalpindi,Pakistan,33.6,73.04,1.6,Trace,Normal
2022-12-18,Rawalpindi,Rawalpindi,Pakistan,33.6,73.04,0.7,Trace,Normal
2022-12-20,Rawalpindi,Rawalpindi,Pakistan,33.6,73.04,2.2,Trace,Normal
2022-12-21,Rawalpindi,Rawalpindi,Pakistan,33.6,73.04,0.4,Trace,Normal
2022-12-23,Rawalpindi,Rawalpindi,Pakistan,33.6,73.04,2.4,Trace,Normal
2022-12-24,Rawalpindi,Rawalpindi,Pakistan,33.6,73.04,8.3,Light,Normal
2022-12-28,Rawalpindi,Rawalpindi,Pakistan,33.6,73.04,1.4,Trace,Normal
2022-12-31,Rawalpindi,Rawalpindi,Pakistan,33.6,73.04,2.1,Trace,Normal
2023-01-04,Rawalpindi,Rawalpindi,Pakistan,33.6,73.04,3.7,Trace,Normal
2023-01-06,Rawalpindi,Rawalpindi,Pakistan,33.6,73.04,5.0,Trace,Normal
2023-01-08,Rawalpindi,Rawalpindi,Pakistan,33.6,73.04,4.7,Trace,Normal
2023-01-14,Rawalpindi,Rawalpindi,Pakistan,33.6,73.04,20.4,Moderate,Normal
2023-01-20,Rawalpindi,Rawalpindi,Pakistan,33.6,73.04,0.6,Trace,Normal
2023-01-22,Rawalpindi,Rawalpindi,Pakistan,33.6,73.04,0.2,Trace,Normal
2023-01-25,Rawalpindi,Rawalpindi,Pakistan,33.6,73.04,1.5,Trace,Normal
2023-01-28,Rawalpindi,Rawalpindi,Pakistan,33.6,73.04,0.7,Trace,Normal
2023-01-29,Rawalpindi,Rawalpindi,Pakistan,33.6,73.04,2.8,Trace,Normal
2023-01-31,Rawalpindi,Rawalpindi,Pakistan,33.6,73.04,0.6,Trace,Normal
2023-02-02,Rawalpindi,Rawalpindi,Pakistan,33.6,73.04,0.7,Trace,Normal
2023-02-04,Rawalpindi,Rawalpindi,Pakistan,33.6,73.04,1.2,Trace,Normal
2023-02-06,Rawalpindi,Rawalpindi,Pakistan,33.6,73.04,2.1,Trace,Normal
2023-02-13,Rawalpindi,Rawalpindi,Pakistan,33.6,73.04,2.9,Trace,Normal
2023-02-19,Rawalpindi,Rawalpindi,Pakistan,33.6,73.04,9.0,Light,Heatwave
2023-02-20,Rawalpindi,Rawalpindi,Pakistan,33.6,73.04,1.2,Trace,Heatwave
2023-02-21,Rawalpindi,Rawalpindi,Pakistan,33.6,73.04,0.4,Trace,Normal
2023-02-24,Rawalpindi,Rawalpindi,Pakistan,33.6,73.04,0.2,Trace,Heatwave
2023-02-25,Rawalpindi,Rawalpindi,Pakistan,33.6,73.04,2.4,Trace,Normal
2023-02-27,Rawalpindi,Rawalpindi,Pakistan,33.6,73.04,2.3,Trace,Heatwave
2023-03-02,Rawalpindi,Rawalpindi,Pakistan,33.6,73.04,0.7,Trace,Heatwave
2023-03-09,Rawalpindi,Rawalpindi,Pakistan,33.6,73.04,0.8,Trace,Normal
2023-03-16,Rawalpindi,Rawalpindi,Pakistan,33.6,73.04,6.5,Light,Heatwave
2023-03-19,Rawalpindi,Rawalpindi,Pakistan,33.6,73.04,1.1,Trace,Heatwave
2023-03-25,Rawalpindi,Rawalpindi,Pakistan,33.6,73.04,0.8,Trace,Heatwave
2023-03-28,Rawalpindi,Rawalpindi,Pakistan,33.6,73.04,2.6,Trace,Heatwave
2023-03-31,Rawalpindi,Rawalpindi,Pakistan,33.6,73.04,0.5,Trace,Heatwave
2023-04-01,Rawalpindi,Rawalpindi,Pakistan,33.6,73.04,0.4,Trace,Heatwave
2023-04-03,Rawalpindi,Rawalpindi,Pakistan,33.6,73.04,0.7,Trace,Heatwave
2023-04-06,Rawalpindi,Rawalpindi,Pakistan,33.6,73.04,1.6,Trace,Heatwave
2023-04-09,Rawalpindi,Rawalpindi,Pakistan,33.6,73.04,0.2,Trace,Heatwave
2023-04-11,Rawalpindi,Rawalpindi,Pakistan,33.6,73.04,0.4,Trace,Heatwave
2023-04-12,Rawalpindi,Rawalpindi,Pakistan,33.6,73.04,2.9,Trace,Heatwave
2023-04-14,Rawalpindi,Rawalpindi,Pakistan,33.6,73.04,2.1,Trace,Heatwave
2023-04-16,Rawalpindi,Rawalpindi,Pakistan,33.6,73.04,2.1,Trace,Heatwave
2023-04-17,Rawalpindi,Rawalpindi,Pakistan,33.6,73.04,2.2,Trace,Heatwave
2023-04-21,Rawalpindi,Rawalpindi,Pakistan,33.6,73.04,1.7,Trace,Heatwave
2023-04-22,Rawalpindi,Rawalpindi,Pakistan,33.6,73.04,0.2,Trace,Heatwave
2023-04-23,Rawalpindi,Rawalpindi,Pakistan,33.6,73.04,0.8,Trace,Heatwave
2023-04-26,Rawalpindi,Rawalpindi,Pakistan,33.6,73.04,0.1,Trace,Heatwave
2023-04-29,Rawalpindi,Rawalpindi,Pakistan,33.6,73.04,1.9,Trace,Heatwave
2023-05-02,Rawalpindi,Rawalpindi,Pakistan,33.6,73.04,4.0,Trace,Heatwave
2023-05-04,Rawalpindi,Rawalpindi,Pakistan,33.6,73.04,1.2,Trace,Heatwave
2023-05-07,Rawalpindi,Rawalpindi,Pakistan,33.6,73.04,5.7,Light,Heatwave
2023-05-14,Rawalpindi,Rawalpindi,Pakistan,33.6,73.04,6.0,Light,Heatwave
2023-05-15,Rawalpindi,Rawalpindi,Pakistan,33.6,73.04,0.9,Trace,Heatwave
2023-05-17,Rawalpindi,Rawalpindi,Pakistan,33.6,73.04,0.6,Trace,Heatwave
2023-05-19,Rawalpindi,Rawalpindi,Pakistan,33.6,73.04,0.2,Trace,Heatwave
2023-05-22,Rawalpindi,Rawalpindi,Pakistan,33.6,73.04,2.5,Trace,Heatwave
2023-05-26,Rawalpindi,Rawalpindi,Pakistan,33.6,73.04,2.4,Trace,Heatwave
2023-05-28,Rawalpindi,Rawalpindi,Pakistan,33.6,73.04,0.4,Trace,Heatwave
2023-05-29,Rawalpindi,Rawalpindi,Pakistan,33.6,73.04,1.8,Trace,Heatwave
2023-06-02,Rawalpindi,Rawalpindi,Pakistan,33.6,73.04,0.3,Trace,Heatwave
2023-06-03,Rawalpindi,Rawalpindi,Pakistan,33.6,73.04,0.9,Trace,Normal
2023-06-06,Rawalpindi,Rawalpindi,Pakistan,33.6,73.04,0.9,Trace,Normal
2023-06-09,Rawalpindi,Rawalpindi,Pakistan,33.6,73.04,1.0,Trace,Heatwave
2023-06-10,Rawalpindi,Rawalpindi,Pakistan,33.6,73.04,2.0,Trace,Normal
2023-06-12,Rawalpindi,Rawalpindi,Pakistan,33.6,73.04,1.9,Trace,Heatwave
2023-06-13,Rawalpindi,Rawalpindi,Pakistan,33.6,73.04,2.3,Trace,Heatwave
2023-06-22,Rawalpindi,Rawalpindi,Pakistan,33.6,73.04,1.0,Trace,Normal
2023-06-26,Rawalpindi,Rawalpindi,Pakistan,33.6,73.04,2.0,Trace,Normal
2023-06-27,Rawalpindi,Rawalpindi,Pakistan,33.6,73.04,0.5,Trace,Normal
2023-06-30,Rawalpindi,Rawalpindi,Pakistan,33.6,73.04,4.9,Trace,Normal
2023-07-02,Rawalpindi,Rawalpindi,Pakistan,33.6,73.04,0.1,Trace,Normal
2023-07-04,Rawalpindi,Rawalpindi,Pakistan,33.6,73.04,15.7,Moderate,Normal
2023-07-10,Rawalpindi,Rawalpindi,Pakistan,33.6,73.04,14.4,Light,Normal
2023-07-11,Rawalpindi,Rawalpindi,Pakistan,33.6,73.04,0.8,Trace,Normal
2023-07-16,Rawalpindi,Rawalpindi,Pakistan,33.6,73.04,11.0,Light,Normal
2023-07-17,Rawalpindi,Rawalpindi,Pakistan,33.6,73.04,16.6,Moderate,Normal
2023-07-20,Rawalpindi,Rawalpindi,Pakistan,33.6,73.04,23.3,Moderate,Normal
2023-07-21,Rawalpindi,Rawalpindi,Pakistan,33.6,73.04,2.9,Trace,Normal
2023-07-23,Rawalpindi,Rawalpindi,Pakistan,33.6,73.04,12.2,Light,Normal
2023-07-26,Rawalpindi,Rawalpindi,Pakistan,33.6,73.04,7.2,Light,Normal
2023-07-27,Rawalpindi,Rawalpindi,Pakistan,33.6,73.04,10.0,Light,Normal
2023-07-29,Rawalpindi,Rawalpindi,Pakistan,33.6,73.04,0.1,Trace,Normal
2023-07-31,Rawalpindi,Rawalpindi,Pakistan,33.6,73.04,41.3,Heavy,Normal
2023-08-07,Rawalpindi,Rawalpindi,Pakistan,33.6,73.04,2.3,Trace,Normal
2023-08-11,Rawalpindi,Rawalpindi,Pakistan,33.6,73.04,60.3,Extreme,Flood
2023-08-12,Rawalpindi,Rawalpindi,Pakistan,33.6,73.04,3.0,Trace,Normal
2023-08-23,Rawalpindi,Rawalpindi,Pakistan,33.6,73.04,10.8,Light,Normal
2023-09-09,Rawalpindi,Rawalpindi,Pakistan,33.6,73.04,1.3,Trace,Normal
2023-09-20,Rawalpindi,Rawalpindi,Pakistan,33.6,73.04,79.1,Extreme,Flood
2023-09-22,Rawalpindi,Rawalpindi,Pakistan,33.6,73.04,6.1,Light,Normal
2023-09-25,Rawalpindi,Rawalpindi,Pakistan,33.6,73.04,10.9,Light,Normal
2023-09-27,Rawalpindi,Rawalpindi,Pakistan,33.6,73.04,6.0,Light,Normal
2023-09-28,Rawalpindi,Rawalpindi,Pakistan,33.6,73.04,4.7,Trace,Normal
2023-09-29,Rawalpindi,Rawalpindi,Pakistan,33.6,73.04,7.2,Light,Normal
2023-09-30,Rawalpindi,Rawalpindi,Pakistan,33.6,73.04,36.0,Heavy,Normal
2023-10-01,Rawalpindi,Rawalpindi,Pakistan,33.6,73.04,1.2,Trace,Normal
2023-10-02,Rawalpindi,Rawalpindi,Pakistan,33.6,73.04,2.3,Trace,Normal
2023-10-07,Rawalpindi,Rawalpindi,Pakistan,33.6,73.04,0.7,Trace,Normal
2023-10-08,Rawalpindi,Rawalpindi,Pakistan,33.6,73.04,7.4,Light,Normal
2023-10-10,Rawalpindi,Rawalpindi,Pakistan,33.6,73.04,4.6,Trace,Normal
2023-10-13,Rawalpindi,Rawalpindi,Pakistan,33.6,73.04,0.5,Trace,Normal
2023-10-16,Rawalpindi,Rawalpindi,Pakistan,33.6,73.04,0.4,Trace,Normal
2023-10-18,Rawalpindi,Rawalpindi,Pakistan,33.6,73.04,0.8,Trace,Normal
2023-10-19,Rawalpindi,Rawalpindi,Pakistan,33.6,73.04,7.7,Light,Normal
2023-10-21,Rawalpindi,Rawalpindi,Pakistan,33.6,73.04,0.8,Trace,Normal
2023-10-22,Rawalpindi,Rawalpindi,Pakistan,33.6,73.04,0.6,Trace,Normal
2023-10-27,Rawalpindi,Rawalpindi,Pakistan,33.6,73.04,0.5,Trace,Normal
2023-10-28,Rawalpindi,Rawalpindi,Pakistan,33.6,73.04,7.1,Light,Normal
2023-10-30,Rawalpindi,Rawalpindi,Pakistan,33.6,73.04,0.2,Trace,Normal
2023-10-31,Rawalpindi,Rawalpindi,Pakistan,33.6,73.04,5.1,Light,Normal
2023-11-05,Rawalpindi,Rawalpindi,Pakistan,33.6,73.04,0.9,Trace,Normal
2023-11-08,Rawalpindi,Rawalpindi,Pakistan,33.6,73.04,1.2,Trace,Normal
2023-11-14,Rawalpindi,Rawalpindi,Pakistan,33.6,73.04,10.4,Light,Normal
2023-11-15,Rawalpindi,Rawalpindi,Pakistan,33.6,73.04,8.4,Light,Normal
2023-11-18,Rawalpindi,Rawalpindi,Pakistan,33.6,73.04,1.7,Trace,Normal
2023-11-20,Rawalpindi,Rawalpindi,Pakistan,33.6,73.04,1.5,Trace,Normal
2023-11-21,Rawalpindi,Rawalpindi,Pakistan,33.6,73.04,4.0,Trace,Normal
2023-11-23,Rawalpindi,Rawalpindi,Pakistan,33.6,73.04,0.6,Trace,Normal
2023-11-27,Rawalpindi,Rawalpindi,Pakistan,33.6,73.04,4.9,Trace,Normal
2023-11-30,Rawalpindi,Rawalpindi,Pakistan,33.6,73.04,3.5,Trace,Normal
2023-12-02,Rawalpindi,Rawalpindi,Pakistan,33.6,73.04,1.4,Trace,Normal
2023-12-03,Rawalpindi,Rawalpindi,Pakistan,33.6,73.04,3.8,Trace,Normal
2023-12-07,Rawalpindi,Rawalpindi,Pakistan,33.6,73.04,2.2,Trace,Normal
2023-12-15,Rawalpindi,Rawalpindi,Pakistan,33.6,73.04,7.7,Light,Normal
2023-12-18,Rawalpindi,Rawalpindi,Pakistan,33.6,73.04,4.5,Trace,Normal
2023-12-19,Rawalpindi,Rawalpindi,Pakistan,33.6,73.04,0.7,Trace,Normal
2023-12-21,Rawalpindi,Rawalpindi,Pakistan,33.6,73.04,1.0,Trace,Normal
2023-12-22,Rawalpindi,Rawalpindi,Pakistan,33.6,73.04,1.0,Trace,Normal
2023-12-23,Rawalpindi,Rawalpindi,Pakistan,33.6,73.04,2.3,Trace,Normal
2023-12-25,Rawalpindi,Rawalpindi,Pakistan,33.6,73.04,2.9,Trace,Normal
2023-12-26,Rawalpindi,Rawalpindi,Pakistan,33.6,73.04,6.8,Light,Normal
2023-12-31,Rawalpindi,Rawalpindi,Pakistan,33.6,73.04,6.7,Light,Normal
2022-01-02,Gilgit,Gilgit,Pakistan,35.92,74.31,1.9,Trace,Normal
2022-01-05,Gilgit,Gilgit,Pakistan,35.92,74.31,0.1,Trace,Normal
2022-01-06,Gilgit,Gilgit,Pakistan,35.92,74.31,1.3,Trace,Normal
2022-01-08,Gilgit,Gilgit,Pakistan,35.92,74.31,0.2,Trace,Normal
2022-01-10,Gilgit,Gilgit,Pakistan,35.92,74.31,0.7,Trace,Normal
2022-01-14,Gilgit,Gilgit,Pakistan,35.92,74.31,0.1,Trace,Normal
2022-01-18,Gilgit,Gilgit,Pakistan,35.92,74.31,0.8,Trace,Normal
2022-01-21,Gilgit,Gilgit,Pakistan,35.92,74.31,1.1,Trace,Normal
2022-01-22,Gilgit,Gilgit,Pakistan,35.92,74.31,0.1,Trace,Normal
2022-01-28,Gilgit,Gilgit,Pakistan,35.92,74.31,0.2,Trace,Normal
2022-01-31,Gilgit,Gilgit,Pakistan,35.92,74.31,0.6,Trace,Normal
2022-02-03,Gilgit,Gilgit,Pakistan,35.92,74.31,1.5,Trace,Normal
2022-02-07,Gilgit,Gilgit,Pakistan,35.92,74.31,0.1,Trace,Normal
2022-02-08,Gilgit,Gilgit,Pakistan,35.92,74.31,1.1,Trace,Normal
2022-02-10,Gilgit,Gilgit,Pakistan,35.92,74.31,0.5,Trace,Normal
2022-02-11,Gilgit,Gilgit,Pakistan,35.92,74.31,0.4,Trace,Normal
2022-02-12,Gilgit,Gilgit,Pakistan,35.92,74.31,0.8,Trace,Normal
2022-02-14,Gilgit,Gilgit,Pakistan,35.92,74.31,1.3,Trace,Normal
2022-02-18,Gilgit,Gilgit,Pakistan,35.92,74.31,1.6,Trace,Normal
2022-02-19,Gilgit,Gilgit,Pakistan,35.92,74.31,1.7,Trace,Normal
2022-02-21,Gilgit,Gilgit,Pakistan,35.92,74.31,0.8,Trace,Normal
2022-03-02,Gilgit,Gilgit,Pakistan,35.92,74.31,0.4,Trace,Normal
2022-03-05,Gilgit,Gilgit,Pakistan,35.92,74.31,1.1,Trace,Heatwave
2022-03-06,Gilgit,Gilgit,Pakistan,35.92,74.31,0.2,Trace,Normal
2022-03-09,Gilgit,Gilgit,Pakistan,35.92,74.31,0.6,Trace,Normal
2022-03-11,Gilgit,Gilgit,Pakistan,35.92,74.31,0.7,Trace,Normal
2022-03-18,Gilgit,Gilgit,Pakistan,35.92,74.31,1.4,Trace,Heatwave
2022-03-24,Gilgit,Gilgit,Pakistan,35.92,74.31,1.0,Trace,Normal
2022-03-28,Gilgit,Gilgit,Pakistan,35.92,74.31,1.1,Trace,Normal
2022-03-30,Gilgit,Gilgit,Pakistan,35.92,74.31,1.6,Trace,Normal
2022-04-06,Gilgit,Gilgit,Pakistan,35.92,74.31,0.4,Trace,Normal
2022-04-07,Gilgit,Gilgit,Pakistan,35.92,74.31,0.8,Trace,Normal
2022-04-09,Gilgit,Gilgit,Pakistan,35.92,74.31,0.1,Trace,Normal
2022-04-10,Gilgit,Gilgit,Pakistan,35.92,74.31,1.2,Trace,Normal
2022-04-14,Gilgit,Gilgit,Pakistan,35.92,74.31,0.7,Trace,Normal
2022-04-17,Gilgit,Gilgit,Pakistan,35.92,74.31,1.1,Trace,Normal
2022-04-18,Gilgit,Gilgit,Pakistan,35.92,74.31,0.4,Trace,Normal
2022-04-19,Gilgit,Gilgit,Pakistan,35.92,74.31,0.3,Trace,Normal
2022-04-21,Gilgit,Gilgit,Pakistan,35.92,74.31,0.4,Trace,Heatwave
2022-04-23,Gilgit,Gilgit,Pakistan,35.92,74.31,2.2,Trace,Heatwave
2022-04-24,Gilgit,Gilgit,Pakistan,35.92,74.31,0.5,Trace,Normal
2022-04-26,Gilgit,Gilgit,Pakistan,35.92,74.31,0.1,Trace,Heatwave
2022-04-27,Gilgit,Gilgit,Pakistan,35.92,74.31,1.0,Trace,Heatwave
2022-04-28,Gilgit,Gilgit,Pakistan,35.92,74.31,0.8,Trace,Heatwave
2022-04-30,Gilgit,Gilgit,Pakistan,35.92,74.31,0.4,Trace,Heatwave
2022-05-04,Gilgit,Gilgit,Pakistan,35.92,74.31,0.1,Trace,Heatwave
2022-05-08,Gilgit,Gilgit,Pakistan,35.92,74.31,1.0,Trace,Normal
2022-05-09,Gilgit,Gilgit,Pakistan,35.92,74.31,0.2,Trace,Heatwave
2022-05-10,Gilgit,Gilgit,Pakistan,35.92,74.31,0.5,Trace,Heatwave
2022-05-11,Gilgit,Gilgit,Pakistan,35.92,74.31,0.9,Trace,Normal
2022-05-12,Gilgit,Gilgit,Pakistan,35.92,74.31,0.6,Trace,Normal
2022-05-14,Gilgit,Gilgit,Pakistan,35.92,74.31,1.4,Trace,Heatwave
2022-05-16,Gilgit,Gilgit,Pakistan,35.92,74.31,1.6,Trace,Normal
2022-05-30,Gilgit,Gilgit,Pakistan,35.92,74.31,0.1,Trace,Normal
2022-06-02,Gilgit,Gilgit,Pakistan,35.92,74.31,1.2,Trace,Normal
2022-06-05,Gilgit,Gilgit,Pakistan,35.92,74.31,0.4,Trace,Normal
2022-06-10,Gilgit,Gilgit,Pakistan,35.92,74.31,1.5,Trace,Normal
2022-06-16,Gilgit,Gilgit,Pakistan,35.92,74.31,0.1,Trace,Normal
2022-06-19,Gilgit,Gilgit,Pakistan,35.92,74.31,2.9,Trace,Normal
2022-06-20,Gilgit,Gilgit,Pakistan,35.92,74.31,0.3,Trace,Normal
2022-06-23,Gilgit,Gilgit,Pakistan,35.92,74.31,0.9,Trace,Heatwave
2022-06-30,Gilgit,Gilgit,Pakistan,35.92,74.31,0.1,Trace,Normal
2022-07-01,Gilgit,Gilgit,Pakistan,35.92,74.31,7.9,Light,Normal
2022-07-05,Gilgit,Gilgit,Pakistan,35.92,74.31,6.6,Light,Normal
2022-07-13,Gilgit,Gilgit,Pakistan,35.92,74.31,8.9,Light,Normal
2022-07-19,Gilgit,Gilgit,Pakistan,35.92,74.31,2.7,Trace,Normal
2022-07-20,Gilgit,Gilgit,Pakistan,35.92,74.31,2.2,Trace,Normal
2022-07-21,Gilgit,Gilgit,Pakistan,35.92,74.31,2.9,Trace,Normal
2022-07-23,Gilgit,Gilgit,Pakistan,35.92,74.31,1.0,Trace,Normal
2022-07-26,Gilgit,Gilgit,Pakistan,35.92,74.31,4.9,Trace,Normal
2022-07-30,Gilgit,Gilgit,Pakistan,35.92,74.31,5.6,Light,Normal
2022-08-05,Gilgit,Gilgit,Pakistan,35.92,74.31,13.1,Light,Normal
2022-08-09,Gilgit,Gilgit,Pakistan,35.92,74.31,1.1,Trace,Normal
2022-08-13,Gilgit,Gilgit,Pakistan,35.92,74.31,6.6,Light,Normal
2022-08-15,Gilgit,Gilgit,Pakistan,35.92,74.31,4.9,Trace,Normal
2022-08-16,Gilgit,Gilgit,Pakistan,35.92,74.31,0.3,Trace,Normal
2022-08-24,Gilgit,Gilgit,Pakistan,35.92,74.31,2.9,Trace,Normal
2022-08-25,Gilgit,Gilgit,Pakistan,35.92,74.31,4.9,Trace,Normal
2022-08-27,Gilgit,Gilgit,Pakistan,35.92,74.31,9.7,Light,Normal
2022-08-31,Gilgit,Gilgit,Pakistan,35.92,74.31,4.1,Trace,Normal
2022-09-02,Gilgit,Gilgit,Pakistan,35.92,74.31,16.0,Moderate,Normal
2022-09-15,Gilgit,Gilgit,Pakistan,35.92,74.31,7.6,Light,Normal
2022-09-19,Gilgit,Gilgit,Pakistan,35.92,74.31,1.5,Trace,Normal
2022-09-20,Gilgit,Gilgit,Pakistan,35.92,74.31,3.2,Trace,Normal
2022-09-23,Gilgit,Gilgit,Pakistan,35.92,74.31,1.7,Trace,Normal
2022-09-24,Gilgit,Gilgit,Pakistan,35.92,74.31,1.9,Trace,Normal
2022-09-27,Gilgit,Gilgit,Pakistan,35.92,74.31,0.8,Trace,Normal
2022-09-29,Gilgit,Gilgit,Pakistan,35.92,74.31,16.6,Moderate,Normal
2022-10-02,Gilgit,Gilgit,Pakistan,35.92,74.31,0.1,Trace,Normal
2022-10-05,Gilgit,Gilgit,Pakistan,35.92,74.31,1.3,Trace,Normal
2022-10-12,Gilgit,Gilgit,Pakistan,35.92,74.31,1.1,Trace,Normal
2022-10-16,Gilgit,Gilgit,Pakistan,35.92,74.31,0.8,Trace,Normal
2022-10-18,Gilgit,Gilgit,Pakistan,35.92,74.31,2.3,Trace,Normal
2022-10-22,Gilgit,Gilgit,Pakistan,35.92,74.31,1.8,Trace,Normal
2022-10-26,Gilgit,Gilgit,Pakistan,35.92,74.31,1.9,Trace,Normal
2022-10-28,Gilgit,Gilgit,Pakistan,35.92,74.31,0.1,Trace,Normal
2022-10-30,Gilgit,Gilgit,Pakistan,35.92,74.31,0.5,Trace,Normal
2022-11-02,Gilgit,Gilgit,Pakistan,35.92,74.31,1.3,Trace,Normal
2022-11-03,Gilgit,Gilgit,Pakistan,35.92,74.31,0.3,Trace,Normal
2022-11-04,Gilgit,Gilgit,Pakistan,35.92,74.31,2.1,Trace,Normal
2022-11-07,Gilgit,Gilgit,Pakistan,35.92,74.31,0.9,Trace,Normal
2022-11-08,Gilgit,Gilgit,Pakistan,35.92,74.31,4.2,Trace,Normal
2022-11-12,Gilgit,Gilgit,Pakistan,35.92,74.31,1.3,Trace,Normal
2022-11-14,Gilgit,Gilgit,Pakistan,35.92,74.31,1.4,Trace,Normal
2022-11-18,Gilgit,Gilgit,Pakistan,35.92,74.31,0.4,Trace,Normal
2022-11-23,Gilgit,Gilgit,Pakistan,35.92,74.31,0.1,Trace,Normal
2022-11-24,Gilgit,Gilgit,Pakistan,35.92,74.31,0.1,Trace,Normal
2022-11-26,Gilgit,Gilgit,Pakistan,35.92,74.31,0.9,Trace,Normal
2022-12-01,Gilgit,Gilgit,Pakistan,35.92,74.31,0.3,Trace,Normal
2022-12-02,Gilgit,Gilgit,Pakistan,35.92,74.31,0.8,Trace,Normal
2022-12-13,Gilgit,Gilgit,Pakistan,35.92,74.31,1.5,Trace,Normal
2022-12-14,Gilgit,Gilgit,Pakistan,35.92,74.31,0.8,Trace,Normal
2022-12-15,Gilgit,Gilgit,Pakistan,35.92,74.31,0.5,Trace,Normal
2022-12-16,Gilgit,Gilgit,Pakistan,35.92,74.31,1.7,Trace,Normal
2022-12-18,Gilgit,Gilgit,Pakistan,35.92,74.31,0.5,Trace,Normal
2022-12-29,Gilgit,Gilgit,Pakistan,35.92,74.31,2.4,Trace,Normal
2022-12-30,Gilgit,Gilgit,Pakistan,35.92,74.31,1.9,Trace,Normal
2022-12-31,Gilgit,Gilgit,Pakistan,35.92,74.31,0.1,Trace,Normal
2023-01-01,Gilgit,Gilgit,Pakistan,35.92,74.31,1.0,Trace,Normal
2023-01-03,Gilgit,Gilgit,Pakistan,35.92,74.31,0.2,Trace,Normal
2023-01-06,Gilgit,Gilgit,Pakistan,35.92,74.31,0.5,Trace,Normal
2023-01-11,Gilgit,Gilgit,Pakistan,35.92,74.31,3.4,Trace,Normal
2023-01-13,Gilgit,Gilgit,Pakistan,35.92,74.31,0.1,Trace,Normal
2023-01-20,Gilgit,Gilgit,Pakistan,35.92,74.31,0.3,Trace,Normal
2023-01-21,Gilgit,Gilgit,Pakistan,35.92,74.31,2.8,Trace,Normal
2023-01-23,Gilgit,Gilgit,Pakistan,35.92,74.31,0.2,Trace,Normal
2023-01-25,Gilgit,Gilgit,Pakistan,35.92,74.31,0.3,Trace,Normal
2023-01-26,Gilgit,Gilgit,Pakistan,35.92,74.31,2.8,Trace,Normal
2023-01-28,Gilgit,Gilgit,Pakistan,35.92,74.31,1.3,Trace,Normal
2023-01-30,Gilgit,Gilgit,Pakistan,35.92,74.31,2.1,Trace,Normal
2023-02-01,Gilgit,Gilgit,Pakistan,35.92,74.31,0.2,Trace,Normal
2023-02-02,Gilgit,Gilgit,Pakistan,35.92,74.31,2.3,Trace,Normal
2023-02-09,Gilgit,Gilgit,Pakistan,35.92,74.31,1.1,Trace,Normal
2023-02-10,Gilgit,Gilgit,Pakistan,35.92,74.31,0.2,Trace,Normal
2023-02-13,Gilgit,Gilgit,Pakistan,35.92,74.31,1.6,Trace,Normal
2023-02-15,Gilgit,Gilgit,Pakistan,35.92,74.31,0.3,Trace,Normal
2023-02-16,Gilgit,Gilgit,Pakistan,35.92,74.31,2.3,Trace,Normal
2023-02-20,Gilgit,Gilgit,Pakistan,35.92,74.31,0.4,Trace,Normal
2023-02-22,Gilgit,Gilgit,Pakistan,35.92,74.31,0.3,Trace,Heatwave
2023-02-25,Gilgit,Gilgit,Pakistan,35.92,74.31,0.1,Trace,Normal
2023-03-11,Gilgit,Gilgit,Pakistan,35.92,74.31,2.1,Trace,Normal
2023-03-14,Gilgit,Gilgit,Pakistan,35.92,74.31,0.1,Trace,Normal
2023-03-15,Gilgit,Gilgit,Pakistan,35.92,74.31,1.7,Trace,Normal
2023-03-23,Gilgit,Gilgit,Pakistan,35.92,74.31,1.1,Trace,Normal
2023-03-24,Gilgit,Gilgit,Pakistan,35.92,74.31,0.8,Trace,Normal
2023-03-29,Gilgit,Gilgit,Pakistan,35.92,74.31,2.1,Trace,Heatwave
2023-03-30,Gilgit,Gilgit,Pakistan,35.92,74.31,1.1,Trace,Heatwave
2023-04-03,Gilgit,Gilgit,Pakistan,35.92,74.31,1.5,Trace,Normal
2023-04-06,Gilgit,Gilgit,Pakistan,35.92,74.31,0.8,Trace,Heatwave
2023-04-07,Gilgit,Gilgit,Pakistan,35.92,74.31,1.2,Trace,Heatwave
2023-04-08,Gilgit,Gilgit,Pakistan,35.92,74.31,0.6,Trace,Normal
2023-04-09,Gilgit,Gilgit,Pakistan,35.92,74.31,0.4,Trace,Normal
2023-04-12,Gilgit,Gilgit,Pakistan,35.92,74.31,1.0,Trace,Heatwave
2023-04-14,Gilgit,Gilgit,Pakistan,35.92,74.31,0.1,Trace,Normal
2023-04-17,Gilgit,Gilgit,Pakistan,35.92,74.31,0.7,Trace,Heatwave
2023-04-24,Gilgit,Gilgit,Pakistan,35.92,74.31,3.0,Trace,Heatwave
2023-04-28,Gilgit,Gilgit,Pakistan,35.92,74.31,0.5,Trace,Heatwave
2023-04-29,Gilgit,Gilgit,Pakistan,35.92,74.31,2.3,Trace,Heatwave
2023-05-01,Gilgit,Gilgit,Pakistan,35.92,74.31,0.2,Trace,Heatwave
2023-05-10,Gilgit,Gilgit,Pakistan,35.92,74.31,0.4,Trace,Heatwave
2023-05-15,Gilgit,Gilgit,Pakistan,35.92,74.31,2.6,Trace,Normal
2023-05-16,Gilgit,Gilgit,Pakistan,35.92,74.31,1.0,Trace,Normal
2023-05-17,Gilgit,Gilgit,Pakistan,35.92,74.31,0.2,Trace,Normal
2023-05-18,Gilgit,Gilgit,Pakistan,35.92,74.31,0.4,Trace,Normal
2023-05-21,Gilgit,Gilgit,Pakistan,35.92,74.31,3.1,Trace,Heatwave
2023-05-22,Gilgit,Gilgit,Pakistan,35.92,74.31,1.6,Trace,Normal
2023-05-24,Gilgit,Gilgit,Pakistan,35.92,74.31,0.4,Trace,Normal
2023-05-31,Gilgit,Gilgit,Pakistan,35.92,74.31,1.6,Trace,Heatwave
2023-06-14,Gilgit,Gilgit,Pakistan,35.92,74.31,1.5,Trace,Normal
2023-06-18,Gilgit,Gilgit,Pakistan,35.92,74.31,0.5,Trace,Normal
2023-06-27,Gilgit,Gilgit,Pakistan,35.92,74.31,1.0,Trace,Normal
2023-07-10,Gilgit,Gilgit,Pakistan,35.92,74.31,8.8,Light,Normal
2023-07-12,Gilgit,Gilgit,Pakistan,35.92,74.31,1.8,Trace,Normal
2023-07-14,Gilgit,Gilgit,Pakistan,35.92,74.31,2.9,Trace,Normal
2023-07-18,Gilgit,Gilgit,Pakistan,35.92,74.31,12.7,Light,Normal
2023-07-20,Gilgit,Gilgit,Pakistan,35.92,74.31,4.1,Trace,Normal
2023-07-22,Gilgit,Gilgit,Pakistan,35.92,74.31,14.8,Light,Normal
2023-07-27,Gilgit,Gilgit,Pakistan,35.92,74.31,1.5,Trace,Normal
2023-07-28,Gilgit,Gilgit,Pakistan,35.92,74.31,0.4,Trace,Normal
2023-07-30,Gilgit,Gilgit,Pakistan,35.92,74.31,5.8,Light,Normal
2023-08-01,Gilgit,Gilgit,Pakistan,35.92,74.31,0.7,Trace,Normal
2023-08-13,Gilgit,Gilgit,Pakistan,35.92,74.31,3.3,Trace,Normal
2023-08-15,Gilgit,Gilgit,Pakistan,35.92,74.31,1.1,Trace,Normal
2023-08-18,Gilgit,Gilgit,Pakistan,35.92,74.31,1.5,Trace,Normal
2023-08-19,Gilgit,Gilgit,Pakistan,35.92,74.31,1.5,Trace,Normal
2023-08-27,Gilgit,Gilgit,Pakistan,35.92,74.31,3.9,Trace,Normal
2023-08-30,Gilgit,Gilgit,Pakistan,35.92,74.31,13.0,Light,Normal
2023-08-31,Gilgit,Gilgit,Pakistan,35.92,74.31,14.2,Light,Normal
2023-09-03,Gilgit,Gilgit,Pakistan,35.92,74.31,11.3,Light,Normal
2023-09-04,Gilgit,Gilgit,Pakistan,35.92,74.31,5.9,Light,Normal
2023-09-06,Gilgit,Gilgit,Pakistan,35.92,74.31,6.7,Light,Normal
2023-09-10,Gilgit,Gilgit,Pakistan,35.92,74.31,15.9,Moderate,Normal
2023-09-11,Gilgit,Gilgit,Pakistan,35.92,74.31,4.0,Trace,Normal
2023-09-13,Gilgit,Gilgit,Pakistan,35.92,74.31,2.7,Trace,Normal
2023-09-18,Gilgit,Gilgit,Pakistan,35.92,74.31,3.2,Trace,Normal
2023-09-19,Gilgit,Gilgit,Pakistan,35.92,74.31,0.6,Trace,Normal
2023-09-22,Gilgit,Gilgit,Pakistan,35.92,74.31,13.4,Light,Normal
2023-09-24,Gilgit,Gilgit,Pakistan,35.92,74.31,12.9,Light,Normal
2023-09-26,Gilgit,Gilgit,Pakistan,35.92,74.31,15.9,Moderate,Normal
2023-09-28,Gilgit,Gilgit,Pakistan,35.92,74.31,2.3,Trace,Normal
2023-10-04,Gilgit,Gilgit,Pakistan,35.92,74.31,2.2,Trace,Normal
2023-10-06,Gilgit,Gilgit,Pakistan,35.92,74.31,0.1,Trace,Normal
2023-10-07,Gilgit,Gilgit,Pakistan,35.92,74.31,2.8,Trace,Normal
2023-10-09,Gilgit,Gilgit,Pakistan,35.92,74.31,1.0,Trace,Normal
2023-10-13,Gilgit,Gilgit,Pakistan,35.92,74.31,0.2,Trace,Normal
2023-10-14,Gilgit,Gilgit,Pakistan,35.92,74.31,0.6,Trace,Normal
2023-10-15,Gilgit,Gilgit,Pakistan,35.92,74.31,0.7,Trace,Normal
2023-10-22,Gilgit,Gilgit,Pakistan,35.92,74.31,4.1,Trace,Normal
2023-10-23,Gilgit,Gilgit,Pakistan,35.92,74.31,0.7,Trace,Normal
2023-10-24,Gilgit,Gilgit,Pakistan,35.92,74.31,0.1,Trace,Normal
2023-10-30,Gilgit,Gilgit,Pakistan,35.92,74.31,0.6,Trace,Normal
2023-10-31,Gilgit,Gilgit,Pakistan,35.92,74.31,2.0,Trace,Normal
2023-11-02,Gilgit,Gilgit,Pakistan,35.92,74.31,3.2,Trace,Normal
2023-11-20,Gilgit,Gilgit,Pakistan,35.92,74.31,0.9,Trace,Normal
2023-11-24,Gilgit,Gilgit,Pakistan,35.92,74.31,0.4,Trace,Normal
2023-11-29,Gilgit,Gilgit,Pakistan,35.92,74.31,0.3,Trace,Normal
2023-12-01,Gilgit,Gilgit,Pakistan,35.92,74.31,0.8,Trace,Normal
2023-12-02,Gilgit,Gilgit,Pakistan,35.92,74.31,1.1,Trace,Normal
2023-12-03,Gilgit,Gilgit,Pakistan,35.92,74.31,2.4,Trace,Normal
2023-12-05,Gilgit,Gilgit,Pakistan,35.92,74.31,2.2,Trace,Normal
2023-12-22,Gilgit,Gilgit,Pakistan,35.92,74.31,0.4,Trace,Normal
2023-12-27,Gilgit,Gilgit,Pakistan,35.92,74.31,0.2,Trace,Normal
2023-12-31,Gilgit,Gilgit,Pakistan,35.92,74.31,0.1,Trace,Normal
2022-01-03,Muzaffarabad,Muzaffarabad,Pakistan,34.37,73.47,1.6,Trace,Normal
2022-01-04,Muzaffarabad,Muzaffarabad,Pakistan,34.37,73.47,2.5,Trace,Normal
2022-01-05,Muzaffarabad,Muzaffarabad,Pakistan,34.37,73.47,1.8,Trace,Normal
2022-01-08,Muzaffarabad,Muzaffarabad,Pakistan,34.37,73.47,0.5,Trace,Normal
2022-01-10,Muzaffarabad,Muzaffarabad,Pakistan,34.37,73.47,2.4,Trace,Normal
2022-01-11,Muzaffarabad,Muzaffarabad,Pakistan,34.37,73.47,2.2,Trace,Normal
2022-01-14,Muzaffarabad,Muzaffarabad,Pakistan,34.37,73.47,6.7,Light,Normal
2022-01-17,Muzaffarabad,Muzaffarabad,Pakistan,34.37,73.47,3.8,Trace,Normal
2022-01-20,Muzaffarabad,Muzaffarabad,Pakistan,34.37,73.47,1.7,Trace,Normal
2022-01-24,Muzaffarabad,Muzaffarabad,Pakistan,34.37,73.47,1.0,Trace,Normal
2022-01-25,Muzaffarabad,Muzaffarabad,Pakistan,34.37,73.47,16.7,Moderate,Normal
2022-01-28,Muzaffarabad,Muzaffarabad,Pakistan,34.37,73.47,2.3,Trace,Normal
2022-01-31,Muzaffarabad,Muzaffarabad,Pakistan,34.37,73.47,7.3,Light,Normal
2022-02-03,Muzaffarabad,Muzaffarabad,Pakistan,34.37,73.47,3.2,Trace,Normal
2022-02-05,Muzaffarabad,Muzaffarabad,Pakistan,34.37,73.47,7.1,Light,Normal
2022-02-08,Muzaffarabad,Muzaffarabad,Pakistan,34.37,73.47,0.4,Trace,Normal
2022-02-11,Muzaffarabad,Muzaffarabad,Pakistan,34.37,73.47,2.4,Trace,Normal
2022-02-12,Muzaffarabad,Muzaffarabad,Pakistan,34.37,73.47,2.3,Trace,Normal
2022-02-14,Muzaffarabad,Muzaffarabad,Pakistan,34.37,73.47,3.0,Trace,Normal
2022-02-15,Muzaffarabad,Muzaffarabad,Pakistan,34.37,73.47,3.4,Trace,Normal
2022-02-16,Muzaffarabad,Muzaffarabad,Pakistan,34.37,73.47,0.6,Trace,Normal
2022-02-17,Muzaffarabad,Muzaffarabad,Pakistan,34.37,73.47,1.1,Trace,Normal
2022-02-18,Muzaffarabad,Muzaffarabad,Pakistan,34.37,73.47,6.6,Light,Normal
2022-02-20,Muzaffarabad,Muzaffarabad,Pakistan,34.37,73.47,21.4,Moderate,Normal
2022-03-03,Muzaffarabad,Muzaffarabad,Pakistan,34.37,73.47,3.4,Trace,Normal
2022-03-04,Muzaffarabad,Muzaffarabad,Pakistan,34.37,73.47,1.9,Trace,Normal
2022-03-06,Muzaffarabad,Muzaffarabad,Pakistan,34.37,73.47,3.8,Trace,Heatwave
2022-03-14,Muzaffarabad,Muzaffarabad,Pakistan,34.37,73.47,1.6,Trace,Normal
2022-03-15,Muzaffarabad,Muzaffarabad,Pakistan,34.37,73.47,0.2,Trace,Normal
2022-03-17,Muzaffarabad,Muzaffarabad,Pakistan,34.37,73.47,1.4,Trace,Normal
2022-03-18,Muzaffarabad,Muzaffarabad,Pakistan,34.37,73.47,0.9,Trace,Heatwave
2022-03-20,Muzaffarabad,Muzaffarabad,Pakistan,34.37,73.47,5.9,Light,Heatwave
2022-03-22,Muzaffarabad,Muzaffarabad,Pakistan,34.37,73.47,4.6,Trace,Heatwave
2022-03-24,Muzaffarabad,Muzaffarabad,Pakistan,34.37,73.47,6.5,Light,Normal
2022-03-25,Muzaffarabad,Muzaffarabad,Pakistan,34.37,73.47,0.7,Trace,Heatwave
2022-03-27,Muzaffarabad,Muzaffarabad,Pakistan,34.37,73.47,1.0,Trace,Normal
2022-03-29,Muzaffarabad,Muzaffarabad,Pakistan,34.37,73.47,0.4,Trace,Heatwave
2022-04-01,Muzaffarabad,Muzaffarabad,Pakistan,34.37,73.47,0.8,Trace,Heatwave
2022-04-03,Muzaffarabad,Muzaffarabad,Pakistan,34.37,73.47,9.0,Light,Normal
2022-04-08,Muzaffarabad,Muzaffarabad,Pakistan,34.37,73.47,13.4,Light,Heatwave
2022-04-10,Muzaffarabad,Muzaffarabad,Pakistan,34.37,73.47,2.7,Trace,Heatwave
2022-04-11,Muzaffarabad,Muzaffarabad,Pakistan,34.37,73.47,3.5,Trace,Heatwave
2022-04-17,Muzaffarabad,Muzaffarabad,Pakistan,34.37,73.47,0.1,Trace,Heatwave
2022-04-24,Muzaffarabad,Muzaffarabad,Pakistan,34.37,73.47,2.0,Trace,Heatwave
2022-04-26,Muzaffarabad,Muzaffarabad,Pakistan,34.37,73.47,0.6,Trace,Heatwave
2022-04-29,Muzaffarabad,Muzaffarabad,Pakistan,34.37,73.47,2.5,Trace,Normal
2022-04-30,Muzaffarabad,Muzaffarabad,Pakistan,34.37,73.47,4.3,Trace,Heatwave
2022-05-03,Muzaffarabad,Muzaffarabad,Pakistan,34.37,73.47,5.2,Light,Normal
2022-05-04,Muzaffarabad,Muzaffarabad,Pakistan,34.37,73.47,0.7,Trace,Heatwave
2022-05-06,Muzaffarabad,Muzaffarabad,Pakistan,34.37,73.47,17.6,Moderate,Normal
2022-05-07,Muzaffarabad,Muzaffarabad,Pakistan,34.37,73.47,4.6,Trace,Heatwave
2022-05-09,Muzaffarabad,Muzaffarabad,Pakistan,34.37,73.47,1.2,Trace,Heatwave
2022-05-13,Muzaffarabad,Muzaffarabad,Pakistan,34.37,73.47,1.4,Trace,Normal
2022-05-15,Muzaffarabad,Muzaffarabad,Pakistan,34.37,73.47,1.3,Trace,Heatwave
2022-05-17,Muzaffarabad,Muzaffarabad,Pakistan,34.37,73.47,1.6,Trace,Heatwave
2022-05-20,Muzaffarabad,Muzaffarabad,Pakistan,34.37,73.47,6.0,Light,Normal
2022-05-23,Muzaffarabad,Muzaffarabad,Pakistan,34.37,73.47,1.4,Trace,Heatwave
2022-05-28,Muzaffarabad,Muzaffarabad,Pakistan,34.37,73.47,1.5,Trace,Normal
2022-05-31,Muzaffarabad,Muzaffarabad,Pakistan,34.37,73.47,0.3,Trace,Normal
2022-06-05,Muzaffarabad,Muzaffarabad,Pakistan,34.37,73.47,2.2,Trace,Normal
2022-06-15,Muzaffarabad,Muzaffarabad,Pakistan,34.37,73.47,2.9,Trace,Normal
2022-06-17,Muzaffarabad,Muzaffarabad,Pakistan,34.37,73.47,14.4,Light,Normal
2022-06-22,Muzaffarabad,Muzaffarabad,Pakistan,34.37,73.47,1.4,Trace,Normal
2022-06-23,Muzaffarabad,Muzaffarabad,Pakistan,34.37,73.47,7.9,Light,Normal
2022-06-26,Muzaffarabad,Muzaffarabad,Pakistan,34.37,73.47,1.2,Trace,Heatwave
2022-06-27,Muzaffarabad,Muzaffarabad,Pakistan,34.37,73.47,6.3,Light,Normal
2022-06-28,Muzaffarabad,Muzaffarabad,Pakistan,34.37,73.47,5.0,Trace,Heatwave
2022-06-30,Muzaffarabad,Muzaffarabad,Pakistan,34.37,73.47,3.0,Trace,Normal
2022-07-02,Muzaffarabad,Muzaffarabad,Pakistan,34.37,73.47,3.4,Trace,Normal
2022-07-04,Muzaffarabad,Muzaffarabad,Pakistan,34.37,73.47,34.8,Heavy,Normal
2022-07-08,Muzaffarabad,Muzaffarabad,Pakistan,34.37,73.47,14.6,Light,Normal
2022-07-10,Muzaffarabad,Muzaffarabad,Pakistan,34.37,73.47,4.7,Trace,Normal
2022-07-11,Muzaffarabad,Muzaffarabad,Pakistan,34.37,73.47,39.0,Heavy,Normal
2022-07-12,Muzaffarabad,Muzaffarabad,Pakistan,34.37,73.47,5.4,Light,Normal
2022-07-14,Muzaffarabad,Muzaffarabad,Pakistan,34.37,73.47,28.3,Moderate,Normal
2022-07-17,Muzaffarabad,Muzaffarabad,Pakistan,34.37,73.47,21.8,Moderate,Normal
2022-07-18,Muzaffarabad,Muzaffarabad,Pakistan,34.37,73.47,2.2,Trace,Normal
2022-08-07,Muzaffarabad,Muzaffarabad,Pakistan,34.37,73.47,46.3,Heavy,Normal
2022-08-08,Muzaffarabad,Muzaffarabad,Pakistan,34.37,73.47,41.4,Heavy,Normal
2022-08-10,Muzaffarabad,Muzaffarabad,Pakistan,34.37,73.47,16.4,Moderate,Normal
2022-08-14,Muzaffarabad,Muzaffarabad,Pakistan,34.37,73.47,8.0,Light,Normal
2022-08-15,Muzaffarabad,Muzaffarabad,Pakistan,34.37,73.47,13.0,Light,Normal
2022-08-19,Muzaffarabad,Muzaffarabad,Pakistan,34.37,73.47,20.5,Moderate,Normal
2022-08-24,Muzaffarabad,Muzaffarabad,Pakistan,34.37,73.47,18.0,Moderate,Normal
2022-08-30,Muzaffarabad,Muzaffarabad,Pakistan,34.37,73.47,1.4,Trace,Normal
2022-09-01,Muzaffarabad,Muzaffarabad,Pakistan,34.37,73.47,33.0,Heavy,Normal
2022-09-02,Muzaffarabad,Muzaffarabad,Pakistan,34.37,73.47,40.4,Heavy,Normal
2022-09-05,Muzaffarabad,Muzaffarabad,Pakistan,34.37,73.47,6.8,Light,Normal
2022-09-06,Muzaffarabad,Muzaffarabad,Pakistan,34.37,73.47,14.6,Light,Normal
2022-09-19,Muzaffarabad,Muzaffarabad,Pakistan,34.37,73.47,5.9,Light,Normal
2022-09-26,Muzaffarabad,Muzaffarabad,Pakistan,34.37,73.47,40.1,Heavy,Normal
2022-10-04,Muzaffarabad,Muzaffarabad,Pakistan,34.37,73.47,3.6,Trace,Normal
2022-10-05,Muzaffarabad,Muzaffarabad,Pakistan,34.37,73.47,1.9,Trace,Normal
2022-10-08,Muzaffarabad,Muzaffarabad,Pakistan,34.37,73.47,0.3,Trace,Normal
2022-10-11,Muzaffarabad,Muzaffarabad,Pakistan,34.37,73.47,1.3,Trace,Normal
2022-10-13,Muzaffarabad,Muzaffarabad,Pakistan,34.37,73.47,1.4,Trace,Normal
2022-10-16,Muzaffarabad,Muzaffarabad,Pakistan,34.37,73.47,5.5,Light,Normal
2022-10-17,Muzaffarabad,Muzaffarabad,Pakistan,34.37,73.47,3.4,Trace,Normal
2022-10-19,Muzaffarabad,Muzaffarabad,Pakistan,34.37,73.47,5.9,Light,Normal
2022-10-30,Muzaffarabad,Muzaffarabad,Pakistan,34.37,73.47,2.4,Trace,Normal
2022-10-31,Muzaffarabad,Muzaffarabad,Pakistan,34.37,73.47,0.4,Trace,Normal
2022-11-07,Muzaffarabad,Muzaffarabad,Pakistan,34.37,73.47,2.5,Trace,Normal
2022-11-11,Muzaffarabad,Muzaffarabad,Pakistan,34.37,73.47,1.1,Trace,Normal
2022-11-12,Muzaffarabad,Muzaffarabad,Pakistan,34.37,73.47,4.2,Trace,Normal
2022-11-13,Muzaffarabad,Muzaffarabad,Pakistan,34.37,73.47,11.9,Light,Normal
2022-11-24,Muzaffarabad,Muzaffarabad,Pakistan,34.37,73.47,1.1,Trace,Normal
2022-11-29,Muzaffarabad,Muzaffarabad,Pakistan,34.37,73.47,3.9,Trace,Normal
2022-12-01,Muzaffarabad,Muzaffarabad,Pakistan,34.37,73.47,1.2,Trace,Normal
2022-12-02,Muzaffarabad,Muzaffarabad,Pakistan,34.37,73.47,4.5,Trace,Normal
2022-12-03,Muzaffarabad,Muzaffarabad,Pakistan,34.37,73.47,0.3,Trace,Normal
2022-12-07,Muzaffarabad,Muzaffarabad,Pakistan,34.37,73.47,2.2,Trace,Normal
2022-12-14,Muzaffarabad,Muzaffarabad,Pakistan,34.37,73.47,0.8,Trace,Normal
2022-12-15,Muzaffarabad,Muzaffarabad,Pakistan,34.37,73.47,0.8,Trace,Normal
2022-12-18,Muzaffarabad,Muzaffarabad,Pakistan,34.37,73.47,0.1,Trace,Normal
2022-12-20,Muzaffarabad,Muzaffarabad,Pakistan,34.37,73.47,3.9,Trace,Normal
2022-12-22,Muzaffarabad,Muzaffarabad,Pakistan,34.37,73.47,1.9,Trace,Normal
2022-12-24,Muzaffarabad,Muzaffarabad,Pakistan,34.37,73.47,4.7,Trace,Normal
2022-12-26,Muzaffarabad,Muzaffarabad,Pakistan,34.37,73.47,0.8,Trace,Normal
2022-12-28,Muzaffarabad,Muzaffarabad,Pakistan,34.37,73.47,1.1,Trace,Normal
2022-12-29,Muzaffarabad,Muzaffarabad,Pakistan,34.37,73.47,0.6,Trace,Normal
2022-12-30,Muzaffarabad,Muzaffarabad,Pakistan,34.37,73.47,1.6,Trace,Normal
2023-01-05,Muzaffarabad,Muzaffarabad,Pakistan,34.37,73.47,3.5,Trace,Normal
2023-01-13,Muzaffarabad,Muzaffarabad,Pakistan,34.37,73.47,3.3,Trace,Normal
2023-01-14,Muzaffarabad,Muzaffarabad,Pakistan,34.37,73.47,0.5,Trace,Normal
2023-01-17,Muzaffarabad,Muzaffarabad,Pakistan,34.37,73.47,9.6,Light,Normal
2023-01-22,Muzaffarabad,Muzaffarabad,Pakistan,34.37,73.47,5.2,Light,Normal
2023-01-24,Muzaffarabad,Muzaffarabad,Pakistan,34.37,73.47,0.6,Trace,Normal
2023-01-26,Muzaffarabad,Muzaffarabad,Pakistan,34.37,73.47,3.8,Trace,Normal
2023-01-31,Muzaffarabad,Muzaffarabad,Pakistan,34.37,73.47,1.6,Trace,Normal
2023-02-07,Muzaffarabad,Muzaffarabad,Pakistan,34.37,73.47,3.6,Trace,Normal
2023-02-14,Muzaffarabad,Muzaffarabad,Pakistan,34.37,73.47,0.2,Trace,Normal
2023-02-26,Muzaffarabad,Muzaffarabad,Pakistan,34.37,73.47,2.3,Trace,Normal
2023-03-01,Muzaffarabad,Muzaffarabad,Pakistan,34.37,73.47,1.3,Trace,Normal
2023-03-03,Muzaffarabad,Muzaffarabad,Pakistan,34.37,73.47,2.5,Trace,Heatwave
2023-03-06,Muzaffarabad,Muzaffarabad,Pakistan,34.37,73.47,7.4,Light,Heatwave
2023-03-10,Muzaffarabad,Muzaffarabad,Pakistan,34.37,73.47,2.4,Trace,Heatwave
2023-03-13,Muzaffarabad,Muzaffarabad,Pakistan,34.37,73.47,0.5,Trace,Normal
2023-03-15,Muzaffarabad,Muzaffarabad,Pakistan,34.37,73.47,0.6,Trace,Normal
2023-03-16,Muzaffarabad,Muzaffarabad,Pakistan,34.37,73.47,0.6,Trace,Normal
2023-03-19,Muzaffarabad,Muzaffarabad,Pakistan,34.37,73.47,2.1,Trace,Heatwave
2023-03-22,Muzaffarabad,Muzaffarabad,Pakistan,34.37,73.47,5.5,Light,Normal
2023-04-09,Muzaffarabad,Muzaffarabad,Pakistan,34.37,73.47,2.1,Trace,Heatwave
2023-04-11,Muzaffarabad,Muzaffarabad,Pakistan,34.37,73.47,9.2,Light,Heatwave
2023-04-14,Muzaffarabad,Muzaffarabad,Pakistan,34.37,73.47,0.9,Trace,Heatwave
2023-04-17,Muzaffarabad,Muzaffarabad,Pakistan,34.37,73.47,2.0,Trace,Normal
2023-04-18,Muzaffarabad,Muzaffarabad,Pakistan,34.37,73.47,0.1,Trace,Heatwave
2023-04-19,Muzaffarabad,Muzaffarabad,Pakistan,34.37,73.47,0.5,Trace,Normal
2023-04-22,Muzaffarabad,Muzaffarabad,Pakistan,34.37,73.47,0.4,Trace,Heatwave
2023-04-23,Muzaffarabad,Muzaffarabad,Pakistan,34.37,73.47,0.3,Trace,Normal
2023-04-29,Muzaffarabad,Muzaffarabad,Pakistan,34.37,73.47,0.2,Trace,Heatwave
2023-05-03,Muzaffarabad,Muzaffarabad,Pakistan,34.37,73.47,4.1,Trace,Normal
2023-05-05,Muzaffarabad,Muzaffarabad,Pakistan,34.37,73.47,9.9,Light,Normal
2023-05-07,Muzaffarabad,Muzaffarabad,Pakistan,34.37,73.47,3.5,Trace,Heatwave
2023-05-09,Muzaffarabad,Muzaffarabad,Pakistan,34.37,73.47,1.7,Trace,Heatwave
2023-05-10,Muzaffarabad,Muzaffarabad,Pakistan,34.37,73.47,1.0,Trace,Heatwave
2023-05-11,Muzaffarabad,Muzaffarabad,Pakistan,34.37,73.47,0.6,Trace,Normal
2023-05-18,Muzaffarabad,Muzaffarabad,Pakistan,34.37,73.47,1.2,Trace,Normal
2023-05-21,Muzaffarabad,Muzaffarabad,Pakistan,34.37,73.47,0.6,Trace,Heatwave
2023-05-22,Muzaffarabad,Muzaffarabad,Pakistan,34.37,73.47,0.8,Trace,Normal
2023-05-28,Muzaffarabad,Muzaffarabad,Pakistan,34.37,73.47,0.1,Trace,Normal
2023-05-31,Muzaffarabad,Muzaffarabad,Pakistan,34.37,73.47,0.8,Trace,Heatwave
2023-06-06,Muzaffarabad,Muzaffarabad,Pakistan,34.37,73.47,7.3,Light,Normal
2023-06-08,Muzaffarabad,Muzaffarabad,Pakistan,34.37,73.47,2.4,Trace,Normal
2023-06-11,Muzaffarabad,Muzaffarabad,Pakistan,34.37,73.47,1.1,Trace,Normal
2023-06-15,Muzaffarabad,Muzaffarabad,Pakistan,34.37,73.47,6.3,Light,Normal
2023-06-16,Muzaffarabad,Muzaffarabad,Pakistan,34.37,73.47,9.8,Light,Normal
2023-06-21,Muzaffarabad,Muzaffarabad,Pakistan,34.37,73.47,0.2,Trace,Normal
2023-06-25,Muzaffarabad,Muzaffarabad,Pakistan,34.37,73.47,2.1,Trace,Normal
2023-06-26,Muzaffarabad,Muzaffarabad,Pakistan,34.37,73.47,1.0,Trace,Normal
2023-06-28,Muzaffarabad,Muzaffarabad,Pakistan,34.37,73.47,6.3,Light,Normal
2023-06-29,Muzaffarabad,Muzaffarabad,Pakistan,34.37,73.47,0.9,Trace,Normal
2023-07-01,Muzaffarabad,Muzaffarabad,Pakistan,34.37,73.47,5.8,Light,Normal
2023-07-06,Muzaffarabad,Muzaffarabad,Pakistan,34.37,73.47,6.6,Light,Normal
2023-07-09,Muzaffarabad,Muzaffarabad,Pakistan,34.37,73.47,104.6,Extreme,Flood
2023-07-12,Muzaffarabad,Muzaffarabad,Pakistan,34.37,73.47,15.1,Moderate,Normal
2023-07-14,Muzaffarabad,Muzaffarabad,Pakistan,34.37,73.47,67.1,Extreme,Flood
2023-07-15,Muzaffarabad,Muzaffarabad,Pakistan,34.37,73.47,9.5,Light,Normal
2023-07-18,Muzaffarabad,Muzaffarabad,Pakistan,34.37,73.47,3.3,Trace,Normal
2023-07-23,Muzaffarabad,Muzaffarabad,Pakistan,34.37,73.47,1.9,Trace,Normal
2023-07-26,Muzaffarabad,Muzaffarabad,Pakistan,34.37,73.47,28.4,Moderate,Normal
2023-07-27,Muzaffarabad,Muzaffarabad,Pakistan,34.37,73.47,2.2,Trace,Normal
2023-07-30,Muzaffarabad,Muzaffarabad,Pakistan,34.37,73.47,22.2,Moderate,Normal
2023-08-01,Muzaffarabad,Muzaffarabad,Pakistan,34.37,73.47,21.5,Moderate,Normal
2023-08-03,Muzaffarabad,Muzaffarabad,Pakistan,34.37,73.47,0.4,Trace,Normal
2023-08-05,Muzaffarabad,Muzaffarabad,Pakistan,34.37,73.47,12.8,Light,Normal
2023-08-11,Muzaffarabad,Muzaffarabad,Pakistan,34.37,73.47,16.3,Moderate,Normal
2023-08-13,Muzaffarabad,Muzaffarabad,Pakistan,34.37,73.47,2.8,Trace,Normal
2023-08-15,Muzaffarabad,Muzaffarabad,Pakistan,34.37,73.47,7.9,Light,Normal
2023-08-19,Muzaffarabad,Muzaffarabad,Pakistan,34.37,73.47,2.1,Trace,Normal
2023-08-20,Muzaffarabad,Muzaffarabad,Pakistan,34.37,73.47,19.7,Moderate,Normal
2023-08-23,Muzaffarabad,Muzaffarabad,Pakistan,34.37,73.47,51.5,Extreme,Flood
2023-08-25,Muzaffarabad,Muzaffarabad,Pakistan,34.37,73.47,0.6,Trace,Normal
2023-08-29,Muzaffarabad,Muzaffarabad,Pakistan,34.37,73.47,12.1,Light,Normal
2023-09-12,Muzaffarabad,Muzaffarabad,Pakistan,34.37,73.47,3.4,Trace,Normal
2023-09-18,Muzaffarabad,Muzaffarabad,Pakistan,34.37,73.47,2.5,Trace,Normal
2023-09-19,Muzaffarabad,Muzaffarabad,Pakistan,34.37,73.47,1.1,Trace,Normal
2023-09-22,Muzaffarabad,Muzaffarabad,Pakistan,34.37,73.47,31.4,Heavy,Normal
2023-09-23,Muzaffarabad,Muzaffarabad,Pakistan,34.37,73.47,15.3,Moderate,Normal
2023-09-27,Muzaffarabad,Muzaffarabad,Pakistan,34.37,73.47,10.4,Light,Normal
2023-09-28,Muzaffarabad,Muzaffarabad,Pakistan,34.37,73.47,18.9,Moderate,Normal
2023-10-07,Muzaffarabad,Muzaffarabad,Pakistan,34.37,73.47,5.9,Light,Normal
2023-10-10,Muzaffarabad,Muzaffarabad,Pakistan,34.37,73.47,1.3,Trace,Normal
2023-10-11,Muzaffarabad,Muzaffarabad,Pakistan,34.37,73.47,0.7,Trace,Normal
2023-10-12,Muzaffarabad,Muzaffarabad,Pakistan,34.37,73.47,0.3,Trace,Normal
2023-10-13,Muzaffarabad,Muzaffarabad,Pakistan,34.37,73.47,8.1,Light,Normal
2023-10-14,Muzaffarabad,Muzaffarabad,Pakistan,34.37,73.47,1.1,Trace,Normal
2023-10-23,Muzaffarabad,Muzaffarabad,Pakistan,34.37,73.47,1.0,Trace,Normal
2023-10-24,Muzaffarabad,Muzaffarabad,Pakistan,34.37,73.47,2.7,Trace,Normal
2023-10-28,Muzaffarabad,Muzaffarabad,Pakistan,34.37,73.47,0.7,Trace,Normal
2023-11-01,Muzaffarabad,Muzaffarabad,Pakistan,34.37,73.47,0.2,Trace,Normal
2023-11-02,Muzaffarabad,Muzaffarabad,Pakistan,34.37,73.47,6.9,Light,Normal
2023-11-07,Muzaffarabad,Muzaffarabad,Pakistan,34.37,73.47,0.1,Trace,Normal
2023-11-09,Muzaffarabad,Muzaffarabad,Pakistan,34.37,73.47,1.8,Trace,Normal
2023-11-10,Muzaffarabad,Muzaffarabad,Pakistan,34.37,73.47,6.5,Light,Normal
2023-11-12,Muzaffarabad,Muzaffarabad,Pakistan,34.37,73.47,7.6,Light,Normal
2023-11-14,Muzaffarabad,Muzaffarabad,Pakistan,34.37,73.47,0.6,Trace,Normal
2023-11-16,Muzaffarabad,Muzaffarabad,Pakistan,34.37,73.47,1.6,Trace,Normal
2023-11-17,Muzaffarabad,Muzaffarabad,Pakistan,34.37,73.47,1.4,Trace,Normal
2023-11-20,Muzaffarabad,Muzaffarabad,Pakistan,34.37,73.47,1.1,Trace,Normal
2023-11-22,Muzaffarabad,Muzaffarabad,Pakistan,34.37,73.47,6.8,Light,Normal
2023-11-23,Muzaffarabad,Muzaffarabad,Pakistan,34.37,73.47,9.5,Light,Normal
2023-11-25,Muzaffarabad,Muzaffarabad,Pakistan,34.37,73.47,1.1,Trace,Normal
2023-11-26,Muzaffarabad,Muzaffarabad,Pakistan,34.37,73.47,0.3,Trace,Normal
2023-11-28,Muzaffarabad,Muzaffarabad,Pakistan,34.37,73.47,1.0,Trace,Normal
2023-11-29,Muzaffarabad,Muzaffarabad,Pakistan,34.37,73.47,0.9,Trace,Normal
2023-11-30,Muzaffarabad,Muzaffarabad,Pakistan,34.37,73.47,6.7,Light,Normal
2023-12-06,Muzaffarabad,Muzaffarabad,Pakistan,34.37,73.47,4.5,Trace,Normal
2023-12-07,Muzaffarabad,Muzaffarabad,Pakistan,34.37,73.47,1.2,Trace,Normal
2023-12-09,Muzaffarabad,Muzaffarabad,Pakistan,34.37,73.47,0.1,Trace,Normal
2023-12-14,Muzaffarabad,Muzaffarabad,Pakistan,34.37,73.47,5.9,Light,Normal
2023-12-21,Muzaffarabad,Muzaffarabad,Pakistan,34.37,73.47,1.7,Trace,Normal
2023-12-23,Muzaffarabad,Muzaffarabad,Pakistan,34.37,73.47,14.7,Light,Normal
2023-12-25,Muzaffarabad,Muzaffarabad,Pakistan,34.37,73.47,4.1,Trace,Normal
2023-12-27,Muzaffarabad,Muzaffarabad,Pakistan,34.37,73.47,6.7,Light,Normal
2023-12-28,Muzaffarabad,Muzaffarabad,Pakistan,34.37,73.47,1.0,Trace,Normal
2023-12-29,Muzaffarabad,Muzaffarabad,Pakistan,34.37,73.47,0.1,Trace,Normal
2023-12-30,Muzaffarabad,Muzaffarabad,Pakistan,34.37,73.47,0.3,Trace,Normal
2022-01-02,Sialkot,Sialkot,Pakistan,32.49,74.53,0.4,Trace,Normal
2022-01-03,Sialkot,Sialkot,Pakistan,32.49,74.53,5.9,Light,Normal
2022-01-07,Sialkot,Sialkot,Pakistan,32.49,74.53,0.7,Trace,Normal
2022-01-09,Sialkot,Sialkot,Pakistan,32.49,74.53,0.4,Trace,Normal
2022-01-13,Sialkot,Sialkot,Pakistan,32.49,74.53,10.5,Light,Normal
2022-01-19,Sialkot,Sialkot,Pakistan,32.49,74.53,0.1,Trace,Normal
2022-01-22,Sialkot,Sialkot,Pakistan,32.49,74.53,0.5,Trace,Normal
2022-01-29,Sialkot,Sialkot,Pakistan,32.49,74.53,0.5,Trace,Normal
2022-02-01,Sialkot,Sialkot,Pakistan,32.49,74.53,0.8,Trace,Normal
2022-02-03,Sialkot,Sialkot,Pakistan,32.49,74.53,2.3,Trace,Normal
2022-02-05,Sialkot,Sialkot,Pakistan,32.49,74.53,0.6,Trace,Normal
2022-02-08,Sialkot,Sialkot,Pakistan,32.49,74.53,1.2,Trace,Heatwave
2022-02-14,Sialkot,Sialkot,Pakistan,32.49,74.53,0.8,Trace,Normal
2022-02-16,Sialkot,Sialkot,Pakistan,32.49,74.53,0.3,Trace,Heatwave
2022-02-18,Sialkot,Sialkot,Pakistan,32.49,74.53,0.5,Trace,Heatwave
2022-02-21,Sialkot,Sialkot,Pakistan,32.49,74.53,0.2,Trace,Heatwave
2022-02-22,Sialkot,Sialkot,Pakistan,32.49,74.53,9.0,Light,Heatwave
2022-02-25,Sialkot,Sialkot,Pakistan,32.49,74.53,4.1,Trace,Heatwave
2022-02-27,Sialkot,Sialkot,Pakistan,32.49,74.53,5.1,Light,Heatwave
2022-02-28,Sialkot,Sialkot,Pakistan,32.49,74.53,0.4,Trace,Heatwave
2022-03-02,Sialkot,Sialkot,Pakistan,32.49,74.53,0.6,Trace,Heatwave
2022-03-06,Sialkot,Sialkot,Pakistan,32.49,74.53,2.2,Trace,Heatwave
2022-03-07,Sialkot,Sialkot,Pakistan,32.49,74.53,0.5,Trace,Heatwave
2022-03-08,Sialkot,Sialkot,Pakistan,32.49,74.53,4.6,Trace,Heatwave
2022-03-09,Sialkot,Sialkot,Pakistan,32.49,74.53,0.9,Trace,Heatwave
2022-03-11,Sialkot,Sialkot,Pakistan,32.49,74.53,0.5,Trace,Heatwave
2022-03-14,Sialkot,Sialkot,Pakistan,32.49,74.53,2.5,Trace,Normal
2022-03-16,Sialkot,Sialkot,Pakistan,32.49,74.53,1.0,Trace,Heatwave
2022-03-18,Sialkot,Sialkot,Pakistan,32.49,74.53,1.6,Trace,Heatwave
2022-03-21,Sialkot,Sialkot,Pakistan,32.49,74.53,9.0,Light,Heatwave
2022-03-23,Sialkot,Sialkot,Pakistan,32.49,74.53,10.0,Light,Heatwave
2022-03-24,Sialkot,Sialkot,Pakistan,32.49,74.53,8.8,Light,Heatwave
2022-03-29,Sialkot,Sialkot,Pakistan,32.49,74.53,1.2,Trace,Heatwave
2022-04-04,Sialkot,Sialkot,Pakistan,32.49,74.53,0.9,Trace,Heatwave
2022-04-08,Sialkot,Sialkot,Pakistan,32.49,74.53,1.4,Trace,Heatwave
2022-04-15,Sialkot,Sialkot,Pakistan,32.49,74.53,5.9,Light,Heatwave
2022-04-16,Sialkot,Sialkot,Pakistan,32.49,74.53,2.9,Trace,Heatwave
2022-04-17,Sialkot,Sialkot,Pakistan,32.49,74.53,1.9,Trace,Heatwave
2022-04-18,Sialkot,Sialkot,Pakistan,32.49,74.53,6.0,Light,Heatwave
2022-04-21,Sialkot,Sialkot,Pakistan,32.49,74.53,0.7,Trace,Heatwave
2022-04-22,Sialkot,Sialkot,Pakistan,32.49,74.53,6.6,Light,Heatwave
2022-05-03,Sialkot,Sialkot,Pakistan,32.49,74.53,0.5,Trace,Heatwave
2022-05-04,Sialkot,Sialkot,Pakistan,32.49,74.53,1.8,Trace,Heatwave
2022-05-05,Sialkot,Sialkot,Pakistan,32.49,74.53,1.3,Trace,Heatwave
2022-05-07,Sialkot,Sialkot,Pakistan,32.49,74.53,4.2,Trace,Heatwave
2022-05-10,Sialkot,Sialkot,Pakistan,32.49,74.53,2.2,Trace,Normal
2022-05-12,Sialkot,Sialkot,Pakistan,32.49,74.53,4.0,Trace,Heatwave
2022-05-14,Sialkot,Sialkot,Pakistan,32.49,74.53,7.3,Light,Heatwave
2022-05-24,Sialkot,Sialkot,Pakistan,32.49,74.53,0.4,Trace,Heatwave
2022-06-03,Sialkot,Sialkot,Pakistan,32.49,74.53,5.0,Trace,Heatwave
2022-06-07,Sialkot,Sialkot,Pakistan,32.49,74.53,1.6,Trace,Heatwave
2022-06-08,Sialkot,Sialkot,Pakistan,32.49,74.53,0.5,Trace,Heatwave
2022-06-12,Sialkot,Sialkot,Pakistan,32.49,74.53,0.3,Trace,Heatwave
2022-06-13,Sialkot,Sialkot,Pakistan,32.49,74.53,2.3,Trace,Heatwave
2022-06-20,Sialkot,Sialkot,Pakistan,32.49,74.53,1.8,Trace,Heatwave
2022-06-21,Sialkot,Sialkot,Pakistan,32.49,74.53,0.1,Trace,Heatwave
2022-06-22,Sialkot,Sialkot,Pakistan,32.49,74.53,2.4,Trace,Normal
2022-06-27,Sialkot,Sialkot,Pakistan,32.49,74.53,4.7,Trace,Normal
2022-06-28,Sialkot,Sialkot,Pakistan,32.49,74.53,1.0,Trace,Normal
2022-07-03,Sialkot,Sialkot,Pakistan,32.49,74.53,1.8,Trace,Normal
2022-07-04,Sialkot,Sialkot,Pakistan,32.49,74.53,0.5,Trace,Normal
2022-07-06,Sialkot,Sialkot,Pakistan,32.49,74.53,7.0,Light,Normal
2022-07-08,Sialkot,Sialkot,Pakistan,32.49,74.53,9.4,Light,Normal
2022-07-11,Sialkot,Sialkot,Pakistan,32.49,74.53,9.0,Light,Normal
2022-07-12,Sialkot,Sialkot,Pakistan,32.49,74.53,19.0,Moderate,Normal
2022-07-17,Sialkot,Sialkot,Pakistan,32.49,74.53,8.8,Light,Normal
2022-07-18,Sialkot,Sialkot,Pakistan,32.49,74.53,1.5,Trace,Normal
2022-07-20,Sialkot,Sialkot,Pakistan,32.49,74.53,0.6,Trace,Normal
2022-07-25,Sialkot,Sialkot,Pakistan,32.49,74.53,5.2,Light,Normal
2022-07-27,Sialkot,Sialkot,Pakistan,32.49,74.53,21.6,Moderate,Normal
2022-07-31,Sialkot,Sialkot,Pakistan,32.49,74.53,3.4,Trace,Normal
2022-08-01,Sialkot,Sialkot,Pakistan,32.49,74.53,7.0,Light,Normal
2022-08-03,Sialkot,Sialkot,Pakistan,32.49,74.53,3.7,Trace,Normal
2022-08-10,Sialkot,Sialkot,Pakistan,32.49,74.53,5.4,Light,Normal
2022-08-12,Sialkot,Sialkot,Pakistan,32.49,74.53,2.9,Trace,Normal
2022-08-15,Sialkot,Sialkot,Pakistan,32.49,74.53,20.8,Moderate,Normal
2022-08-21,Sialkot,Sialkot,Pakistan,32.49,74.53,0.1,Trace,Normal
2022-08-25,Sialkot,Sialkot,Pakistan,32.49,74.53,9.9,Light,Normal
2022-09-03,Sialkot,Sialkot,Pakistan,32.49,74.53,3.9,Trace,Normal
2022-09-09,Sialkot,Sialkot,Pakistan,32.49,74.53,7.8,Light,Normal
2022-09-12,Sialkot,Sialkot,Pakistan,32.49,74.53,27.4,Moderate,Normal
2022-09-17,Sialkot,Sialkot,Pakistan,32.49,74.53,9.6,Light,Normal
2022-09-20,Sialkot,Sialkot,Pakistan,32.49,74.53,24.4,Moderate,Normal
2022-09-25,Sialkot,Sialkot,Pakistan,32.49,74.53,13.8,Light,Normal
2022-09-26,Sialkot,Sialkot,Pakistan,32.49,74.53,28.4,Moderate,Normal
2022-09-27,Sialkot,Sialkot,Pakistan,32.49,74.53,27.5,Moderate,Normal
2022-09-29,Sialkot,Sialkot,Pakistan,32.49,74.53,16.1,Moderate,Normal
2022-10-05,Sialkot,Sialkot,Pakistan,32.49,74.53,1.0,Trace,Normal
2022-10-06,Sialkot,Sialkot,Pakistan,32.49,74.53,0.1,Trace,Normal
2022-10-07,Sialkot,Sialkot,Pakistan,32.49,74.53,0.9,Trace,Normal
2022-10-10,Sialkot,Sialkot,Pakistan,32.49,74.53,1.8,Trace,Normal
2022-10-11,Sialkot,Sialkot,Pakistan,32.49,74.53,2.5,Trace,Normal
2022-10-13,Sialkot,Sialkot,Pakistan,32.49,74.53,1.9,Trace,Normal
2022-10-14,Sialkot,Sialkot,Pakistan,32.49,74.53,2.3,Trace,Normal
2022-10-20,Sialkot,Sialkot,Pakistan,32.49,74.53,0.5,Trace,Normal
2022-10-21,Sialkot,Sialkot,Pakistan,32.49,74.53,1.5,Trace,Normal
2022-10-25,Sialkot,Sialkot,Pakistan,32.49,74.53,2.1,Trace,Normal
2022-10-29,Sialkot,Sialkot,Pakistan,32.49,74.53,0.2,Trace,Normal
2022-10-31,Sialkot,Sialkot,Pakistan,32.49,74.53,0.2,Trace,Normal
2022-11-04,Sialkot,Sialkot,Pakistan,32.49,74.53,2.1,Trace,Normal
2022-11-09,Sialkot,Sialkot,Pakistan,32.49,74.53,0.3,Trace,Normal
2022-11-15,Sialkot,Sialkot,Pakistan,32.49,74.53,1.4,Trace,Normal
2022-11-18,Sialkot,Sialkot,Pakistan,32.49,74.53,4.4,Trace,Normal
2022-11-29,Sialkot,Sialkot,Pakistan,32.49,74.53,1.2,Trace,Normal
2022-12-02,Sialkot,Sialkot,Pakistan,32.49,74.53,0.6,Trace,Normal
2022-12-09,Sialkot,Sialkot,Pakistan,32.49,74.53,3.5,Trace,Normal
2022-12-11,Sialkot,Sialkot,Pakistan,32.49,74.53,0.1,Trace,Normal
2022-12-14,Sialkot,Sialkot,Pakistan,32.49,74.53,0.5,Trace,Normal
2022-12-16,Sialkot,Sialkot,Pakistan,32.49,74.53,0.9,Trace,Normal
2022-12-20,Sialkot,Sialkot,Pakistan,32.49,74.53,2.2,Trace,Normal
2022-12-21,Sialkot,Sialkot,Pakistan,32.49,74.53,0.8,Trace,Normal
2022-12-30,Sialkot,Sialkot,Pakistan,32.49,74.53,2.2,Trace,Normal
2023-01-03,Sialkot,Sialkot,Pakistan,32.49,74.53,0.5,Trace,Normal
2023-01-04,Sialkot,Sialkot,Pakistan,32.49,74.53,0.6,Trace,Normal
2023-01-11,Sialkot,Sialkot,Pakistan,32.49,74.53,1.6,Trace,Normal
2023-01-15,Sialkot,Sialkot,Pakistan,32.49,74.53,0.6,Trace,Normal
2023-01-19,Sialkot,Sialkot,Pakistan,32.49,74.53,1.5,Trace,Normal
2023-01-22,Sialkot,Sialkot,Pakistan,32.49,74.53,3.8,Trace,Normal
2023-01-31,Sialkot,Sialkot,Pakistan,32.49,74.53,1.4,Trace,Heatwave
2023-02-02,Sialkot,Sialkot,Pakistan,32.49,74.53,0.2,Trace,Normal
2023-02-04,Sialkot,Sialkot,Pakistan,32.49,74.53,1.2,Trace,Normal
2023-02-07,Sialkot,Sialkot,Pakistan,32.49,74.53,0.3,Trace,Normal
2023-02-08,Sialkot,Sialkot,Pakistan,32.49,74.53,1.3,Trace,Normal
2023-02-11,Sialkot,Sialkot,Pakistan,32.49,74.53,3.6,Trace,Normal
2023-02-13,Sialkot,Sialkot,Pakistan,32.49,74.53,1.7,Trace,Normal
2023-02-17,Sialkot,Sialkot,Pakistan,32.49,74.53,5.7,Light,Normal
2023-02-19,Sialkot,Sialkot,Pakistan,32.49,74.53,3.4,Trace,Normal
2023-02-20,Sialkot,Sialkot,Pakistan,32.49,74.53,1.3,Trace,Normal
2023-02-24,Sialkot,Sialkot,Pakistan,32.49,74.53,1.4,Trace,Heatwave
2023-02-27,Sialkot,Sialkot,Pakistan,32.49,74.53,0.5,Trace,Heatwave
2023-03-02,Sialkot,Sialkot,Pakistan,32.49,74.53,0.8,Trace,Heatwave
2023-03-06,Sialkot,Sialkot,Pakistan,32.49,74.53,0.1,Trace,Heatwave
2023-03-11,Sialkot,Sialkot,Pakistan,32.49,74.53,1.6,Trace,Heatwave
2023-03-13,Sialkot,Sialkot,Pakistan,32.49,74.53,0.5,Trace,Heatwave
2023-03-16,Sialkot,Sialkot,Pakistan,32.49,74.53,2.3,Trace,Heatwave
2023-03-26,Sialkot,Sialkot,Pakistan,32.49,74.53,0.9,Trace,Heatwave
2023-04-03,Sialkot,Sialkot,Pakistan,32.49,74.53,5.8,Light,Heatwave
2023-04-09,Sialkot,Sialkot,Pakistan,32.49,74.53,1.7,Trace,Heatwave
2023-04-10,Sialkot,Sialkot,Pakistan,32.49,74.53,2.3,Trace,Heatwave
2023-04-11,Sialkot,Sialkot,Pakistan,32.49,74.53,0.8,Trace,Heatwave
2023-04-13,Sialkot,Sialkot,Pakistan,32.49,74.53,0.7,Trace,Heatwave
2023-04-17,Sialkot,Sialkot,Pakistan,32.49,74.53,5.4,Light,Heatwave
2023-04-18,Sialkot,Sialkot,Pakistan,32.49,74.53,0.4,Trace,Heatwave
2023-04-19,Sialkot,Sialkot,Pakistan,32.49,74.53,3.2,Trace,Heatwave
2023-04-24,Sialkot,Sialkot,Pakistan,32.49,74.53,1.4,Trace,Heatwave
2023-04-26,Sialkot,Sialkot,Pakistan,32.49,74.53,1.3,Trace,Heatwave
2023-04-27,Sialkot,Sialkot,Pakistan,32.49,74.53,0.2,Trace,Heatwave
2023-04-29,Sialkot,Sialkot,Pakistan,32.49,74.53,0.2,Trace,Heatwave
2023-04-30,Sialkot,Sialkot,Pakistan,32.49,74.53,1.0,Trace,Heatwave
2023-05-08,Sialkot,Sialkot,Pakistan,32.49,74.53,0.9,Trace,Heatwave
2023-05-09,Sialkot,Sialkot,Pakistan,32.49,74.53,1.3,Trace,Heatwave
2023-05-14,Sialkot,Sialkot,Pakistan,32.49,74.53,0.7,Trace,Heatwave
2023-05-21,Sialkot,Sialkot,Pakistan,32.49,74.53,5.4,Light,Heatwave
2023-05-22,Sialkot,Sialkot,Pakistan,32.49,74.53,4.5,Trace,Normal
2023-05-28,Sialkot,Sialkot,Pakistan,32.49,74.53,2.6,Trace,Heatwave
2023-05-31,Sialkot,Sialkot,Pakistan,32.49,74.53,0.7,Trace,Heatwave
2023-06-04,Sialkot,Sialkot,Pakistan,32.49,74.53,1.1,Trace,Normal
2023-06-06,Sialkot,Sialkot,Pakistan,32.49,74.53,1.0,Trace,Heatwave
2023-06-08,Sialkot,Sialkot,Pakistan,32.49,74.53,0.5,Trace,Heatwave
2023-06-10,Sialkot,Sialkot,Pakistan,32.49,74.53,0.5,Trace,Heatwave
2023-06-13,Sialkot,Sialkot,Pakistan,32.49,74.53,0.8,Trace,Normal
2023-06-15,Sialkot,Sialkot,Pakistan,32.49,74.53,1.0,Trace,Heatwave
2023-06-16,Sialkot,Sialkot,Pakistan,32.49,74.53,2.1,Trace,Heatwave
2023-06-19,Sialkot,Sialkot,Pakistan,32.49,74.53,0.3,Trace,Heatwave
2023-06-21,Sialkot,Sialkot,Pakistan,32.49,74.53,0.6,Trace,Heatwave
2023-06-25,Sialkot,Sialkot,Pakistan,32.49,74.53,3.3,Trace,Normal
2023-06-27,Sialkot,Sialkot,Pakistan,32.49,74.53,1.0,Trace,Normal
2023-07-02,Sialkot,Sialkot,Pakistan,32.49,74.53,2.0,Trace,Normal
2023-07-03,Sialkot,Sialkot,Pakistan,32.49,74.53,44.0,Heavy,Normal
2023-07-11,Sialkot,Sialkot,Pakistan,32.49,74.53,35.1,Heavy,Normal
2023-07-15,Sialkot,Sialkot,Pakistan,32.49,74.53,2.8,Trace,Normal
2023-07-17,Sialkot,Sialkot,Pakistan,32.49,74.53,3.0,Trace,Normal
2023-07-19,Sialkot,Sialkot,Pakistan,32.49,74.53,24.1,Moderate,Normal
2023-07-20,Sialkot,Sialkot,Pakistan,32.49,74.53,27.6,Moderate,Normal
2023-07-26,Sialkot,Sialkot,Pakistan,32.49,74.53,19.5,Moderate,Normal
2023-07-30,Sialkot,Sialkot,Pakistan,32.49,74.53,5.7,Light,Normal
2023-08-03,Sialkot,Sialkot,Pakistan,32.49,74.53,10.8,Light,Normal
2023-08-07,Sialkot,Sialkot,Pakistan,32.49,74.53,0.1,Trace,Normal
2023-08-09,Sialkot,Sialkot,Pakistan,32.49,74.53,0.6,Trace,Normal
2023-08-10,Sialkot,Sialkot,Pakistan,32.49,74.53,4.2,Trace,Normal
2023-08-11,Sialkot,Sialkot,Pakistan,32.49,74.53,2.5,Trace,Normal
2023-08-19,Sialkot,Sialkot,Pakistan,32.49,74.53,6.5,Light,Normal
2023-08-20,Sialkot,Sialkot,Pakistan,32.49,74.53,8.8,Light,Normal
2023-08-21,Sialkot,Sialkot,Pakistan,32.49,74.53,5.7,Light,Normal
2023-08-25,Sialkot,Sialkot,Pakistan,32.49,74.53,31.5,Heavy,Normal
2023-08-30,Sialkot,Sialkot,Pakistan,32.49,74.53,33.0,Heavy,Normal
2023-09-02,Sialkot,Sialkot,Pakistan,32.49,74.53,21.5,Moderate,Normal
2023-09-05,Sialkot,Sialkot,Pakistan,32.49,74.53,42.3,Heavy,Normal
2023-09-11,Sialkot,Sialkot,Pakistan,32.49,74.53,0.5,Trace,Normal
2023-09-14,Sialkot,Sialkot,Pakistan,32.49,74.53,9.2,Light,Normal
2023-09-15,Sialkot,Sialkot,Pakistan,32.49,74.53,2.1,Trace,Normal
2023-09-16,Sialkot,Sialkot,Pakistan,32.49,74.53,25.1,Moderate,Normal
2023-09-18,Sialkot,Sialkot,Pakistan,32.49,74.53,1.0,Trace,Normal
2023-09-21,Sialkot,Sialkot,Pakistan,32.49,74.53,1.0,Trace,Normal
2023-09-24,Sialkot,Sialkot,Pakistan,32.49,74.53,14.4,Light,Normal
2023-09-26,Sialkot,Sialkot,Pakistan,32.49,74.53,2.8,Trace,Normal
2023-09-27,Sialkot,Sialkot,Pakistan,32.49,74.53,9.8,Light,Normal
2023-09-30,Sialkot,Sialkot,Pakistan,32.49,74.53,21.2,Moderate,Normal
2023-10-02,Sialkot,Sialkot,Pakistan,32.49,74.53,8.6,Light,Normal
2023-10-03,Sialkot,Sialkot,Pakistan,32.49,74.53,0.7,Trace,Normal
2023-10-08,Sialkot,Sialkot,Pakistan,32.49,74.53,0.4,Trace,Normal
2023-10-09,Sialkot,Sialkot,Pakistan,32.49,74.53,0.9,Trace,Normal
2023-10-10,Sialkot,Sialkot,Pakistan,32.49,74.53,2.7,Trace,Normal
2023-10-11,Sialkot,Sialkot,Pakistan,32.49,74.53,0.6,Trace,Normal
2023-10-13,Sialkot,Sialkot,Pakistan,32.49,74.53,3.0,Trace,Normal
2023-10-18,Sialkot,Sialkot,Pakistan,32.49,74.53,0.7,Trace,Normal
2023-10-21,Sialkot,Sialkot,Pakistan,32.49,74.53,1.8,Trace,Normal
2023-10-23,Sialkot,Sialkot,Pakistan,32.49,74.53,1.1,Trace,Normal
2023-10-24,Sialkot,Sialkot,Pakistan,32.49,74.53,0.2,Trace,Normal
2023-10-29,Sialkot,Sialkot,Pakistan,32.49,74.53,0.8,Trace,Normal
2023-11-08,Sialkot,Sialkot,Pakistan,32.49,74.53,2.9,Trace,Normal
2023-11-11,Sialkot,Sialkot,Pakistan,32.49,74.53,1.9,Trace,Normal
2023-11-15,Sialkot,Sialkot,Pakistan,32.49,74.53,0.7,Trace,Normal
2023-11-17,Sialkot,Sialkot,Pakistan,32.49,74.53,0.6,Trace,Normal
2023-11-20,Sialkot,Sialkot,Pakistan,32.49,74.53,1.3,Trace,Normal
2023-11-22,Sialkot,Sialkot,Pakistan,32.49,74.53,0.6,Trace,Normal
2023-11-27,Sialkot,Sialkot,Pakistan,32.49,74.53,0.3,Trace,Normal
2023-12-04,Sialkot,Sialkot,Pakistan,32.49,74.53,0.5,Trace,Normal
2023-12-06,Sialkot,Sialkot,Pakistan,32.49,74.53,0.6,Trace,Normal
2023-12-08,Sialkot,Sialkot,Pakistan,32.49,74.53,0.4,Trace,Normal
2023-12-09,Sialkot,Sialkot,Pakistan,32.49,74.53,4.3,Trace,Normal
2023-12-10,Sialkot,Sialkot,Pakistan,32.49,74.53,1.3,Trace,Normal
2023-12-16,Sialkot,Sialkot,Pakistan,32.49,74.53,0.9,Trace,Normal
2023-12-18,Sialkot,Sialkot,Pakistan,32.49,74.53,0.7,Trace,Normal
2023-12-19,Sialkot,Sialkot,Pakistan,32.49,74.53,0.2,Trace,Normal
2023-12-21,Sialkot,Sialkot,Pakistan,32.49,74.53,4.1,Trace,Normal
2023-12-25,Sialkot,Sialkot,Pakistan,32.49,74.53,0.8,Trace,Normal
2023-12-29,Sialkot,Sialkot,Pakistan,32.49,74.53,1.2,Trace,Normal
2022-01-01,New Delhi,New Delhi,India,28.61,77.21,1.0,Trace,Normal
2022-01-02,New Delhi,New Delhi,India,28.61,77.21,1.0,Trace,Normal
2022-01-04,New Delhi,New Delhi,India,28.61,77.21,1.4,Trace,Normal
2022-01-08,New Delhi,New Delhi,India,28.61,77.21,15.8,Moderate,Normal
2022-01-16,New Delhi,New Delhi,India,28.61,77.21,0.2,Trace,Normal
2022-01-17,New Delhi,New Delhi,India,28.61,77.21,5.8,Light,Normal
2022-01-25,New Delhi,New Delhi,India,28.61,77.21,0.7,Trace,Normal
2022-01-29,New Delhi,New Delhi,India,28.61,77.21,1.9,Trace,Normal
2022-02-01,New Delhi,New Delhi,India,28.61,77.21,2.3,Trace,Normal
2022-02-02,New Delhi,New Delhi,India,28.61,77.21,0.6,Trace,Heatwave
2022-02-05,New Delhi,New Delhi,India,28.61,77.21,0.2,Trace,Normal
2022-02-06,New Delhi,New Delhi,India,28.61,77.21,0.7,Trace,Heatwave
2022-02-07,New Delhi,New Delhi,India,28.61,77.21,1.1,Trace,Normal
2022-02-08,New Delhi,New Delhi,India,28.61,77.21,3.2,Trace,Normal
2022-02-09,New Delhi,New Delhi,India,28.61,77.21,0.3,Trace,Heatwave
2022-02-11,New Delhi,New Delhi,India,28.61,77.21,1.9,Trace,Normal
2022-02-14,New Delhi,New Delhi,India,28.61,77.21,0.5,Trace,Normal
2022-02-15,New Delhi,New Delhi,India,28.61,77.21,1.9,Trace,Heatwave
2022-02-20,New Delhi,New Delhi,India,28.61,77.21,0.5,Trace,Normal
2022-03-02,New Delhi,New Delhi,India,28.61,77.21,0.3,Trace,Heatwave
2022-03-04,New Delhi,New Delhi,India,28.61,77.21,4.4,Trace,Heatwave
2022-03-18,New Delhi,New Delhi,India,28.61,77.21,0.2,Trace,Heatwave
2022-03-19,New Delhi,New Delhi,India,28.61,77.21,0.2,Trace,Heatwave
2022-03-20,New Delhi,New Delhi,India,28.61,77.21,1.5,Trace,Heatwave
2022-03-22,New Delhi,New Delhi,India,28.61,77.21,6.0,Light,Heatwave
2022-03-24,New Delhi,New Delhi,India,28.61,77.21,1.1,Trace,Heatwave
2022-03-25,New Delhi,New Delhi,India,28.61,77.21,0.3,Trace,Heatwave
2022-03-26,New Delhi,New Delhi,India,28.61,77.21,0.5,Trace,Heatwave
2022-03-29,New Delhi,New Delhi,India,28.61,77.21,1.3,Trace,Heatwave
2022-04-03,New Delhi,New Delhi,India,28.61,77.21,0.2,Trace,Heatwave
2022-04-04,New Delhi,New Delhi,India,28.61,77.21,0.9,Trace,Heatwave
2022-04-05,New Delhi,New Delhi,India,28.61,77.21,0.3,Trace,Heatwave
2022-04-12,New Delhi,New Delhi,India,28.61,77.21,0.4,Trace,Heatwave
2022-04-14,New Delhi,New Delhi,India,28.61,77.21,0.5,Trace,Heatwave
2022-04-17,New Delhi,New Delhi,India,28.61,77.21,0.8,Trace,Heatwave
2022-04-26,New Delhi,New Delhi,India,28.61,77.21,0.4,Trace,Heatwave
2022-04-28,New Delhi,New Delhi,India,28.61,77.21,0.4,Trace,Heatwave
2022-04-29,New Delhi,New Delhi,India,28.61,77.21,0.1,Trace,Heatwave
2022-04-30,New Delhi,New Delhi,India,28.61,77.21,3.0,Trace,Heatwave
2022-05-06,New Delhi,New Delhi,India,28.61,77.21,1.6,Trace,Heatwave
2022-05-07,New Delhi,New Delhi,India,28.61,77.21,0.2,Trace,Heatwave
2022-05-19,New Delhi,New Delhi,India,28.61,77.21,0.1,Trace,Heatwave
2022-05-24,New Delhi,New Delhi,India,28.61,77.21,0.4,Trace,Normal
2022-05-25,New Delhi,New Delhi,India,28.61,77.21,3.2,Trace,Heatwave
2022-05-28,New Delhi,New Delhi,India,28.61,77.21,0.4,Trace,Heatwave
2022-05-29,New Delhi,New Delhi,India,28.61,77.21,0.4,Trace,Heatwave
2022-06-06,New Delhi,New Delhi,India,28.61,77.21,1.9,Trace,Heatwave
2022-06-09,New Delhi,New Delhi,India,28.61,77.21,0.2,Trace,Normal
2022-06-14,New Delhi,New Delhi,India,28.61,77.21,0.6,Trace,Normal
2022-06-15,New Delhi,New Delhi,India,28.61,77.21,1.9,Trace,Heatwave
2022-06-17,New Delhi,New Delhi,India,28.61,77.21,0.4,Trace,Normal
2022-06-18,New Delhi,New Delhi,India,28.61,77.21,1.9,Trace,Normal
2022-06-20,New Delhi,New Delhi,India,28.61,77.21,1.3,Trace,Normal
2022-06-21,New Delhi,New Delhi,India,28.61,77.21,1.6,Trace,Heatwave
2022-06-22,New Delhi,New Delhi,India,28.61,77.21,0.9,Trace,Normal
2022-06-26,New Delhi,New Delhi,India,28.61,77.21,1.4,Trace,Normal
2022-06-28,New Delhi,New Delhi,India,28.61,77.21,3.0,Trace,Heatwave
2022-06-29,New Delhi,New Delhi,India,28.61,77.21,0.4,Trace,Normal
2022-07-01,New Delhi,New Delhi,India,28.61,77.21,5.5,Light,Normal
2022-07-04,New Delhi,New Delhi,India,28.61,77.21,2.0,Trace,Normal
2022-07-05,New Delhi,New Delhi,India,28.61,77.21,0.4,Trace,Normal
2022-07-06,New Delhi,New Delhi,India,28.61,77.21,9.4,Light,Normal
2022-07-08,New Delhi,New Delhi,India,28.61,77.21,11.2,Light,Normal
2022-07-10,New Delhi,New Delhi,India,28.61,77.21,14.5,Light,Normal
2022-07-11,New Delhi,New Delhi,India,28.61,77.21,6.4,Light,Normal
2022-07-13,New Delhi,New Delhi,India,28.61,77.21,2.2,Trace,Normal
2022-07-14,New Delhi,New Delhi,India,28.61,77.21,1.5,Trace,Normal
2022-07-15,New Delhi,New Delhi,India,28.61,77.21,2.4,Trace,Normal
2022-07-20,New Delhi,New Delhi,India,28.61,77.21,4.2,Trace,Normal
2022-07-29,New Delhi,New Delhi,India,28.61,77.21,0.8,Trace,Normal
2022-07-31,New Delhi,New Delhi,India,28.61,77.21,11.6,Light,Normal
2022-08-02,New Delhi,New Delhi,India,28.61,77.21,0.4,Trace,Normal
2022-08-08,New Delhi,New Delhi,India,28.61,77.21,0.4,Trace,Normal
2022-08-10,New Delhi,New Delhi,India,28.61,77.21,0.5,Trace,Normal
2022-08-11,New Delhi,New Delhi,India,28.61,77.21,0.9,Trace,Normal
2022-08-12,New Delhi,New Delhi,India,28.61,77.21,48.0,Heavy,Normal
2022-08-13,New Delhi,New Delhi,India,28.61,77.21,15.0,Light,Normal
2022-08-14,New Delhi,New Delhi,India,28.61,77.21,24.6,Moderate,Normal
2022-08-16,New Delhi,New Delhi,India,28.61,77.21,1.7,Trace,Normal
2022-08-17,New Delhi,New Delhi,India,28.61,77.21,20.5,Moderate,Normal
2022-08-24,New Delhi,New Delhi,India,28.61,77.21,4.4,Trace,Normal
2022-08-25,New Delhi,New Delhi,India,28.61,77.21,0.9,Trace,Normal
2022-08-31,New Delhi,New Delhi,India,28.61,77.21,7.8,Light,Normal
2022-09-02,New Delhi,New Delhi,India,28.61,77.21,13.3,Light,Normal
2022-09-05,New Delhi,New Delhi,India,28.61,77.21,1.6,Trace,Normal
2022-09-06,New Delhi,New Delhi,India,28.61,77.21,10.1,Light,Normal
2022-09-10,New Delhi,New Delhi,India,28.61,77.21,17.3,Moderate,Normal
2022-09-11,New Delhi,New Delhi,India,28.61,77.21,3.6,Trace,Normal
2022-09-15,New Delhi,New Delhi,India,28.61,77.21,2.7,Trace,Normal
2022-09-17,New Delhi,New Delhi,India,28.61,77.21,3.6,Trace,Normal
2022-09-19,New Delhi,New Delhi,India,28.61,77.21,6.7,Light,Normal
2022-09-20,New Delhi,New Delhi,India,28.61,77.21,4.8,Trace,Normal
2022-09-23,New Delhi,New Delhi,India,28.61,77.21,0.3,Trace,Normal
2022-09-24,New Delhi,New Delhi,India,28.61,77.21,11.2,Light,Normal
2022-09-25,New Delhi,New Delhi,India,28.61,77.21,27.4,Moderate,Normal
2022-09-27,New Delhi,New Delhi,India,28.61,77.21,22.9,Moderate,Normal
2022-09-30,New Delhi,New Delhi,India,28.61,77.21,1.8,Trace,Normal
2022-10-01,New Delhi,New Delhi,India,28.61,77.21,0.3,Trace,Normal
2022-10-02,New Delhi,New Delhi,India,28.61,77.21,1.8,Trace,Normal
2022-10-04,New Delhi,New Delhi,India,28.61,77.21,0.8,Trace,Normal
2022-10-07,New Delhi,New Delhi,India,28.61,77.21,1.1,Trace,Normal
2022-10-09,New Delhi,New Delhi,India,28.61,77.21,0.8,Trace,Normal
2022-10-10,New Delhi,New Delhi,India,28.61,77.21,1.1,Trace,Normal
2022-10-11,New Delhi,New Delhi,India,28.61,77.21,5.3,Light,Normal
2022-10-15,New Delhi,New Delhi,India,28.61,77.21,0.2,Trace,Normal
2022-10-16,New Delhi,New Delhi,India,28.61,77.21,1.2,Trace,Normal
2022-10-20,New Delhi,New Delhi,India,28.61,77.21,1.5,Trace,Normal
2022-10-23,New Delhi,New Delhi,India,28.61,77.21,2.7,Trace,Normal
2022-10-26,New Delhi,New Delhi,India,28.61,77.21,5.8,Light,Normal
2022-10-28,New Delhi,New Delhi,India,28.61,77.21,0.8,Trace,Normal
2022-10-29,New Delhi,New Delhi,India,28.61,77.21,1.2,Trace,Normal
2022-10-30,New Delhi,New Delhi,India,28.61,77.21,2.5,Trace,Normal
2022-11-02,New Delhi,New Delhi,India,28.61,77.21,3.0,Trace,Normal
2022-11-04,New Delhi,New Delhi,India,28.61,77.21,0.2,Trace,Normal
2022-11-05,New Delhi,New Delhi,India,28.61,77.21,2.2,Trace,Normal
2022-11-06,New Delhi,New Delhi,India,28.61,77.21,0.3,Trace,Normal
2022-11-07,New Delhi,New Delhi,India,28.61,77.21,0.2,Trace,Normal
2022-11-08,New Delhi,New Delhi,India,28.61,77.21,3.7,Trace,Normal
2022-11-14,New Delhi,New Delhi,India,28.61,77.21,2.4,Trace,Normal
2022-11-16,New Delhi,New Delhi,India,28.61,77.21,3.4,Trace,Normal
2022-11-17,New Delhi,New Delhi,India,28.61,77.21,1.7,Trace,Normal
2022-11-18,New Delhi,New Delhi,India,28.61,77.21,0.9,Trace,Normal
2022-11-20,New Delhi,New Delhi,India,28.61,77.21,0.1,Trace,Normal
2022-11-27,New Delhi,New Delhi,India,28.61,77.21,2.8,Trace,Normal
2022-11-29,New Delhi,New Delhi,India,28.61,77.21,7.5,Light,Normal
2022-12-01,New Delhi,New Delhi,India,28.61,77.21,1.5,Trace,Normal
2022-12-15,New Delhi,New Delhi,India,28.61,77.21,0.1,Trace,Normal
2022-12-16,New Delhi,New Delhi,India,28.61,77.21,0.1,Trace,Normal
2022-12-18,New Delhi,New Delhi,India,28.61,77.21,4.0,Trace,Normal
2022-12-26,New Delhi,New Delhi,India,28.61,77.21,2.0,Trace,Normal
2022-12-28,New Delhi,New Delhi,India,28.61,77.21,0.9,Trace,Normal
2022-12-30,New Delhi,New Delhi,India,28.61,77.21,1.2,Trace,Normal
2023-01-02,New Delhi,New Delhi,India,28.61,77.21,0.3,Trace,Normal
2023-01-06,New Delhi,New Delhi,India,28.61,77.21,6.2,Light,Normal
2023-01-08,New Delhi,New Delhi,India,28.61,77.21,1.1,Trace,Normal
2023-01-11,New Delhi,New Delhi,India,28.61,77.21,3.2,Trace,Normal
2023-01-13,New Delhi,New Delhi,India,28.61,77.21,0.2,Trace,Normal
2023-01-16,New Delhi,New Delhi,India,28.61,77.21,1.3,Trace,Normal
2023-01-17,New Delhi,New Delhi,India,28.61,77.21,0.7,Trace,Normal
2023-01-22,New Delhi,New Delhi,India,28.61,77.21,3.0,Trace,Normal
2023-01-24,New Delhi,New Delhi,India,28.61,77.21,0.1,Trace,Normal
2023-01-26,New Delhi,New Delhi,India,28.61,77.21,2.2,Trace,Normal
2023-01-30,New Delhi,New Delhi,India,28.61,77.21,2.3,Trace,Normal
2023-02-03,New Delhi,New Delhi,India,28.61,77.21,0.1,Trace,Normal
2023-02-04,New Delhi,New Delhi,India,28.61,77.21,6.0,Light,Normal
2023-02-05,New Delhi,New Delhi,India,28.61,77.21,1.3,Trace,Normal
2023-02-06,New Delhi,New Delhi,India,28.61,77.21,4.3,Trace,Heatwave
2023-02-16,New Delhi,New Delhi,India,28.61,77.21,2.9,Trace,Normal
2023-02-17,New Delhi,New Delhi,India,28.61,77.21,1.3,Trace,Heatwave
2023-02-23,New Delhi,New Delhi,India,28.61,77.21,0.8,Trace,Normal
2023-02-28,New Delhi,New Delhi,India,28.61,77.21,2.8,Trace,Normal
2023-03-01,New Delhi,New Delhi,India,28.61,77.21,0.5,Trace,Normal
2023-03-06,New Delhi,New Delhi,India,28.61,77.21,3.1,Trace,Heatwave
2023-03-07,New Delhi,New Delhi,India,28.61,77.21,0.6,Trace,Heatwave
2023-03-10,New Delhi,New Delhi,India,28.61,77.21,0.8,Trace,Normal
2023-03-22,New Delhi,New Delhi,India,28.61,77.21,2.8,Trace,Heatwave
2023-03-28,New Delhi,New Delhi,India,28.61,77.21,0.6,Trace,Heatwave
2023-03-29,New Delhi,New Delhi,India,28.61,77.21,0.1,Trace,Heatwave
2023-03-31,New Delhi,New Delhi,India,28.61,77.21,0.2,Trace,Heatwave
2023-04-04,New Delhi,New Delhi,India,28.61,77.21,1.3,Trace,Heatwave
2023-04-10,New Delhi,New Delhi,India,28.61,77.21,0.6,Trace,Heatwave
2023-04-13,New Delhi,New Delhi,India,28.61,77.21,0.2,Trace,Heatwave
2023-04-15,New Delhi,New Delhi,India,28.61,77.21,0.5,Trace,Heatwave
2023-04-17,New Delhi,New Delhi,India,28.61,77.21,0.7,Trace,Heatwave
2023-04-21,New Delhi,New Delhi,India,28.61,77.21,0.5,Trace,Heatwave
2023-04-25,New Delhi,New Delhi,India,28.61,77.21,5.4,Light,Normal
2023-05-03,New Delhi,New Delhi,India,28.61,77.21,1.5,Trace,Heatwave
2023-05-04,New Delhi,New Delhi,India,28.61,77.21,2.3,Trace,Heatwave
2023-05-07,New Delhi,New Delhi,India,28.61,77.21,0.8,Trace,Heatwave
2023-05-11,New Delhi,New Delhi,India,28.61,77.21,1.0,Trace,Heatwave
2023-05-12,New Delhi,New Delhi,India,28.61,77.21,9.1,Light,Heatwave
2023-05-14,New Delhi,New Delhi,India,28.61,77.21,0.9,Trace,Heatwave
2023-05-15,New Delhi,New Delhi,India,28.61,77.21,0.9,Trace,Heatwave
2023-05-16,New Delhi,New Delhi,India,28.61,77.21,0.6,Trace,Heatwave
2023-05-17,New Delhi,New Delhi,India,28.61,77.21,4.7,Trace,Heatwave
2023-05-18,New Delhi,New Delhi,India,28.61,77.21,3.7,Trace,Heatwave
2023-05-19,New Delhi,New Delhi,India,28.61,77.21,0.2,Trace,Heatwave
2023-05-20,New Delhi,New Delhi,India,28.61,77.21,0.8,Trace,Heatwave
2023-05-22,New Delhi,New Delhi,India,28.61,77.21,1.3,Trace,Heatwave
2023-05-29,New Delhi,New Delhi,India,28.61,77.21,1.0,Trace,Normal
2023-05-31,New Delhi,New Delhi,India,28.61,77.21,0.5,Trace,Heatwave
2023-06-04,New Delhi,New Delhi,India,28.61,77.21,0.9,Trace,Normal
2023-06-10,New Delhi,New Delhi,India,28.61,77.21,2.2,Trace,Normal
2023-06-13,New Delhi,New Delhi,India,28.61,77.21,0.3,Trace,Normal
2023-06-22,New Delhi,New Delhi,India,28.61,77.21,0.7,Trace,Normal
2023-06-23,New Delhi,New Delhi,India,28.61,77.21,1.1,Trace,Normal
2023-06-24,New Delhi,New Delhi,India,28.61,77.21,1.2,Trace,Normal
2023-06-27,New Delhi,New Delhi,India,28.61,77.21,0.6,Trace,Normal
2023-06-28,New Delhi,New Delhi,India,28.61,77.21,2.6,Trace,Normal
2023-06-30,New Delhi,New Delhi,India,28.61,77.21,2.9,Trace,Normal
2023-07-01,New Delhi,New Delhi,India,28.61,77.21,6.6,Light,Normal
2023-07-06,New Delhi,New Delhi,India,28.61,77.21,2.7,Trace,Normal
2023-07-09,New Delhi,New Delhi,India,28.61,77.21,27.2,Moderate,Normal
2023-07-10,New Delhi,New Delhi,India,28.61,77.21,4.5,Trace,Normal
2023-07-17,New Delhi,New Delhi,India,28.61,77.21,33.8,Heavy,Normal
2023-07-23,New Delhi,New Delhi,India,28.61,77.21,1.4,Trace,Normal
2023-07-28,New Delhi,New Delhi,India,28.61,77.21,22.9,Moderate,Normal
2023-07-30,New Delhi,New Delhi,India,28.61,77.21,8.4,Light,Normal
2023-07-31,New Delhi,New Delhi,India,28.61,77.21,9.4,Light,Normal
2023-08-01,New Delhi,New Delhi,India,28.61,77.21,4.5,Trace,Normal
2023-08-04,New Delhi,New Delhi,India,28.61,77.21,2.6,Trace,Normal
2023-08-09,New Delhi,New Delhi,India,28.61,77.21,8.4,Light,Normal
2023-08-13,New Delhi,New Delhi,India,28.61,77.21,28.6,Moderate,Normal
2023-08-14,New Delhi,New Delhi,India,28.61,77.21,4.5,Trace,Normal
2023-08-17,New Delhi,New Delhi,India,28.61,77.21,6.9,Light,Normal
2023-08-27,New Delhi,New Delhi,India,28.61,77.21,0.9,Trace,Normal
2023-08-28,New Delhi,New Delhi,India,28.61,77.21,5.5,Light,Normal
2023-09-03,New Delhi,New Delhi,India,28.61,77.21,0.4,Trace,Normal
2023-09-04,New Delhi,New Delhi,India,28.61,77.21,18.7,Moderate,Normal
2023-09-05,New Delhi,New Delhi,India,28.61,77.21,31.1,Heavy,Normal
2023-09-06,New Delhi,New Delhi,India,28.61,77.21,4.1,Trace,Normal
2023-09-07,New Delhi,New Delhi,India,28.61,77.21,2.1,Trace,Normal
2023-09-08,New Delhi,New Delhi,India,28.61,77.21,2.8,Trace,Normal
2023-09-11,New Delhi,New Delhi,India,28.61,77.21,2.2,Trace,Normal
2023-09-21,New Delhi,New Delhi,India,28.61,77.21,96.0,Extreme,Flood
2023-09-22,New Delhi,New Delhi,India,28.61,77.21,2.3,Trace,Normal
2023-09-23,New Delhi,New Delhi,India,28.61,77.21,6.2,Light,Normal
2023-09-24,New Delhi,New Delhi,India,28.61,77.21,12.1,Light,Normal
2023-09-25,New Delhi,New Delhi,India,28.61,77.21,2.0,Trace,Normal
2023-09-26,New Delhi,New Delhi,India,28.61,77.21,1.0,Trace,Normal
2023-09-30,New Delhi,New Delhi,India,28.61,77.21,0.5,Trace,Normal
2023-10-05,New Delhi,New Delhi,India,28.61,77.21,1.5,Trace,Normal
2023-10-06,New Delhi,New Delhi,India,28.61,77.21,2.0,Trace,Normal
2023-10-09,New Delhi,New Delhi,India,28.61,77.21,2.0,Trace,Normal
2023-10-12,New Delhi,New Delhi,India,28.61,77.21,1.2,Trace,Normal
2023-10-16,New Delhi,New Delhi,India,28.61,77.21,2.1,Trace,Normal
2023-10-17,New Delhi,New Delhi,India,28.61,77.21,1.4,Trace,Normal
2023-10-18,New Delhi,New Delhi,India,28.61,77.21,0.2,Trace,Normal
2023-10-24,New Delhi,New Delhi,India,28.61,77.21,0.9,Trace,Normal
2023-10-28,New Delhi,New Delhi,India,28.61,77.21,3.6,Trace,Normal
2023-10-29,New Delhi,New Delhi,India,28.61,77.21,2.2,Trace,Normal
2023-11-05,New Delhi,New Delhi,India,28.61,77.21,3.5,Trace,Normal
2023-11-09,New Delhi,New Delhi,India,28.61,77.21,2.0,Trace,Normal
2023-11-10,New Delhi,New Delhi,India,28.61,77.21,0.3,Trace,Normal
2023-11-14,New Delhi,New Delhi,India,28.61,77.21,0.8,Trace,Normal
2023-11-17,New Delhi,New Delhi,India,28.61,77.21,4.1,Trace,Normal
2023-11-18,New Delhi,New Delhi,India,28.61,77.21,0.1,Trace,Normal
2023-11-21,New Delhi,New Delhi,India,28.61,77.21,1.5,Trace,Normal
2023-11-23,New Delhi,New Delhi,India,28.61,77.21,5.8,Light,Normal
2023-11-26,New Delhi,New Delhi,India,28.61,77.21,7.1,Light,Normal
2023-11-27,New Delhi,New Delhi,India,28.61,77.21,0.7,Trace,Normal
2023-12-01,New Delhi,New Delhi,India,28.61,77.21,0.5,Trace,Normal
2023-12-05,New Delhi,New Delhi,India,28.61,77.21,0.1,Trace,Normal
2023-12-07,New Delhi,New Delhi,India,28.61,77.21,2.6,Trace,Normal
2023-12-09,New Delhi,New Delhi,India,28.61,77.21,0.2,Trace,Normal
2023-12-10,New Delhi,New Delhi,India,28.61,77.21,0.4,Trace,Normal
2023-12-14,New Delhi,New Delhi,India,28.61,77.21,0.5,Trace,Normal
2023-12-17,New Delhi,New Delhi,India,28.61,77.21,0.8,Trace,Normal
2023-12-23,New Delhi,New Delhi,India,28.61,77.21,2.5,Trace,Normal
2023-12-24,New Delhi,New Delhi,India,28.61,77.21,1.3,Trace,Normal
2023-12-25,New Delhi,New Delhi,India,28.61,77.21,1.4,Trace,Normal
2023-12-26,New Delhi,New Delhi,India,28.61,77.21,1.6,Trace,Normal
2023-12-31,New Delhi,New Delhi,India,28.61,77.21,2.1,Trace,Normal
2022-01-03,Amritsar,Amritsar,India,31.63,74.87,3.9,Trace,Normal
2022-01-04,Amritsar,Amritsar,India,31.63,74.87,1.6,Trace,Normal
2022-01-05,Amritsar,Amritsar,India,31.63,74.87,2.0,Trace,Normal
2022-01-11,Amritsar,Amritsar,India,31.63,74.87,0.2,Trace,Normal
2022-01-13,Amritsar,Amritsar,India,31.63,74.87,8.9,Light,Normal
2022-01-18,Amritsar,Amritsar,India,31.63,74.87,1.2,Trace,Normal
2022-01-19,Amritsar,Amritsar,India,31.63,74.87,2.6,Trace,Normal
2022-01-20,Amritsar,Amritsar,India,31.63,74.87,1.1,Trace,Normal
2022-01-25,Amritsar,Amritsar,India,31.63,74.87,2.5,Trace,Normal
2022-01-29,Amritsar,Amritsar,India,31.63,74.87,0.1,Trace,Heatwave
2022-02-05,Amritsar,Amritsar,India,31.63,74.87,3.6,Trace,Normal
2022-02-07,Amritsar,Amritsar,India,31.63,74.87,0.7,Trace,Normal
2022-02-08,Amritsar,Amritsar,India,31.63,74.87,0.9,Trace,Normal
2022-02-16,Amritsar,Amritsar,India,31.63,74.87,1.7,Trace,Normal
2022-02-17,Amritsar,Amritsar,India,31.63,74.87,1.6,Trace,Normal
2022-02-25,Amritsar,Amritsar,India,31.63,74.87,0.3,Trace,Heatwave
2022-02-26,Amritsar,Amritsar,India,31.63,74.87,6.7,Light,Normal
2022-03-04,Amritsar,Amritsar,India,31.63,74.87,3.8,Trace,Normal
2022-03-05,Amritsar,Amritsar,India,31.63,74.87,0.2,Trace,Heatwave
2022-03-06,Amritsar,Amritsar,India,31.63,74.87,0.8,Trace,Heatwave
2022-03-08,Amritsar,Amritsar,India,31.63,74.87,0.3,Trace,Heatwave
2022-03-09,Amritsar,Amritsar,India,31.63,74.87,1.8,Trace,Heatwave
2022-03-10,Amritsar,Amritsar,India,31.63,74.87,0.1,Trace,Heatwave
2022-03-11,Amritsar,Amritsar,India,31.63,74.87,2.4,Trace,Heatwave
2022-03-13,Amritsar,Amritsar,India,31.63,74.87,1.6,Trace,Heatwave
2022-03-14,Amritsar,Amritsar,India,31.63,74.87,1.0,Trace,Heatwave
2022-03-15,Amritsar,Amritsar,India,31.63,74.87,2.7,Trace,Heatwave
2022-03-16,Amritsar,Amritsar,India,31.63,74.87,0.8,Trace,Heatwave
2022-03-17,Amritsar,Amritsar,India,31.63,74.87,4.3,Trace,Heatwave
2022-03-18,Amritsar,Amritsar,India,31.63,74.87,2.7,Trace,Heatwave
2022-03-20,Amritsar,Amritsar,India,31.63,74.87,2.9,Trace,Heatwave
2022-03-24,Amritsar,Amritsar,India,31.63,74.87,8.5,Light,Heatwave
2022-03-26,Amritsar,Amritsar,India,31.63,74.87,0.7,Trace,Heatwave
2022-03-27,Amritsar,Amritsar,India,31.63,74.87,2.6,Trace,Heatwave
2022-03-30,Amritsar,Amritsar,India,31.63,74.87,2.0,Trace,Heatwave
2022-04-03,Amritsar,Amritsar,India,31.63,74.87,1.8,Trace,Heatwave
2022-04-05,Amritsar,Amritsar,India,31.63,74.87,0.8,Trace,Heatwave
2022-04-06,Amritsar,Amritsar,India,31.63,74.87,4.6,Trace,Heatwave
2022-04-08,Amritsar,Amritsar,India,31.63,74.87,1.2,Trace,Heatwave
2022-04-11,Amritsar,Amritsar,India,31.63,74.87,3.2,Trace,Heatwave
2022-04-13,Amritsar,Amritsar,India,31.63,74.87,1.7,Trace,Normal
2022-04-14,Amritsar,Amritsar,India,31.63,74.87,0.7,Trace,Normal
2022-04-18,Amritsar,Amritsar,India,31.63,74.87,2.7,Trace,Heatwave
2022-04-19,Amritsar,Amritsar,India,31.63,74.87,0.1,Trace,Heatwave
2022-04-20,Amritsar,Amritsar,India,31.63,74.87,0.6,Trace,Heatwave
2022-04-21,Amritsar,Amritsar,India,31.63,74.87,1.2,Trace,Heatwave
2022-04-23,Amritsar,Amritsar,India,31.63,74.87,0.7,Trace,Heatwave
2022-04-29,Amritsar,Amritsar,India,31.63,74.87,1.3,Trace,Heatwave
2022-05-05,Amritsar,Amritsar,India,31.63,74.87,0.4,Trace,Heatwave
2022-05-10,Amritsar,Amritsar,India,31.63,74.87,0.3,Trace,Heatwave
2022-05-14,Amritsar,Amritsar,India,31.63,74.87,2.4,Trace,Heatwave
2022-05-19,Amritsar,Amritsar,India,31.63,74.87,3.5,Trace,Heatwave
2022-05-20,Amritsar,Amritsar,India,31.63,74.87,1.4,Trace,Heatwave
2022-05-29,Amritsar,Amritsar,India,31.63,74.87,0.1,Trace,Heatwave
2022-06-11,Amritsar,Amritsar,India,31.63,74.87,1.0,Trace,Normal
2022-06-13,Amritsar,Amritsar,India,31.63,74.87,0.1,Trace,Normal
2022-06-15,Amritsar,Amritsar,India,31.63,74.87,0.9,Trace,Normal
2022-06-16,Amritsar,Amritsar,India,31.63,74.87,2.0,Trace,Normal
2022-06-19,Amritsar,Amritsar,India,31.63,74.87,0.3,Trace,Normal
2022-06-23,Amritsar,Amritsar,India,31.63,74.87,0.4,Trace,Normal
2022-06-25,Amritsar,Amritsar,India,31.63,74.87,1.6,Trace,Normal
2022-06-30,Amritsar,Amritsar,India,31.63,74.87,0.3,Trace,Normal
2022-07-05,Amritsar,Amritsar,India,31.63,74.87,2.2,Trace,Normal
2022-07-08,Amritsar,Amritsar,India,31.63,74.87,3.6,Trace,Normal
2022-07-09,Amritsar,Amritsar,India,31.63,74.87,13.6,Light,Normal
2022-07-12,Amritsar,Amritsar,India,31.63,74.87,22.2,Moderate,Normal
2022-07-15,Amritsar,Amritsar,India,31.63,74.87,16.4,Moderate,Normal
2022-07-18,Amritsar,Amritsar,India,31.63,74.87,25.3,Moderate,Normal
2022-07-19,Amritsar,Amritsar,India,31.63,74.87,2.0,Trace,Normal
2022-07-26,Amritsar,Amritsar,India,31.63,74.87,4.6,Trace,Normal
2022-07-28,Amritsar,Amritsar,India,31.63,74.87,1.6,Trace,Normal
2022-07-29,Amritsar,Amritsar,India,31.63,74.87,21.6,Moderate,Normal
2022-08-05,Amritsar,Amritsar,India,31.63,74.87,15.1,Moderate,Normal
2022-08-07,Amritsar,Amritsar,India,31.63,74.87,3.5,Trace,Normal
2022-08-08,Amritsar,Amritsar,India,31.63,74.87,1.6,Trace,Normal
2022-08-11,Amritsar,Amritsar,India,31.63,74.87,4.7,Trace,Normal
2022-08-15,Amritsar,Amritsar,India,31.63,74.87,18.4,Moderate,Normal
2022-08-20,Amritsar,Amritsar,India,31.63,74.87,6.8,Light,Normal
2022-09-02,Amritsar,Amritsar,India,31.63,74.87,26.0,Moderate,Normal
2022-09-04,Amritsar,Amritsar,India,31.63,74.87,6.3,Light,Normal
2022-09-06,Amritsar,Amritsar,India,31.63,74.87,1.4,Trace,Normal
2022-09-07,Amritsar,Amritsar,India,31.63,74.87,1.1,Trace,Normal
2022-09-08,Amritsar,Amritsar,India,31.63,74.87,1.8,Trace,Normal
2022-09-15,Amritsar,Amritsar,India,31.63,74.87,41.0,Heavy,Normal
2022-09-18,Amritsar,Amritsar,India,31.63,74.87,8.2,Light,Normal
2022-09-19,Amritsar,Amritsar,India,31.63,74.87,10.7,Light,Normal
2022-09-25,Amritsar,Amritsar,India,31.63,74.87,7.0,Light,Normal
2022-10-02,Amritsar,Amritsar,India,31.63,74.87,1.6,Trace,Normal
2022-10-06,Amritsar,Amritsar,India,31.63,74.87,0.5,Trace,Normal
2022-10-12,Amritsar,Amritsar,India,31.63,74.87,1.6,Trace,Normal
2022-10-22,Amritsar,Amritsar,India,31.63,74.87,10.6,Light,Normal
2022-10-23,Amritsar,Amritsar,India,31.63,74.87,3.6,Trace,Normal
2022-10-25,Amritsar,Amritsar,India,31.63,74.87,2.0,Trace,Normal
2022-10-26,Amritsar,Amritsar,India,31.63,74.87,1.0,Trace,Normal
2022-10-28,Amritsar,Amritsar,India,31.63,74.87,0.6,Trace,Normal
2022-10-29,Amritsar,Amritsar,India,31.63,74.87,4.5,Trace,Normal
2022-11-03,Amritsar,Amritsar,India,31.63,74.87,0.9,Trace,Normal
2022-11-04,Amritsar,Amritsar,India,31.63,74.87,0.2,Trace,Normal
2022-11-05,Amritsar,Amritsar,India,31.63,74.87,1.8,Trace,Normal
2022-11-12,Amritsar,Amritsar,India,31.63,74.87,0.2,Trace,Normal
2022-11-19,Amritsar,Amritsar,India,31.63,74.87,0.4,Trace,Normal
2022-11-22,Amritsar,Amritsar,India,31.63,74.87,2.0,Trace,Normal
2022-11-24,Amritsar,Amritsar,India,31.63,74.87,1.2,Trace,Normal
2022-11-26,Amritsar,Amritsar,India,31.63,74.87,2.7,Trace,Normal
2022-11-27,Amritsar,Amritsar,India,31.63,74.87,0.5,Trace,Normal
2022-11-28,Amritsar,Amritsar,India,31.63,74.87,2.4,Trace,Normal
2022-11-30,Amritsar,Amritsar,India,31.63,74.87,0.5,Trace,Normal
2022-12-06,Amritsar,Amritsar,India,31.63,74.87,4.2,Trace,Normal
2022-12-09,Amritsar,Amritsar,India,31.63,74.87,4.8,Trace,Normal
2022-12-10,Amritsar,Amritsar,India,31.63,74.87,2.7,Trace,Normal
2022-12-11,Amritsar,Amritsar,India,31.63,74.87,0.3,Trace,Normal
2022-12-17,Amritsar,Amritsar,India,31.63,74.87,2.0,Trace,Normal
2022-12-18,Amritsar,Amritsar,India,31.63,74.87,3.7,Trace,Normal
2022-12-19,Amritsar,Amritsar,India,31.63,74.87,0.1,Trace,Normal
2022-12-20,Amritsar,Amritsar,India,31.63,74.87,4.0,Trace,Normal
2022-12-23,Amritsar,Amritsar,India,31.63,74.87,1.7,Trace,Normal
2022-12-24,Amritsar,Amritsar,India,31.63,74.87,1.4,Trace,Normal
2022-12-29,Amritsar,Amritsar,India,31.63,74.87,3.1,Trace,Normal
2023-01-02,Amritsar,Amritsar,India,31.63,74.87,0.1,Trace,Normal
2023-01-05,Amritsar,Amritsar,India,31.63,74.87,6.7,Light,Normal
2023-01-09,Amritsar,Amritsar,India,31.63,74.87,3.5,Trace,Normal
2023-01-10,Amritsar,Amritsar,India,31.63,74.87,2.4,Trace,Normal
2023-01-19,Amritsar,Amritsar,India,31.63,74.87,2.4,Trace,Normal
2023-01-21,Amritsar,Amritsar,India,31.63,74.87,1.2,Trace,Normal
2023-01-24,Amritsar,Amritsar,India,31.63,74.87,0.1,Trace,Normal
2023-01-25,Amritsar,Amritsar,India,31.63,74.87,0.1,Trace,Normal
2023-01-29,Amritsar,Amritsar,India,31.63,74.87,1.0,Trace,Normal
2023-01-31,Amritsar,Amritsar,India,31.63,74.87,6.6,Light,Normal
2023-02-02,Amritsar,Amritsar,India,31.63,74.87,0.9,Trace,Normal
2023-02-03,Amritsar,Amritsar,India,31.63,74.87,0.8,Trace,Normal
2023-02-09,Amritsar,Amritsar,India,31.63,74.87,1.2,Trace,Heatwave
2023-02-15,Amritsar,Amritsar,India,31.63,74.87,0.1,Trace,Normal
2023-02-18,Amritsar,Amritsar,India,31.63,74.87,2.7,Trace,Normal
2023-02-19,Amritsar,Amritsar,India,31.63,74.87,0.4,Trace,Normal
2023-02-21,Amritsar,Amritsar,India,31.63,74.87,0.5,Trace,Normal
2023-02-23,Amritsar,Amritsar,India,31.63,74.87,4.5,Trace,Normal
2023-02-27,Amritsar,Amritsar,India,31.63,74.87,1.3,Trace,Normal
2023-02-28,Amritsar,Amritsar,India,31.63,74.87,0.5,Trace,Normal
2023-03-01,Amritsar,Amritsar,India,31.63,74.87,0.2,Trace,Normal
2023-03-03,Amritsar,Amritsar,India,31.63,74.87,0.1,Trace,Normal
2023-03-06,Amritsar,Amritsar,India,31.63,74.87,0.3,Trace,Normal
2023-03-09,Amritsar,Amritsar,India,31.63,74.87,3.3,Trace,Heatwave
2023-03-11,Amritsar,Amritsar,India,31.63,74.87,0.1,Trace,Heatwave
2023-03-13,Amritsar,Amritsar,India,31.63,74.87,2.2,Trace,Heatwave
2023-03-28,Amritsar,Amritsar,India,31.63,74.87,2.0,Trace,Normal
2023-03-29,Amritsar,Amritsar,India,31.63,74.87,1.7,Trace,Heatwave
2023-04-01,Amritsar,Amritsar,India,31.63,74.87,1.2,Trace,Normal
2023-04-02,Amritsar,Amritsar,India,31.63,74.87,1.5,Trace,Heatwave
2023-04-03,Amritsar,Amritsar,India,31.63,74.87,0.3,Trace,Heatwave
2023-04-08,Amritsar,Amritsar,India,31.63,74.87,1.0,Trace,Heatwave
2023-04-17,Amritsar,Amritsar,India,31.63,74.87,1.1,Trace,Heatwave
2023-04-18,Amritsar,Amritsar,India,31.63,74.87,0.2,Trace,Heatwave
2023-04-19,Amritsar,Amritsar,India,31.63,74.87,4.0,Trace,Heatwave
2023-04-21,Amritsar,Amritsar,India,31.63,74.87,0.5,Trace,Normal
2023-04-22,Amritsar,Amritsar,India,31.63,74.87,2.2,Trace,Heatwave
2023-04-23,Amritsar,Amritsar,India,31.63,74.87,2.6,Trace,Heatwave
2023-04-24,Amritsar,Amritsar,India,31.63,74.87,2.2,Trace,Heatwave
2023-04-27,Amritsar,Amritsar,India,31.63,74.87,2.2,Trace,Heatwave
2023-04-28,Amritsar,Amritsar,India,31.63,74.87,1.9,Trace,Heatwave
2023-04-30,Amritsar,Amritsar,India,31.63,74.87,0.9,Trace,Heatwave
2023-05-02,Amritsar,Amritsar,India,31.63,74.87,0.8,Trace,Heatwave
2023-05-03,Amritsar,Amritsar,India,31.63,74.87,1.8,Trace,Heatwave
2023-05-04,Amritsar,Amritsar,India,31.63,74.87,0.7,Trace,Heatwave
2023-05-11,Amritsar,Amritsar,India,31.63,74.87,0.3,Trace,Heatwave
2023-05-20,Amritsar,Amritsar,India,31.63,74.87,0.5,Trace,Normal
2023-05-21,Amritsar,Amritsar,India,31.63,74.87,0.3,Trace,Normal
2023-05-24,Amritsar,Amritsar,India,31.63,74.87,0.1,Trace,Heatwave
2023-05-25,Amritsar,Amritsar,India,31.63,74.87,0.4,Trace,Heatwave
2023-05-27,Amritsar,Amritsar,India,31.63,74.87,1.6,Trace,Normal
2023-05-29,Amritsar,Amritsar,India,31.63,74.87,5.6,Light,Heatwave
2023-05-31,Amritsar,Amritsar,India,31.63,74.87,1.0,Trace,Heatwave
2023-06-01,Amritsar,Amritsar,India,31.63,74.87,0.3,Trace,Normal
2023-06-08,Amritsar,Amritsar,India,31.63,74.87,1.3,Trace,Heatwave
2023-06-10,Amritsar,Amritsar,India,31.63,74.87,2.7,Trace,Normal
2023-06-15,Amritsar,Amritsar,India,31.63,74.87,2.3,Trace,Normal
2023-06-18,Amritsar,Amritsar,India,31.63,74.87,1.9,Trace,Heatwave
2023-06-19,Amritsar,Amritsar,India,31.63,74.87,1.7,Trace,Normal
2023-06-23,Amritsar,Amritsar,India,31.63,74.87,1.1,Trace,Normal
2023-06-26,Amritsar,Amritsar,India,31.63,74.87,1.3,Trace,Normal
2023-06-27,Amritsar,Amritsar,India,31.63,74.87,3.8,Trace,Normal
2023-06-29,Amritsar,Amritsar,India,31.63,74.87,0.8,Trace,Normal
2023-07-02,Amritsar,Amritsar,India,31.63,74.87,13.4,Light,Normal
2023-07-08,Amritsar,Amritsar,India,31.63,74.87,0.9,Trace,Normal
2023-07-09,Amritsar,Amritsar,India,31.63,74.87,3.3,Trace,Normal
2023-07-10,Amritsar,Amritsar,India,31.63,74.87,0.2,Trace,Normal
2023-07-12,Amritsar,Amritsar,India,31.63,74.87,6.9,Light,Normal
2023-07-13,Amritsar,Amritsar,India,31.63,74.87,1.3,Trace,Normal
2023-07-17,Amritsar,Amritsar,India,31.63,74.87,8.8,Light,Normal
2023-07-18,Amritsar,Amritsar,India,31.63,74.87,15.4,Moderate,Normal
2023-07-20,Amritsar,Amritsar,India,31.63,74.87,16.2,Moderate,Normal
2023-07-21,Amritsar,Amritsar,India,31.63,74.87,0.6,Trace,Normal
2023-07-25,Amritsar,Amritsar,India,31.63,74.87,0.8,Trace,Normal
2023-07-29,Amritsar,Amritsar,India,31.63,74.87,3.3,Trace,Normal
2023-08-03,Amritsar,Amritsar,India,31.63,74.87,0.8,Trace,Normal
2023-08-05,Amritsar,Amritsar,India,31.63,74.87,1.4,Trace,Normal
2023-08-07,Amritsar,Amritsar,India,31.63,74.87,40.6,Heavy,Normal
2023-08-08,Amritsar,Amritsar,India,31.63,74.87,6.7,Light,Normal
2023-08-09,Amritsar,Amritsar,India,31.63,74.87,21.8,Moderate,Normal
2023-08-15,Amritsar,Amritsar,India,31.63,74.87,8.9,Light,Normal
2023-08-16,Amritsar,Amritsar,India,31.63,74.87,2.0,Trace,Normal
2023-08-18,Amritsar,Amritsar,India,31.63,74.87,1.5,Trace,Normal
2023-08-22,Amritsar,Amritsar,India,31.63,74.87,13.4,Light,Normal
2023-08-23,Amritsar,Amritsar,India,31.63,74.87,5.2,Light,Normal
2023-08-26,Amritsar,Amritsar,India,31.63,74.87,6.0,Light,Normal
2023-08-28,Amritsar,Amritsar,India,31.63,74.87,1.4,Trace,Normal
2023-09-02,Amritsar,Amritsar,India,31.63,74.87,5.1,Light,Normal
2023-09-03,Amritsar,Amritsar,India,31.63,74.87,8.7,Light,Normal
2023-09-06,Amritsar,Amritsar,India,31.63,74.87,10.9,Light,Normal
2023-09-12,Amritsar,Amritsar,India,31.63,74.87,0.2,Trace,Normal
2023-09-17,Amritsar,Amritsar,India,31.63,74.87,4.2,Trace,Normal
2023-09-20,Amritsar,Amritsar,India,31.63,74.87,7.2,Light,Normal
2023-09-23,Amritsar,Amritsar,India,31.63,74.87,15.5,Moderate,Normal
2023-09-27,Amritsar,Amritsar,India,31.63,74.87,5.3,Light,Normal
2023-10-05,Amritsar,Amritsar,India,31.63,74.87,3.9,Trace,Normal
2023-10-10,Amritsar,Amritsar,India,31.63,74.87,2.9,Trace,Normal
2023-10-17,Amritsar,Amritsar,India,31.63,74.87,0.3,Trace,Normal
2023-10-23,Amritsar,Amritsar,India,31.63,74.87,6.7,Light,Normal
2023-10-27,Amritsar,Amritsar,India,31.63,74.87,1.1,Trace,Normal
2023-11-02,Amritsar,Amritsar,India,31.63,74.87,0.4,Trace,Normal
2023-11-04,Amritsar,Amritsar,India,31.63,74.87,0.5,Trace,Normal
2023-11-05,Amritsar,Amritsar,India,31.63,74.87,0.9,Trace,Normal
2023-11-08,Amritsar,Amritsar,India,31.63,74.87,6.6,Light,Normal
2023-11-13,Amritsar,Amritsar,India,31.63,74.87,0.1,Trace,Normal
2023-11-15,Amritsar,Amritsar,India,31.63,74.87,0.7,Trace,Normal
2023-11-16,Amritsar,Amritsar,India,31.63,74.87,3.9,Trace,Normal
2023-11-17,Amritsar,Amritsar,India,31.63,74.87,1.6,Trace,Normal
2023-11-18,Amritsar,Amritsar,India,31.63,74.87,1.6,Trace,Normal
2023-11-21,Amritsar,Amritsar,India,31.63,74.87,4.2,Trace,Normal
2023-11-22,Amritsar,Amritsar,India,31.63,74.87,2.0,Trace,Normal
2023-11-23,Amritsar,Amritsar,India,31.63,74.87,1.4,Trace,Normal
2023-12-02,Amritsar,Amritsar,India,31.63,74.87,1.3,Trace,Normal
2023-12-04,Amritsar,Amritsar,India,31.63,74.87,4.3,Trace,Normal
2023-12-07,Amritsar,Amritsar,India,31.63,74.87,10.0,Light,Normal
2023-12-10,Amritsar,Amritsar,India,31.63,74.87,0.1,Trace,Normal
2023-12-14,Amritsar,Amritsar,India,31.63,74.87,2.0,Trace,Normal
2023-12-16,Amritsar,Amritsar,India,31.63,74.87,0.7,Trace,Normal
2023-12-17,Amritsar,Amritsar,India,31.63,74.87,0.8,Trace,Normal
2023-12-21,Amritsar,Amritsar,India,31.63,74.87,0.9,Trace,Normal
2023-12-25,Amritsar,Amritsar,India,31.63,74.87,0.2,Trace,Normal
2022-01-03,Jaipur,Jaipur,India,26.92,75.79,0.3,Trace,Normal
2022-01-08,Jaipur,Jaipur,India,26.92,75.79,3.8,Trace,Normal
2022-01-13,Jaipur,Jaipur,India,26.92,75.79,0.7,Trace,Normal
2022-01-17,Jaipur,Jaipur,India,26.92,75.79,2.1,Trace,Normal
2022-01-21,Jaipur,Jaipur,India,26.92,75.79,1.1,Trace,Normal
2022-01-22,Jaipur,Jaipur,India,26.92,75.79,0.1,Trace,Normal
2022-01-23,Jaipur,Jaipur,India,26.92,75.79,1.1,Trace,Normal
2022-01-26,Jaipur,Jaipur,India,26.92,75.79,0.1,Trace,Normal
2022-01-27,Jaipur,Jaipur,India,26.92,75.79,1.0,Trace,Normal
2022-01-29,Jaipur,Jaipur,India,26.92,75.79,1.7,Trace,Normal
2022-01-31,Jaipur,Jaipur,India,26.92,75.79,2.4,Trace,Normal
2022-02-05,Jaipur,Jaipur,India,26.92,75.79,1.0,Trace,Normal
2022-02-10,Jaipur,Jaipur,India,26.92,75.79,2.7,Trace,Normal
2022-02-16,Jaipur,Jaipur,India,26.92,75.79,1.8,Trace,Heatwave
2022-02-19,Jaipur,Jaipur,India,26.92,75.79,2.9,Trace,Heatwave
2022-02-24,Jaipur,Jaipur,India,26.92,75.79,0.7,Trace,Heatwave
2022-03-04,Jaipur,Jaipur,India,26.92,75.79,4.6,Trace,Heatwave
2022-03-10,Jaipur,Jaipur,India,26.92,75.79,0.5,Trace,Heatwave
2022-03-14,Jaipur,Jaipur,India,26.92,75.79,1.8,Trace,Heatwave
2022-03-15,Jaipur,Jaipur,India,26.92,75.79,0.5,Trace,Heatwave
2022-03-22,Jaipur,Jaipur,India,26.92,75.79,0.3,Trace,Heatwave
2022-03-27,Jaipur,Jaipur,India,26.92,75.79,0.6,Trace,Heatwave
2022-04-02,Jaipur,Jaipur,India,26.92,75.79,0.3,Trace,Heatwave
2022-04-06,Jaipur,Jaipur,India,26.92,75.79,3.0,Trace,Heatwave
2022-04-07,Jaipur,Jaipur,India,26.92,75.79,1.4,Trace,Heatwave
2022-04-09,Jaipur,Jaipur,India,26.92,75.79,0.2,Trace,Heatwave
2022-04-12,Jaipur,Jaipur,India,26.92,75.79,0.2,Trace,Heatwave
2022-04-13,Jaipur,Jaipur,India,26.92,75.79,1.1,Trace,Heatwave
2022-04-19,Jaipur,Jaipur,India,26.92,75.79,1.9,Trace,Heatwave
2022-04-20,Jaipur,Jaipur,India,26.92,75.79,0.4,Trace,Heatwave
2022-04-23,Jaipur,Jaipur,India,26.92,75.79,3.0,Trace,Heatwave
2022-04-24,Jaipur,Jaipur,India,26.92,75.79,1.4,Trace,Heatwave
2022-04-29,Jaipur,Jaipur,India,26.92,75.79,0.8,Trace,Heatwave
2022-05-03,Jaipur,Jaipur,India,26.92,75.79,0.3,Trace,Heatwave
2022-05-04,Jaipur,Jaipur,India,26.92,75.79,1.5,Trace,Heatwave
2022-05-05,Jaipur,Jaipur,India,26.92,75.79,0.2,Trace,Heatwave
2022-05-10,Jaipur,Jaipur,India,26.92,75.79,0.2,Trace,Heatwave
2022-05-13,Jaipur,Jaipur,India,26.92,75.79,3.0,Trace,Heatwave
2022-05-14,Jaipur,Jaipur,India,26.92,75.79,0.5,Trace,Heatwave
2022-05-15,Jaipur,Jaipur,India,26.92,75.79,3.0,Trace,Heatwave
2022-05-16,Jaipur,Jaipur,India,26.92,75.79,2.5,Trace,Heatwave
2022-05-17,Jaipur,Jaipur,India,26.92,75.79,0.2,Trace,Heatwave
2022-05-19,Jaipur,Jaipur,India,26.92,75.79,1.4,Trace,Heatwave
2022-05-20,Jaipur,Jaipur,India,26.92,75.79,4.0,Trace,Normal
2022-05-23,Jaipur,Jaipur,India,26.92,75.79,0.8,Trace,Heatwave
2022-05-24,Jaipur,Jaipur,India,26.92,75.79,3.3,Trace,Normal
2022-05-29,Jaipur,Jaipur,India,26.92,75.79,5.5,Light,Heatwave
2022-06-02,Jaipur,Jaipur,India,26.92,75.79,0.3,Trace,Heatwave
2022-06-05,Jaipur,Jaipur,India,26.92,75.79,3.3,Trace,Heatwave
2022-06-10,Jaipur,Jaipur,India,26.92,75.79,1.5,Trace,Heatwave
2022-06-13,Jaipur,Jaipur,India,26.92,75.79,0.3,Trace,Heatwave
2022-06-15,Jaipur,Jaipur,India,26.92,75.79,2.1,Trace,Normal
2022-06-16,Jaipur,Jaipur,India,26.92,75.79,3.0,Trace,Heatwave
2022-06-18,Jaipur,Jaipur,India,26.92,75.79,0.5,Trace,Heatwave
2022-06-20,Jaipur,Jaipur,India,26.92,75.79,0.1,Trace,Normal
2022-06-26,Jaipur,Jaipur,India,26.92,75.79,0.7,Trace,Normal
2022-06-29,Jaipur,Jaipur,India,26.92,75.79,0.7,Trace,Heatwave
2022-07-03,Jaipur,Jaipur,India,26.92,75.79,0.9,Trace,Normal
2022-07-04,Jaipur,Jaipur,India,26.92,75.79,27.4,Moderate,Normal
2022-07-06,Jaipur,Jaipur,India,26.92,75.79,5.0,Trace,Normal
2022-07-11,Jaipur,Jaipur,India,26.92,75.79,1.7,Trace,Normal
2022-07-12,Jaipur,Jaipur,India,26.92,75.79,3.7,Trace,Normal
2022-07-17,Jaipur,Jaipur,India,26.92,75.79,0.4,Trace,Normal
2022-07-19,Jaipur,Jaipur,India,26.92,75.79,3.8,Trace,Normal
2022-07-23,Jaipur,Jaipur,India,26.92,75.79,28.9,Moderate,Normal
2022-07-26,Jaipur,Jaipur,India,26.92,75.79,5.8,Light,Normal
2022-07-29,Jaipur,Jaipur,India,26.92,75.79,1.1,Trace,Normal
2022-08-01,Jaipur,Jaipur,India,26.92,75.79,16.6,Moderate,Normal
2022-08-02,Jaipur,Jaipur,India,26.92,75.79,0.5,Trace,Normal
2022-08-03,Jaipur,Jaipur,India,26.92,75.79,2.6,Trace,Normal
2022-08-04,Jaipur,Jaipur,India,26.92,75.79,0.7,Trace,Normal
2022-08-05,Jaipur,Jaipur,India,26.92,75.79,21.3,Moderate,Normal
2022-08-10,Jaipur,Jaipur,India,26.92,75.79,2.5,Trace,Normal
2022-08-13,Jaipur,Jaipur,India,26.92,75.79,3.9,Trace,Normal
2022-08-14,Jaipur,Jaipur,India,26.92,75.79,14.1,Light,Normal
2022-08-20,Jaipur,Jaipur,India,26.92,75.79,1.0,Trace,Normal
2022-08-25,Jaipur,Jaipur,India,26.92,75.79,1.7,Trace,Normal
2022-08-27,Jaipur,Jaipur,India,26.92,75.79,19.5,Moderate,Normal
2022-08-28,Jaipur,Jaipur,India,26.92,75.79,17.4,Moderate,Normal
2022-09-02,Jaipur,Jaipur,India,26.92,75.79,3.0,Trace,Normal
2022-09-03,Jaipur,Jaipur,India,26.92,75.79,2.9,Trace,Normal
2022-09-12,Jaipur,Jaipur,India,26.92,75.79,0.2,Trace,Normal
2022-09-17,Jaipur,Jaipur,India,26.92,75.79,0.9,Trace,Normal
2022-09-18,Jaipur,Jaipur,India,26.92,75.79,16.8,Moderate,Normal
2022-09-19,Jaipur,Jaipur,India,26.92,75.79,6.6,Light,Normal
2022-09-23,Jaipur,Jaipur,India,26.92,75.79,0.2,Trace,Normal
2022-09-24,Jaipur,Jaipur,India,26.92,75.79,8.6,Light,Normal
2022-09-25,Jaipur,Jaipur,India,26.92,75.79,11.2,Light,Normal
2022-09-27,Jaipur,Jaipur,India,26.92,75.79,9.1,Light,Normal
2022-09-28,Jaipur,Jaipur,India,26.92,75.79,1.5,Trace,Normal
2022-09-30,Jaipur,Jaipur,India,26.92,75.79,11.5,Light,Normal
2022-10-03,Jaipur,Jaipur,India,26.92,75.79,1.1,Trace,Normal
2022-10-04,Jaipur,Jaipur,India,26.92,75.79,2.3,Trace,Normal
2022-10-05,Jaipur,Jaipur,India,26.92,75.79,0.5,Trace,Normal
2022-10-06,Jaipur,Jaipur,India,26.92,75.79,1.6,Trace,Normal
2022-10-09,Jaipur,Jaipur,India,26.92,75.79,3.2,Trace,Normal
2022-10-16,Jaipur,Jaipur,India,26.92,75.79,2.2,Trace,Normal
2022-10-22,Jaipur,Jaipur,India,26.92,75.79,1.5,Trace,Normal
2022-10-23,Jaipur,Jaipur,India,26.92,75.79,4.2,Trace,Normal
2022-10-25,Jaipur,Jaipur,India,26.92,75.79,5.0,Trace,Normal
2022-10-30,Jaipur,Jaipur,India,26.92,75.79,0.5,Trace,Normal
2022-10-31,Jaipur,Jaipur,India,26.92,75.79,1.7,Trace,Normal
2022-11-01,Jaipur,Jaipur,India,26.92,75.79,1.5,Trace,Normal
2022-11-02,Jaipur,Jaipur,India,26.92,75.79,0.2,Trace,Normal
2022-11-14,Jaipur,Jaipur,India,26.92,75.79,0.4,Trace,Normal
2022-11-16,Jaipur,Jaipur,India,26.92,75.79,0.8,Trace,Normal
2022-11-17,Jaipur,Jaipur,India,26.92,75.79,0.7,Trace,Normal
2022-11-23,Jaipur,Jaipur,India,26.92,75.79,0.3,Trace,Normal
2022-11-24,Jaipur,Jaipur,India,26.92,75.79,2.7,Trace,Normal
2022-11-27,Jaipur,Jaipur,India,26.92,75.79,0.2,Trace,Normal
2022-11-28,Jaipur,Jaipur,India,26.92,75.79,0.1,Trace,Normal
2022-11-30,Jaipur,Jaipur,India,26.92,75.79,0.8,Trace,Normal
2022-12-01,Jaipur,Jaipur,India,26.92,75.79,0.7,Trace,Normal
2022-12-05,Jaipur,Jaipur,India,26.92,75.79,0.1,Trace,Normal
2022-12-07,Jaipur,Jaipur,India,26.92,75.79,0.2,Trace,Normal
2022-12-08,Jaipur,Jaipur,India,26.92,75.79,0.4,Trace,Normal
2022-12-09,Jaipur,Jaipur,India,26.92,75.79,0.5,Trace,Normal
2022-12-13,Jaipur,Jaipur,India,26.92,75.79,0.5,Trace,Normal
2022-12-14,Jaipur,Jaipur,India,26.92,75.79,1.1,Trace,Normal
2022-12-15,Jaipur,Jaipur,India,26.92,75.79,4.2,Trace,Normal
2022-12-20,Jaipur,Jaipur,India,26.92,75.79,0.7,Trace,Normal
2022-12-22,Jaipur,Jaipur,India,26.92,75.79,0.8,Trace,Normal
2022-12-23,Jaipur,Jaipur,India,26.92,75.79,1.7,Trace,Normal
2022-12-26,Jaipur,Jaipur,India,26.92,75.79,0.5,Trace,Normal
2022-12-28,Jaipur,Jaipur,India,26.92,75.79,0.2,Trace,Normal
2022-12-29,Jaipur,Jaipur,India,26.92,75.79,5.0,Trace,Normal
2023-01-03,Jaipur,Jaipur,India,26.92,75.79,0.1,Trace,Normal
2023-01-04,Jaipur,Jaipur,India,26.92,75.79,4.7,Trace,Normal
2023-01-05,Jaipur,Jaipur,India,26.92,75.79,0.2,Trace,Normal
2023-01-13,Jaipur,Jaipur,India,26.92,75.79,0.6,Trace,Normal
2023-01-19,Jaipur,Jaipur,India,26.92,75.79,3.1,Trace,Heatwave
2023-01-23,Jaipur,Jaipur,India,26.92,75.79,0.1,Trace,Normal
2023-01-29,Jaipur,Jaipur,India,26.92,75.79,0.9,Trace,Heatwave
2023-01-31,Jaipur,Jaipur,India,26.92,75.79,1.4,Trace,Heatwave
2023-02-05,Jaipur,Jaipur,India,26.92,75.79,1.0,Trace,Heatwave
2023-02-08,Jaipur,Jaipur,India,26.92,75.79,1.3,Trace,Heatwave
2023-02-09,Jaipur,Jaipur,India,26.92,75.79,0.1,Trace,Heatwave
2023-02-11,Jaipur,Jaipur,India,26.92,75.79,3.6,Trace,Heatwave
2023-02-13,Jaipur,Jaipur,India,26.92,75.79,1.8,Trace,Heatwave
2023-02-18,Jaipur,Jaipur,India,26.92,75.79,1.0,Trace,Heatwave
2023-02-19,Jaipur,Jaipur,India,26.92,75.79,0.1,Trace,Normal
2023-02-22,Jaipur,Jaipur,India,26.92,75.79,0.2,Trace,Heatwave
2023-02-23,Jaipur,Jaipur,India,26.92,75.79,0.5,Trace,Heatwave
2023-02-24,Jaipur,Jaipur,India,26.92,75.79,1.0,Trace,Heatwave
2023-02-26,Jaipur,Jaipur,India,26.92,75.79,2.9,Trace,Heatwave
2023-03-01,Jaipur,Jaipur,India,26.92,75.79,0.6,Trace,Heatwave
2023-03-02,Jaipur,Jaipur,India,26.92,75.79,0.9,Trace,Heatwave
2023-03-03,Jaipur,Jaipur,India,26.92,75.79,0.8,Trace,Heatwave
2023-03-05,Jaipur,Jaipur,India,26.92,75.79,0.4,Trace,Heatwave
2023-03-09,Jaipur,Jaipur,India,26.92,75.79,0.4,Trace,Heatwave
2023-03-16,Jaipur,Jaipur,India,26.92,75.79,0.3,Trace,Heatwave
2023-03-19,Jaipur,Jaipur,India,26.92,75.79,0.6,Trace,Heatwave
2023-03-21,Jaipur,Jaipur,India,26.92,75.79,0.4,Trace,Heatwave
2023-03-22,Jaipur,Jaipur,India,26.92,75.79,0.6,Trace,Heatwave
2023-04-03,Jaipur,Jaipur,India,26.92,75.79,0.9,Trace,Heatwave
2023-04-05,Jaipur,Jaipur,India,26.92,75.79,1.3,Trace,Heatwave
2023-04-06,Jaipur,Jaipur,India,26.92,75.79,0.6,Trace,Heatwave
2023-04-08,Jaipur,Jaipur,India,26.92,75.79,0.3,Trace,Heatwave
2023-04-10,Jaipur,Jaipur,India,26.92,75.79,6.0,Light,Heatwave
2023-04-19,Jaipur,Jaipur,India,26.92,75.79,0.2,Trace,Heatwave
2023-04-22,Jaipur,Jaipur,India,26.92,75.79,1.3,Trace,Heatwave
2023-04-24,Jaipur,Jaipur,India,26.92,75.79,0.4,Trace,Heatwave
2023-04-26,Jaipur,Jaipur,India,26.92,75.79,0.2,Trace,Heatwave
2023-05-01,Jaipur,Jaipur,India,26.92,75.79,1.6,Trace,Heatwave
2023-05-03,Jaipur,Jaipur,India,26.92,75.79,1.2,Trace,Heatwave
2023-05-04,Jaipur,Jaipur,India,26.92,75.79,0.2,Trace,Heatwave
2023-05-07,Jaipur,Jaipur,India,26.92,75.79,1.3,Trace,Heatwave
2023-05-08,Jaipur,Jaipur,India,26.92,75.79,1.3,Trace,Heatwave
2023-05-09,Jaipur,Jaipur,India,26.92,75.79,3.3,Trace,Heatwave
2023-05-11,Jaipur,Jaipur,India,26.92,75.79,0.1,Trace,Heatwave
2023-05-15,Jaipur,Jaipur,India,26.92,75.79,2.8,Trace,Heatwave
2023-05-17,Jaipur,Jaipur,India,26.92,75.79,0.4,Trace,Heatwave
2023-05-18,Jaipur,Jaipur,India,26.92,75.79,1.2,Trace,Heatwave
2023-05-20,Jaipur,Jaipur,India,26.92,75.79,0.5,Trace,Heatwave
2023-05-26,Jaipur,Jaipur,India,26.92,75.79,1.0,Trace,Normal
2023-05-29,Jaipur,Jaipur,India,26.92,75.79,1.7,Trace,Heatwave
2023-05-30,Jaipur,Jaipur,India,26.92,75.79,0.9,Trace,Heatwave
2023-05-31,Jaipur,Jaipur,India,26.92,75.79,1.1,Trace,Heatwave
2023-06-01,Jaipur,Jaipur,India,26.92,75.79,0.6,Trace,Heatwave
2023-06-02,Jaipur,Jaipur,India,26.92,75.79,0.3,Trace,Heatwave
2023-06-06,Jaipur,Jaipur,India,26.92,75.79,0.5,Trace,Heatwave
2023-06-12,Jaipur,Jaipur,India,26.92,75.79,3.9,Trace,Heatwave
2023-06-14,Jaipur,Jaipur,India,26.92,75.79,1.8,Trace,Heatwave
2023-06-18,Jaipur,Jaipur,India,26.92,75.79,4.6,Trace,Normal
2023-06-19,Jaipur,Jaipur,India,26.92,75.79,0.7,Trace,Heatwave
2023-06-22,Jaipur,Jaipur,India,26.92,75.79,3.0,Trace,Heatwave
2023-06-25,Jaipur,Jaipur,India,26.92,75.79,0.6,Trace,Heatwave
2023-06-28,Jaipur,Jaipur,India,26.92,75.79,0.1,Trace,Normal
2023-06-29,Jaipur,Jaipur,India,26.92,75.79,3.6,Trace,Normal
2023-07-01,Jaipur,Jaipur,India,26.92,75.79,0.3,Trace,Normal
2023-07-06,Jaipur,Jaipur,India,26.92,75.79,11.9,Light,Normal
2023-07-09,Jaipur,Jaipur,India,26.92,75.79,12.5,Light,Normal
2023-07-10,Jaipur,Jaipur,India,26.92,75.79,21.2,Moderate,Normal
2023-07-13,Jaipur,Jaipur,India,26.92,75.79,22.0,Moderate,Normal
2023-07-14,Jaipur,Jaipur,India,26.92,75.79,2.8,Trace,Normal
2023-07-15,Jaipur,Jaipur,India,26.92,75.79,3.4,Trace,Normal
2023-07-21,Jaipur,Jaipur,India,26.92,75.79,0.9,Trace,Normal
2023-07-24,Jaipur,Jaipur,India,26.92,75.79,12.5,Light,Normal
2023-07-25,Jaipur,Jaipur,India,26.92,75.79,5.1,Light,Normal
2023-07-26,Jaipur,Jaipur,India,26.92,75.79,6.9,Light,Normal
2023-07-31,Jaipur,Jaipur,India,26.92,75.79,2.8,Trace,Normal
2023-08-02,Jaipur,Jaipur,India,26.92,75.79,0.5,Trace,Normal
2023-08-09,Jaipur,Jaipur,India,26.92,75.79,15.1,Moderate,Normal
2023-08-10,Jaipur,Jaipur,India,26.92,75.79,2.4,Trace,Normal
2023-08-13,Jaipur,Jaipur,India,26.92,75.79,25.7,Moderate,Normal
2023-08-16,Jaipur,Jaipur,India,26.92,75.79,1.1,Trace,Normal
2023-08-18,Jaipur,Jaipur,India,26.92,75.79,10.6,Light,Normal
2023-08-22,Jaipur,Jaipur,India,26.92,75.79,21.1,Moderate,Normal
2023-08-24,Jaipur,Jaipur,India,26.92,75.79,0.7,Trace,Normal
2023-08-25,Jaipur,Jaipur,India,26.92,75.79,3.9,Trace,Normal
2023-08-27,Jaipur,Jaipur,India,26.92,75.79,4.4,Trace,Normal
2023-08-30,Jaipur,Jaipur,India,26.92,75.79,10.2,Light,Normal
2023-08-31,Jaipur,Jaipur,India,26.92,75.79,9.3,Light,Normal
2023-09-01,Jaipur,Jaipur,India,26.92,75.79,0.7,Trace,Normal
2023-09-03,Jaipur,Jaipur,India,26.92,75.79,1.3,Trace,Normal
2023-09-06,Jaipur,Jaipur,India,26.92,75.79,8.8,Light,Normal
2023-09-07,Jaipur,Jaipur,India,26.92,75.79,4.2,Trace,Normal
2023-09-09,Jaipur,Jaipur,India,26.92,75.79,14.0,Light,Normal
2023-09-10,Jaipur,Jaipur,India,26.92,75.79,1.7,Trace,Normal
2023-09-13,Jaipur,Jaipur,India,26.92,75.79,14.2,Light,Normal
2023-09-14,Jaipur,Jaipur,India,26.92,75.79,4.0,Trace,Normal
2023-09-21,Jaipur,Jaipur,India,26.92,75.79,19.9,Moderate,Normal
2023-09-27,Jaipur,Jaipur,India,26.92,75.79,7.8,Light,Normal
2023-10-01,Jaipur,Jaipur,India,26.92,75.79,6.3,Light,Normal
2023-10-03,Jaipur,Jaipur,India,26.92,75.79,2.4,Trace,Normal
2023-10-04,Jaipur,Jaipur,India,26.92,75.79,0.3,Trace,Normal
2023-10-11,Jaipur,Jaipur,India,26.92,75.79,0.5,Trace,Normal
2023-10-13,Jaipur,Jaipur,India,26.92,75.79,0.3,Trace,Normal
2023-10-18,Jaipur,Jaipur,India,26.92,75.79,1.6,Trace,Normal
2023-10-20,Jaipur,Jaipur,India,26.92,75.79,5.0,Trace,Normal
2023-10-27,Jaipur,Jaipur,India,26.92,75.79,0.1,Trace,Normal
2023-10-29,Jaipur,Jaipur,India,26.92,75.79,0.1,Trace,Normal
2023-10-30,Jaipur,Jaipur,India,26.92,75.79,0.7,Trace,Normal
2023-11-01,Jaipur,Jaipur,India,26.92,75.79,0.6,Trace,Normal
2023-11-12,Jaipur,Jaipur,India,26.92,75.79,0.4,Trace,Normal
2023-11-14,Jaipur,Jaipur,India,26.92,75.79,0.4,Trace,Normal
2023-11-15,Jaipur,Jaipur,India,26.92,75.79,0.1,Trace,Normal
2023-11-25,Jaipur,Jaipur,India,26.92,75.79,2.9,Trace,Normal
2023-11-26,Jaipur,Jaipur,India,26.92,75.79,2.9,Trace,Normal
2023-11-28,Jaipur,Jaipur,India,26.92,75.79,0.4,Trace,Normal
2023-12-04,Jaipur,Jaipur,India,26.92,75.79,2.8,Trace,Normal
2023-12-05,Jaipur,Jaipur,India,26.92,75.79,3.0,Trace,Normal
2023-12-08,Jaipur,Jaipur,India,26.92,75.79,1.1,Trace,Normal
2023-12-10,Jaipur,Jaipur,India,26.92,75.79,0.6,Trace,Normal
2023-12-11,Jaipur,Jaipur,India,26.92,75.79,1.1,Trace,Normal
2023-12-14,Jaipur,Jaipur,India,26.92,75.79,0.2,Trace,Normal
2023-12-18,Jaipur,Jaipur,India,26.92,75.79,3.7,Trace,Normal
2023-12-25,Jaipur,Jaipur,India,26.92,75.79,1.3,Trace,Normal
2023-12-26,Jaipur,Jaipur,India,26.92,75.79,1.2,Trace,Normal
2023-12-27,Jaipur,Jaipur,India,26.92,75.79,2.0,Trace,Normal
2023-12-29,Jaipur,Jaipur,India,26.92,75.79,0.1,Trace,Normal
2023-12-31,Jaipur,Jaipur,India,26.92,75.79,1.9,Trace,Normal
2022-01-01,Srinagar,Srinagar,India,34.09,74.8,3.4,Trace,Normal
2022-01-03,Srinagar,Srinagar,India,34.09,74.8,0.4,Trace,Normal
2022-01-04,Srinagar,Srinagar,India,34.09,74.8,0.2,Trace,Normal
2022-01-05,Srinagar,Srinagar,India,34.09,74.8,2.2,Trace,Normal
2022-01-07,Srinagar,Srinagar,India,34.09,74.8,1.9,Trace,Normal
2022-01-09,Srinagar,Srinagar,India,34.09,74.8,0.3,Trace,Normal
2022-01-12,Srinagar,Srinagar,India,34.09,74.8,2.0,Trace,Normal
2022-01-18,Srinagar,Srinagar,India,34.09,74.8,3.1,Trace,Normal
2022-01-20,Srinagar,Srinagar,India,34.09,74.8,2.5,Trace,Normal
2022-01-21,Srinagar,Srinagar,India,34.09,74.8,0.6,Trace,Normal
2022-01-22,Srinagar,Srinagar,India,34.09,74.8,2.8,Trace,Normal
2022-01-23,Srinagar,Srinagar,India,34.09,74.8,0.4,Trace,Normal
2022-01-25,Srinagar,Srinagar,India,34.09,74.8,1.9,Trace,Normal
2022-01-27,Srinagar,Srinagar,India,34.09,74.8,1.6,Trace,Normal
2022-02-01,Srinagar,Srinagar,India,34.09,74.8,1.4,Trace,Normal
2022-02-03,Srinagar,Srinagar,India,34.09,74.8,1.9,Trace,Normal
2022-02-07,Srinagar,Srinagar,India,34.09,74.8,2.5,Trace,Normal
2022-02-11,Srinagar,Srinagar,India,34.09,74.8,0.1,Trace,Normal
2022-02-14,Srinagar,Srinagar,India,34.09,74.8,3.1,Trace,Normal
2022-02-15,Srinagar,Srinagar,India,34.09,74.8,2.3,Trace,Normal
2022-02-23,Srinagar,Srinagar,India,34.09,74.8,0.2,Trace,Normal
2022-03-06,Srinagar,Srinagar,India,34.09,74.8,4.8,Trace,Normal
2022-03-11,Srinagar,Srinagar,India,34.09,74.8,0.5,Trace,Normal
2022-03-12,Srinagar,Srinagar,India,34.09,74.8,3.8,Trace,Normal
2022-03-15,Srinagar,Srinagar,India,34.09,74.8,1.2,Trace,Normal
2022-03-16,Srinagar,Srinagar,India,34.09,74.8,7.3,Light,Normal
2022-03-17,Srinagar,Srinagar,India,34.09,74.8,0.1,Trace,Normal
2022-03-18,Srinagar,Srinagar,India,34.09,74.8,8.5,Light,Normal
2022-03-24,Srinagar,Srinagar,India,34.09,74.8,0.5,Trace,Normal
2022-03-25,Srinagar,Srinagar,India,34.09,74.8,1.8,Trace,Normal
2022-03-26,Srinagar,Srinagar,India,34.09,74.8,2.5,Trace,Normal
2022-03-28,Srinagar,Srinagar,India,34.09,74.8,1.9,Trace,Normal
2022-03-30,Srinagar,Srinagar,India,34.09,74.8,0.5,Trace,Normal
2022-04-06,Srinagar,Srinagar,India,34.09,74.8,0.2,Trace,Normal
2022-04-08,Srinagar,Srinagar,India,34.09,74.8,0.5,Trace,Normal
2022-04-09,Srinagar,Srinagar,India,34.09,74.8,0.6,Trace,Normal
2022-04-10,Srinagar,Srinagar,India,34.09,74.8,4.3,Trace,Normal
2022-04-13,Srinagar,Srinagar,India,34.09,74.8,0.9,Trace,Normal
2022-04-17,Srinagar,Srinagar,India,34.09,74.8,0.1,Trace,Normal
2022-04-26,Srinagar,Srinagar,India,34.09,74.8,3.4,Trace,Normal
2022-04-28,Srinagar,Srinagar,India,34.09,74.8,1.4,Trace,Normal
2022-04-30,Srinagar,Srinagar,India,34.09,74.8,2.0,Trace,Normal
2022-05-03,Srinagar,Srinagar,India,34.09,74.8,1.2,Trace,Normal
2022-05-07,Srinagar,Srinagar,India,34.09,74.8,3.4,Trace,Normal
2022-05-11,Srinagar,Srinagar,India,34.09,74.8,0.7,Trace,Normal
2022-05-13,Srinagar,Srinagar,India,34.09,74.8,0.7,Trace,Normal
2022-05-16,Srinagar,Srinagar,India,34.09,74.8,3.0,Trace,Normal
2022-05-20,Srinagar,Srinagar,India,34.09,74.8,2.5,Trace,Normal
2022-05-23,Srinagar,Srinagar,India,34.09,74.8,1.4,Trace,Normal
2022-05-31,Srinagar,Srinagar,India,34.09,74.8,2.5,Trace,Normal
2022-06-01,Srinagar,Srinagar,India,34.09,74.8,3.1,Trace,Normal
2022-06-04,Srinagar,Srinagar,India,34.09,74.8,1.2,Trace,Normal
2022-06-07,Srinagar,Srinagar,India,34.09,74.8,0.4,Trace,Normal
2022-06-10,Srinagar,Srinagar,India,34.09,74.8,4.5,Trace,Normal
2022-06-12,Srinagar,Srinagar,India,34.09,74.8,1.6,Trace,Normal
2022-06-15,Srinagar,Srinagar,India,34.09,74.8,3.8,Trace,Normal
2022-06-17,Srinagar,Srinagar,India,34.09,74.8,7.7,Light,Normal
2022-06-18,Srinagar,Srinagar,India,34.09,74.8,2.8,Trace,Normal
2022-06-20,Srinagar,Srinagar,India,34.09,74.8,1.2,Trace,Normal
2022-06-22,Srinagar,Srinagar,India,34.09,74.8,1.1,Trace,Normal
2022-06-28,Srinagar,Srinagar,India,34.09,74.8,1.9,Trace,Normal
2022-06-30,Srinagar,Srinagar,India,34.09,74.8,1.1,Trace,Normal
2022-07-02,Srinagar,Srinagar,India,34.09,74.8,11.6,Light,Normal
2022-07-05,Srinagar,Srinagar,India,34.09,74.8,22.4,Moderate,Normal
2022-07-07,Srinagar,Srinagar,India,34.09,74.8,6.2,Light,Normal
2022-07-09,Srinagar,Srinagar,India,34.09,74.8,37.3,Heavy,Normal
2022-07-11,Srinagar,Srinagar,India,34.09,74.8,12.0,Light,Normal
2022-07-17,Srinagar,Srinagar,India,34.09,74.8,10.9,Light,Normal
2022-07-18,Srinagar,Srinagar,India,34.09,74.8,7.8,Light,Normal
2022-07-19,Srinagar,Srinagar,India,34.09,74.8,0.2,Trace,Normal
2022-07-20,Srinagar,Srinagar,India,34.09,74.8,1.8,Trace,Normal
2022-07-22,Srinagar,Srinagar,India,34.09,74.8,66.6,Extreme,Flood
2022-07-27,Srinagar,Srinagar,India,34.09,74.8,15.6,Moderate,Normal
2022-07-28,Srinagar,Srinagar,India,34.09,74.8,5.2,Light,Normal
2022-08-02,Srinagar,Srinagar,India,34.09,74.8,67.1,Extreme,Flood
2022-08-04,Srinagar,Srinagar,India,34.09,74.8,22.8,Moderate,Normal
2022-08-06,Srinagar,Srinagar,India,34.09,74.8,22.6,Moderate,Normal
2022-08-11,Srinagar,Srinagar,India,34.09,74.8,3.9,Trace,Normal
2022-08-16,Srinagar,Srinagar,India,34.09,74.8,0.4,Trace,Normal
2022-08-19,Srinagar,Srinagar,India,34.09,74.8,6.8,Light,Normal
2022-08-21,Srinagar,Srinagar,India,34.09,74.8,0.5,Trace,Normal
2022-08-24,Srinagar,Srinagar,India,34.09,74.8,0.7,Trace,Normal
2022-08-26,Srinagar,Srinagar,India,34.09,74.8,30.0,Moderate,Normal
2022-08-27,Srinagar,Srinagar,India,34.09,74.8,18.7,Moderate,Normal
2022-09-02,Srinagar,Srinagar,India,34.09,74.8,2.8,Trace,Normal
2022-09-03,Srinagar,Srinagar,India,34.09,74.8,29.2,Moderate,Normal
2022-09-09,Srinagar,Srinagar,India,34.09,74.8,7.3,Light,Normal
2022-09-14,Srinagar,Srinagar,India,34.09,74.8,0.3,Trace,Normal
2022-09-15,Srinagar,Srinagar,India,34.09,74.8,38.2,Heavy,Normal
2022-09-17,Srinagar,Srinagar,India,34.09,74.8,8.1,Light,Normal
2022-09-22,Srinagar,Srinagar,India,34.09,74.8,24.0,Moderate,Normal
2022-09-30,Srinagar,Srinagar,India,34.09,74.8,11.9,Light,Normal
2022-10-04,Srinagar,Srinagar,India,34.09,74.8,0.3,Trace,Normal
2022-10-06,Srinagar,Srinagar,India,34.09,74.8,1.1,Trace,Normal
2022-10-08,Srinagar,Srinagar,India,34.09,74.8,0.6,Trace,Normal
2022-10-10,Srinagar,Srinagar,India,34.09,74.8,2.6,Trace,Normal
2022-10-13,Srinagar,Srinagar,India,34.09,74.8,2.9,Trace,Normal
2022-10-15,Srinagar,Srinagar,India,34.09,74.8,2.4,Trace,Normal
2022-10-16,Srinagar,Srinagar,India,34.09,74.8,0.9,Trace,Normal
2022-10-20,Srinagar,Srinagar,India,34.09,74.8,2.0,Trace,Normal
2022-10-24,Srinagar,Srinagar,India,34.09,74.8,4.4,Trace,Normal
2022-10-25,Srinagar,Srinagar,India,34.09,74.8,0.6,Trace,Normal
2022-10-31,Srinagar,Srinagar,India,34.09,74.8,2.7,Trace,Normal
2022-11-06,Srinagar,Srinagar,India,34.09,74.8,0.2,Trace,Normal
2022-11-07,Srinagar,Srinagar,India,34.09,74.8,1.4,Trace,Normal
2022-11-09,Srinagar,Srinagar,India,34.09,74.8,1.6,Trace,Normal
2022-11-11,Srinagar,Srinagar,India,34.09,74.8,5.8,Light,Normal
2022-11-14,Srinagar,Srinagar,India,34.09,74.8,0.8,Trace,Normal
2022-11-18,Srinagar,Srinagar,India,34.09,74.8,1.9,Trace,Normal
2022-11-20,Srinagar,Srinagar,India,34.09,74.8,1.7,Trace,Normal
2022-11-21,Srinagar,Srinagar,India,34.09,74.8,0.3,Trace,Normal
2022-11-22,Srinagar,Srinagar,India,34.09,74.8,1.2,Trace,Normal
2022-11-23,Srinagar,Srinagar,India,34.09,74.8,7.9,Light,Normal
2022-11-30,Srinagar,Srinagar,India,34.09,74.8,0.2,Trace,Normal
2022-12-03,Srinagar,Srinagar,India,34.09,74.8,2.4,Trace,Normal
2022-12-07,Srinagar,Srinagar,India,34.09,74.8,1.2,Trace,Normal
2022-12-08,Srinagar,Srinagar,India,34.09,74.8,2.9,Trace,Normal
2022-12-10,Srinagar,Srinagar,India,34.09,74.8,1.0,Trace,Normal
2022-12-18,Srinagar,Srinagar,India,34.09,74.8,0.5,Trace,Normal
2022-12-19,Srinagar,Srinagar,India,34.09,74.8,2.4,Trace,Normal
2022-12-22,Srinagar,Srinagar,India,34.09,74.8,0.1,Trace,Normal
2022-12-25,Srinagar,Srinagar,India,34.09,74.8,0.1,Trace,Normal
2022-12-29,Srinagar,Srinagar,India,34.09,74.8,1.6,Trace,Normal
2023-01-01,Srinagar,Srinagar,India,34.09,74.8,1.8,Trace,Normal
2023-01-02,Srinagar,Srinagar,India,34.09,74.8,4.7,Trace,Normal
2023-01-03,Srinagar,Srinagar,India,34.09,74.8,0.6,Trace,Normal
2023-01-04,Srinagar,Srinagar,India,34.09,74.8,2.5,Trace,Normal
2023-01-05,Srinagar,Srinagar,India,34.09,74.8,1.3,Trace,Normal
2023-01-07,Srinagar,Srinagar,India,34.09,74.8,0.3,Trace,Normal
2023-01-09,Srinagar,Srinagar,India,34.09,74.8,0.4,Trace,Normal
2023-01-10,Srinagar,Srinagar,India,34.09,74.8,2.1,Trace,Normal
2023-01-13,Srinagar,Srinagar,India,34.09,74.8,1.0,Trace,Normal
2023-01-19,Srinagar,Srinagar,India,34.09,74.8,4.8,Trace,Normal
2023-01-22,Srinagar,Srinagar,India,34.09,74.8,1.3,Trace,Normal
2023-02-07,Srinagar,Srinagar,India,34.09,74.8,2.0,Trace,Normal
2023-02-09,Srinagar,Srinagar,India,34.09,74.8,0.9,Trace,Normal
2023-02-10,Srinagar,Srinagar,India,34.09,74.8,3.8,Trace,Normal
2023-02-12,Srinagar,Srinagar,India,34.09,74.8,1.3,Trace,Normal
2023-02-15,Srinagar,Srinagar,India,34.09,74.8,2.7,Trace,Normal
2023-02-16,Srinagar,Srinagar,India,34.09,74.8,13.2,Light,Normal
2023-02-18,Srinagar,Srinagar,India,34.09,74.8,1.0,Trace,Normal
2023-02-21,Srinagar,Srinagar,India,34.09,74.8,1.1,Trace,Normal
2023-02-22,Srinagar,Srinagar,India,34.09,74.8,0.6,Trace,Normal
2023-03-03,Srinagar,Srinagar,India,34.09,74.8,5.9,Light,Normal
2023-03-09,Srinagar,Srinagar,India,34.09,74.8,2.6,Trace,Normal
2023-03-12,Srinagar,Srinagar,India,34.09,74.8,3.2,Trace,Normal
2023-03-19,Srinagar,Srinagar,India,34.09,74.8,0.3,Trace,Normal
2023-03-20,Srinagar,Srinagar,India,34.09,74.8,0.9,Trace,Normal
2023-03-22,Srinagar,Srinagar,India,34.09,74.8,2.9,Trace,Normal
2023-03-27,Srinagar,Srinagar,India,34.09,74.8,6.3,Light,Normal
2023-03-30,Srinagar,Srinagar,India,34.09,74.8,0.7,Trace,Normal
2023-03-31,Srinagar,Srinagar,India,34.09,74.8,0.1,Trace,Normal
2023-04-09,Srinagar,Srinagar,India,34.09,74.8,10.7,Light,Normal
2023-04-11,Srinagar,Srinagar,India,34.09,74.8,2.8,Trace,Normal
2023-04-14,Srinagar,Srinagar,India,34.09,74.8,5.5,Light,Normal
2023-04-16,Srinagar,Srinagar,India,34.09,74.8,0.9,Trace,Normal
2023-04-21,Srinagar,Srinagar,India,34.09,74.8,1.0,Trace,Normal
2023-04-27,Srinagar,Srinagar,India,34.09,74.8,2.6,Trace,Normal
2023-04-28,Srinagar,Srinagar,India,34.09,74.8,0.3,Trace,Heatwave
2023-05-01,Srinagar,Srinagar,India,34.09,74.8,5.7,Light,Normal
2023-05-04,Srinagar,Srinagar,India,34.09,74.8,2.4,Trace,Normal
2023-05-05,Srinagar,Srinagar,India,34.09,74.8,0.4,Trace,Normal
2023-05-06,Srinagar,Srinagar,India,34.09,74.8,4.2,Trace,Normal
2023-05-11,Srinagar,Srinagar,India,34.09,74.8,0.4,Trace,Normal
2023-05-13,Srinagar,Srinagar,India,34.09,74.8,5.3,Light,Normal
2023-05-15,Srinagar,Srinagar,India,34.09,74.8,0.1,Trace,Normal
2023-05-17,Srinagar,Srinagar,India,34.09,74.8,2.6,Trace,Normal
2023-05-21,Srinagar,Srinagar,India,34.09,74.8,5.3,Light,Normal
2023-05-22,Srinagar,Srinagar,India,34.09,74.8,5.9,Light,Normal
2023-05-23,Srinagar,Srinagar,India,34.09,74.8,0.5,Trace,Normal
2023-05-24,Srinagar,Srinagar,India,34.09,74.8,2.1,Trace,Normal
2023-05-27,Srinagar,Srinagar,India,34.09,74.8,0.9,Trace,Normal
2023-06-01,Srinagar,Srinagar,India,34.09,74.8,5.1,Light,Normal
2023-06-05,Srinagar,Srinagar,India,34.09,74.8,0.7,Trace,Normal
2023-06-18,Srinagar,Srinagar,India,34.09,74.8,1.0,Trace,Normal
2023-06-19,Srinagar,Srinagar,India,34.09,74.8,2.1,Trace,Normal
2023-06-23,Srinagar,Srinagar,India,34.09,74.8,2.5,Trace,Normal
2023-06-24,Srinagar,Srinagar,India,34.09,74.8,0.4,Trace,Normal
2023-06-26,Srinagar,Srinagar,India,34.09,74.8,0.2,Trace,Normal
2023-06-28,Srinagar,Srinagar,India,34.09,74.8,7.4,Light,Normal
2023-07-04,Srinagar,Srinagar,India,34.09,74.8,8.5,Light,Normal
2023-07-06,Srinagar,Srinagar,India,34.09,74.8,5.9,Light,Normal
2023-07-07,Srinagar,Srinagar,India,34.09,74.8,12.1,Light,Normal
2023-07-11,Srinagar,Srinagar,India,34.09,74.8,0.5,Trace,Normal
2023-07-12,Srinagar,Srinagar,India,34.09,74.8,8.1,Light,Normal
2023-07-13,Srinagar,Srinagar,India,34.09,74.8,1.2,Trace,Normal
2023-07-15,Srinagar,Srinagar,India,34.09,74.8,7.8,Light,Normal
2023-07-19,Srinagar,Srinagar,India,34.09,74.8,1.9,Trace,Normal
2023-07-20,Srinagar,Srinagar,India,34.09,74.8,14.0,Light,Normal
2023-07-21,Srinagar,Srinagar,India,34.09,74.8,13.2,Light,Normal
2023-07-25,Srinagar,Srinagar,India,34.09,74.8,19.3,Moderate,Normal
2023-07-26,Srinagar,Srinagar,India,34.09,74.8,1.2,Trace,Normal
2023-07-27,Srinagar,Srinagar,India,34.09,74.8,55.9,Extreme,Flood
2023-07-28,Srinagar,Srinagar,India,34.09,74.8,7.0,Light,Normal
2023-07-29,Srinagar,Srinagar,India,34.09,74.8,3.4,Trace,Normal
2023-07-31,Srinagar,Srinagar,India,34.09,74.8,0.8,Trace,Normal
2023-08-01,Srinagar,Srinagar,India,34.09,74.8,17.5,Moderate,Normal
2023-08-04,Srinagar,Srinagar,India,34.09,74.8,7.8,Light,Normal
2023-08-06,Srinagar,Srinagar,India,34.09,74.8,4.1,Trace,Normal
2023-08-08,Srinagar,Srinagar,India,34.09,74.8,2.8,Trace,Normal
2023-08-09,Srinagar,Srinagar,India,34.09,74.8,6.9,Light,Normal
2023-08-11,Srinagar,Srinagar,India,34.09,74.8,4.3,Trace,Normal
2023-08-13,Srinagar,Srinagar,India,34.09,74.8,9.5,Light,Normal
2023-08-15,Srinagar,Srinagar,India,34.09,74.8,1.1,Trace,Normal
2023-08-17,Srinagar,Srinagar,India,34.09,74.8,24.2,Moderate,Normal
2023-08-21,Srinagar,Srinagar,India,34.09,74.8,1.6,Trace,Normal
2023-08-23,Srinagar,Srinagar,India,34.09,74.8,34.7,Heavy,Normal
2023-08-25,Srinagar,Srinagar,India,34.09,74.8,22.6,Moderate,Normal
2023-08-28,Srinagar,Srinagar,India,34.09,74.8,49.5,Heavy,Normal
2023-09-06,Srinagar,Srinagar,India,34.09,74.8,1.9,Trace,Normal
2023-09-10,Srinagar,Srinagar,India,34.09,74.8,31.6,Heavy,Normal
2023-09-11,Srinagar,Srinagar,India,34.09,74.8,14.9,Light,Normal
2023-09-18,Srinagar,Srinagar,India,34.09,74.8,22.3,Moderate,Normal
2023-09-19,Srinagar,Srinagar,India,34.09,74.8,6.1,Light,Normal
2023-09-20,Srinagar,Srinagar,India,34.09,74.8,18.6,Moderate,Normal
2023-09-22,Srinagar,Srinagar,India,34.09,74.8,2.5,Trace,Normal
2023-09-23,Srinagar,Srinagar,India,34.09,74.8,17.6,Moderate,Normal
2023-09-25,Srinagar,Srinagar,India,34.09,74.8,4.2,Trace,Normal
2023-10-04,Srinagar,Srinagar,India,34.09,74.8,2.5,Trace,Normal
2023-10-08,Srinagar,Srinagar,India,34.09,74.8,0.4,Trace,Normal
2023-10-10,Srinagar,Srinagar,India,34.09,74.8,0.4,Trace,Normal
2023-10-12,Srinagar,Srinagar,India,34.09,74.8,1.3,Trace,Normal
2023-10-16,Srinagar,Srinagar,India,34.09,74.8,1.3,Trace,Normal
2023-10-17,Srinagar,Srinagar,India,34.09,74.8,1.0,Trace,Normal
2023-10-25,Srinagar,Srinagar,India,34.09,74.8,1.8,Trace,Normal
2023-10-27,Srinagar,Srinagar,India,34.09,74.8,0.1,Trace,Normal
2023-11-06,Srinagar,Srinagar,India,34.09,74.8,1.2,Trace,Normal
2023-11-10,Srinagar,Srinagar,India,34.09,74.8,1.3,Trace,Normal
2023-11-11,Srinagar,Srinagar,India,34.09,74.8,0.2,Trace,Normal
2023-11-12,Srinagar,Srinagar,India,34.09,74.8,1.9,Trace,Normal
2023-11-13,Srinagar,Srinagar,India,34.09,74.8,1.5,Trace,Normal
2023-11-18,Srinagar,Srinagar,India,34.09,74.8,8.0,Light,Normal
2023-11-26,Srinagar,Srinagar,India,34.09,74.8,3.5,Trace,Normal
2023-11-27,Srinagar,Srinagar,India,34.09,74.8,1.7,Trace,Normal
2023-11-28,Srinagar,Srinagar,India,34.09,74.8,3.9,Trace,Normal
2023-12-02,Srinagar,Srinagar,India,34.09,74.8,0.1,Trace,Normal
2023-12-03,Srinagar,Srinagar,India,34.09,74.8,1.5,Trace,Normal
2023-12-07,Srinagar,Srinagar,India,34.09,74.8,0.4,Trace,Normal
2023-12-08,Srinagar,Srinagar,India,34.09,74.8,0.7,Trace,Normal
2023-12-10,Srinagar,Srinagar,India,34.09,74.8,2.6,Trace,Normal
2023-12-12,Srinagar,Srinagar,India,34.09,74.8,3.0,Trace,Normal
2023-12-20,Srinagar,Srinagar,India,34.09,74.8,1.7,Trace,Normal
2023-12-24,Srinagar,Srinagar,India,34.09,74.8,1.0,Trace,Normal
2023-12-28,Srinagar,Srinagar,India,34.09,74.8,1.1,Trace,Normal
2023-12-31,Srinagar,Srinagar,India,34.09,74.8,0.9,Trace,Normal
2022-01-03,Mumbai,Mumbai,India,19.07,72.88,3.4,Trace,Normal
2022-01-04,Mumbai,Mumbai,India,19.07,72.88,1.7,Trace,Normal
2022-01-05,Mumbai,Mumbai,India,19.07,72.88,5.7,Light,Normal
2022-01-13,Mumbai,Mumbai,India,19.07,72.88,0.2,Trace,Normal
2022-01-18,Mumbai,Mumbai,India,19.07,72.88,0.6,Trace,Normal
2022-01-22,Mumbai,Mumbai,India,19.07,72.88,7.7,Light,Normal
2022-01-24,Mumbai,Mumbai,India,19.07,72.88,8.3,Light,Normal
2022-01-27,Mumbai,Mumbai,India,19.07,72.88,11.4,Light,Normal
2022-01-29,Mumbai,Mumbai,India,19.07,72.88,2.4,Trace,Normal
2022-01-31,Mumbai,Mumbai,India,19.07,72.88,2.1,Trace,Normal
2022-02-03,Mumbai,Mumbai,India,19.07,72.88,3.2,Trace,Normal
2022-02-05,Mumbai,Mumbai,India,19.07,72.88,3.1,Trace,Normal
2022-02-06,Mumbai,Mumbai,India,19.07,72.88,2.7,Trace,Normal
2022-02-11,Mumbai,Mumbai,India,19.07,72.88,6.2,Light,Normal
2022-02-19,Mumbai,Mumbai,India,19.07,72.88,6.4,Light,Normal
2022-02-24,Mumbai,Mumbai,India,19.07,72.88,2.4,Trace,Heatwave
2022-03-01,Mumbai,Mumbai,India,19.07,72.88,2.5,Trace,Normal
2022-03-11,Mumbai,Mumbai,India,19.07,72.88,3.3,Trace,Heatwave
2022-03-12,Mumbai,Mumbai,India,19.07,72.88,1.9,Trace,Heatwave
2022-03-13,Mumbai,Mumbai,India,19.07,72.88,5.9,Light,Heatwave
2022-03-19,Mumbai,Mumbai,India,19.07,72.88,9.3,Light,Heatwave
2022-03-20,Mumbai,Mumbai,India,19.07,72.88,11.6,Light,Heatwave
2022-03-27,Mumbai,Mumbai,India,19.07,72.88,2.4,Trace,Heatwave
2022-04-01,Mumbai,Mumbai,India,19.07,72.88,5.4,Light,Heatwave
2022-04-02,Mumbai,Mumbai,India,19.07,72.88,7.0,Light,Heatwave
2022-04-03,Mumbai,Mumbai,India,19.07,72.88,0.1,Trace,Heatwave
2022-04-05,Mumbai,Mumbai,India,19.07,72.88,1.0,Trace,Heatwave
2022-04-06,Mumbai,Mumbai,India,19.07,72.88,0.7,Trace,Heatwave
2022-04-10,Mumbai,Mumbai,India,19.07,72.88,5.1,Light,Heatwave
2022-04-12,Mumbai,Mumbai,India,19.07,72.88,1.9,Trace,Heatwave
2022-04-13,Mumbai,Mumbai,India,19.07,72.88,8.0,Light,Heatwave
2022-04-15,Mumbai,Mumbai,India,19.07,72.88,5.5,Light,Heatwave
2022-04-18,Mumbai,Mumbai,India,19.07,72.88,0.5,Trace,Heatwave
2022-04-19,Mumbai,Mumbai,India,19.07,72.88,10.5,Light,Heatwave
2022-04-20,Mumbai,Mumbai,India,19.07,72.88,0.3,Trace,Heatwave
2022-04-21,Mumbai,Mumbai,India,19.07,72.88,2.6,Trace,Heatwave
2022-04-22,Mumbai,Mumbai,India,19.07,72.88,3.7,Trace,Heatwave
2022-04-23,Mumbai,Mumbai,India,19.07,72.88,1.0,Trace,Heatwave
2022-04-26,Mumbai,Mumbai,India,19.07,72.88,3.4,Trace,Heatwave
2022-04-28,Mumbai,Mumbai,India,19.07,72.88,0.2,Trace,Heatwave
2022-04-29,Mumbai,Mumbai,India,19.07,72.88,0.9,Trace,Heatwave
2022-04-30,Mumbai,Mumbai,India,19.07,72.88,4.0,Trace,Heatwave
2022-05-01,Mumbai,Mumbai,India,19.07,72.88,6.5,Light,Heatwave
2022-05-03,Mumbai,Mumbai,India,19.07,72.88,7.3,Light,Heatwave
2022-05-05,Mumbai,Mumbai,India,19.07,72.88,3.3,Trace,Heatwave
2022-05-07,Mumbai,Mumbai,India,19.07,72.88,0.9,Trace,Heatwave
2022-05-08,Mumbai,Mumbai,India,19.07,72.88,0.2,Trace,Heatwave
2022-05-12,Mumbai,Mumbai,India,19.07,72.88,0.5,Trace,Heatwave
2022-05-16,Mumbai,Mumbai,India,19.07,72.88,1.7,Trace,Heatwave
2022-05-17,Mumbai,Mumbai,India,19.07,72.88,5.3,Light,Heatwave
2022-05-21,Mumbai,Mumbai,India,19.07,72.88,8.6,Light,Heatwave
2022-05-25,Mumbai,Mumbai,India,19.07,72.88,1.8,Trace,Heatwave
2022-05-26,Mumbai,Mumbai,India,19.07,72.88,1.5,Trace,Heatwave
2022-05-27,Mumbai,Mumbai,India,19.07,72.88,5.6,Light,Heatwave
2022-05-29,Mumbai,Mumbai,India,19.07,72.88,4.1,Trace,Heatwave
2022-06-01,Mumbai,Mumbai,India,19.07,72.88,3.7,Trace,Heatwave
2022-06-02,Mumbai,Mumbai,India,19.07,72.88,15.1,Moderate,Heatwave
2022-06-03,Mumbai,Mumbai,India,19.07,72.88,5.7,Light,Heatwave
2022-06-06,Mumbai,Mumbai,India,19.07,72.88,0.8,Trace,Normal
2022-06-12,Mumbai,Mumbai,India,19.07,72.88,14.6,Light,Heatwave
2022-06-14,Mumbai,Mumbai,India,19.07,72.88,4.7,Trace,Normal
2022-06-16,Mumbai,Mumbai,India,19.07,72.88,5.8,Light,Normal
2022-06-17,Mumbai,Mumbai,India,19.07,72.88,3.1,Trace,Normal
2022-06-19,Mumbai,Mumbai,India,19.07,72.88,1.1,Trace,Normal
2022-06-20,Mumbai,Mumbai,India,19.07,72.88,3.7,Trace,Normal
2022-06-23,Mumbai,Mumbai,India,19.07,72.88,0.8,Trace,Normal
2022-06-25,Mumbai,Mumbai,India,19.07,72.88,4.1,Trace,Normal
2022-06-26,Mumbai,Mumbai,India,19.07,72.88,0.5,Trace,Normal
2022-06-28,Mumbai,Mumbai,India,19.07,72.88,3.5,Trace,Normal
2022-06-30,Mumbai,Mumbai,India,19.07,72.88,7.5,Light,Normal
2022-07-01,Mumbai,Mumbai,India,19.07,72.88,29.7,Moderate,Normal
2022-07-07,Mumbai,Mumbai,India,19.07,72.88,29.9,Moderate,Normal
2022-07-08,Mumbai,Mumbai,India,19.07,72.88,20.8,Moderate,Normal
2022-07-18,Mumbai,Mumbai,India,19.07,72.88,2.2,Trace,Normal
2022-07-19,Mumbai,Mumbai,India,19.07,72.88,53.1,Extreme,Flood
2022-07-27,Mumbai,Mumbai,India,19.07,72.88,25.4,Moderate,Normal
2022-07-29,Mumbai,Mumbai,India,19.07,72.88,6.5,Light,Normal
2022-07-31,Mumbai,Mumbai,India,19.07,72.88,17.3,Moderate,Normal
2022-08-01,Mumbai,Mumbai,India,19.07,72.88,6.7,Light,Normal
2022-08-02,Mumbai,Mumbai,India,19.07,72.88,22.2,Moderate,Normal
2022-08-03,Mumbai,Mumbai,India,19.07,72.88,0.3,Trace,Normal
2022-08-07,Mumbai,Mumbai,India,19.07,72.88,4.5,Trace,Normal
2022-08-09,Mumbai,Mumbai,India,19.07,72.88,10.3,Light,Normal
2022-08-11,Mumbai,Mumbai,India,19.07,72.88,20.7,Moderate,Normal
2022-08-12,Mumbai,Mumbai,India,19.07,72.88,16.2,Moderate,Normal
2022-08-13,Mumbai,Mumbai,India,19.07,72.88,40.0,Heavy,Normal
2022-08-16,Mumbai,Mumbai,India,19.07,72.88,3.8,Trace,Normal
2022-08-20,Mumbai,Mumbai,India,19.07,72.88,3.7,Trace,Normal
2022-08-21,Mumbai,Mumbai,India,19.07,72.88,36.8,Heavy,Normal
2022-08-22,Mumbai,Mumbai,India,19.07,72.88,10.6,Light,Normal
2022-08-24,Mumbai,Mumbai,India,19.07,72.88,29.3,Moderate,Normal
2022-08-29,Mumbai,Mumbai,India,19.07,72.88,46.8,Heavy,Normal
2022-09-05,Mumbai,Mumbai,India,19.07,72.88,0.8,Trace,Normal
2022-09-06,Mumbai,Mumbai,India,19.07,72.88,29.8,Moderate,Normal
2022-09-08,Mumbai,Mumbai,India,19.07,72.88,5.8,Light,Normal
2022-09-12,Mumbai,Mumbai,India,19.07,72.88,50.7,Extreme,Flood
2022-09-15,Mumbai,Mumbai,India,19.07,72.88,5.3,Light,Normal
2022-09-16,Mumbai,Mumbai,India,19.07,72.88,5.6,Light,Normal
2022-09-17,Mumbai,Mumbai,India,19.07,72.88,11.8,Light,Normal
2022-09-18,Mumbai,Mumbai,India,19.07,72.88,23.5,Moderate,Normal
2022-09-19,Mumbai,Mumbai,India,19.07,72.88,4.9,Trace,Normal
2022-09-20,Mumbai,Mumbai,India,19.07,72.88,1.4,Trace,Normal
2022-09-23,Mumbai,Mumbai,India,19.07,72.88,110.3,Extreme,Flood
2022-09-25,Mumbai,Mumbai,India,19.07,72.88,18.3,Moderate,Normal
2022-09-26,Mumbai,Mumbai,India,19.07,72.88,8.2,Light,Normal
2022-09-27,Mumbai,Mumbai,India,19.07,72.88,3.4,Trace,Normal
2022-09-30,Mumbai,Mumbai,India,19.07,72.88,5.0,Trace,Normal
2022-10-04,Mumbai,Mumbai,India,19.07,72.88,13.3,Light,Normal
2022-10-09,Mumbai,Mumbai,India,19.07,72.88,3.1,Trace,Normal
2022-10-11,Mumbai,Mumbai,India,19.07,72.88,0.1,Trace,Normal
2022-10-27,Mumbai,Mumbai,India,19.07,72.88,5.5,Light,Normal
2022-10-28,Mumbai,Mumbai,India,19.07,72.88,1.0,Trace,Normal
2022-11-01,Mumbai,Mumbai,India,19.07,72.88,6.2,Light,Normal
2022-11-07,Mumbai,Mumbai,India,19.07,72.88,11.4,Light,Normal
2022-11-08,Mumbai,Mumbai,India,19.07,72.88,0.3,Trace,Normal
2022-11-10,Mumbai,Mumbai,India,19.07,72.88,3.3,Trace,Normal
2022-11-13,Mumbai,Mumbai,India,19.07,72.88,4.7,Trace,Normal
2022-11-19,Mumbai,Mumbai,India,19.07,72.88,0.5,Trace,Normal
2022-11-25,Mumbai,Mumbai,India,19.07,72.88,2.5,Trace,Normal
2022-11-27,Mumbai,Mumbai,India,19.07,72.88,6.2,Light,Normal
2022-11-29,Mumbai,Mumbai,India,19.07,72.88,2.2,Trace,Normal
2022-12-02,Mumbai,Mumbai,India,19.07,72.88,5.8,Light,Normal
2022-12-03,Mumbai,Mumbai,India,19.07,72.88,4.2,Trace,Normal
2022-12-09,Mumbai,Mumbai,India,19.07,72.88,0.1,Trace,Normal
2022-12-12,Mumbai,Mumbai,India,19.07,72.88,5.3,Light,Normal
2022-12-13,Mumbai,Mumbai,India,19.07,72.88,0.1,Trace,Normal
2022-12-14,Mumbai,Mumbai,India,19.07,72.88,3.4,Trace,Normal
2022-12-16,Mumbai,Mumbai,India,19.07,72.88,6.2,Light,Normal
2022-12-17,Mumbai,Mumbai,India,19.07,72.88,0.7,Trace,Normal
2022-12-19,Mumbai,Mumbai,India,19.07,72.88,5.7,Light,Normal
2022-12-20,Mumbai,Mumbai,India,19.07,72.88,3.4,Trace,Normal
2022-12-22,Mumbai,Mumbai,India,19.07,72.88,2.5,Trace,Normal
2022-12-25,Mumbai,Mumbai,India,19.07,72.88,6.2,Light,Normal
2022-12-27,Mumbai,Mumbai,India,19.07,72.88,10.0,Light,Normal
2022-12-28,Mumbai,Mumbai,India,19.07,72.88,8.7,Light,Normal
2023-01-06,Mumbai,Mumbai,India,19.07,72.88,1.3,Trace,Normal
2023-01-12,Mumbai,Mumbai,India,19.07,72.88,0.8,Trace,Normal
2023-01-13,Mumbai,Mumbai,India,19.07,72.88,1.4,Trace,Normal
2023-01-18,Mumbai,Mumbai,India,19.07,72.88,17.1,Moderate,Normal
2023-01-27,Mumbai,Mumbai,India,19.07,72.88,4.9,Trace,Normal
2023-01-28,Mumbai,Mumbai,India,19.07,72.88,0.6,Trace,Normal
2023-02-03,Mumbai,Mumbai,India,19.07,72.88,2.7,Trace,Normal
2023-02-04,Mumbai,Mumbai,India,19.07,72.88,2.1,Trace,Normal
2023-02-06,Mumbai,Mumbai,India,19.07,72.88,2.0,Trace,Normal
2023-02-08,Mumbai,Mumbai,India,19.07,72.88,7.1,Light,Normal
2023-02-10,Mumbai,Mumbai,India,19.07,72.88,2.2,Trace,Normal
2023-02-11,Mumbai,Mumbai,India,19.07,72.88,7.7,Light,Normal
2023-02-12,Mumbai,Mumbai,India,19.07,72.88,1.8,Trace,Normal
2023-02-14,Mumbai,Mumbai,India,19.07,72.88,4.8,Trace,Normal
2023-02-15,Mumbai,Mumbai,India,19.07,72.88,1.5,Trace,Normal
2023-02-16,Mumbai,Mumbai,India,19.07,72.88,8.5,Light,Normal
2023-02-17,Mumbai,Mumbai,India,19.07,72.88,3.6,Trace,Normal
2023-02-18,Mumbai,Mumbai,India,19.07,72.88,14.1,Light,Normal
2023-02-19,Mumbai,Mumbai,India,19.07,72.88,3.9,Trace,Normal
2023-02-23,Mumbai,Mumbai,India,19.07,72.88,0.8,Trace,Normal
2023-02-24,Mumbai,Mumbai,India,19.07,72.88,2.9,Trace,Normal
2023-02-25,Mumbai,Mumbai,India,19.07,72.88,3.4,Trace,Normal
2023-02-26,Mumbai,Mumbai,India,19.07,72.88,3.7,Trace,Normal
2023-02-28,Mumbai,Mumbai,India,19.07,72.88,1.1,Trace,Heatwave
2023-03-02,Mumbai,Mumbai,India,19.07,72.88,3.4,Trace,Normal
2023-03-05,Mumbai,Mumbai,India,19.07,72.88,4.7,Trace,Normal
2023-03-06,Mumbai,Mumbai,India,19.07,72.88,2.8,Trace,Heatwave
2023-03-07,Mumbai,Mumbai,India,19.07,72.88,7.2,Light,Heatwave
2023-03-11,Mumbai,Mumbai,India,19.07,72.88,1.5,Trace,Heatwave
2023-03-12,Mumbai,Mumbai,India,19.07,72.88,8.3,Light,Normal
2023-03-14,Mumbai,Mumbai,India,19.07,72.88,1.1,Trace,Heatwave
2023-03-15,Mumbai,Mumbai,India,19.07,72.88,2.1,Trace,Heatwave
2023-03-18,Mumbai,Mumbai,India,19.07,72.88,2.7,Trace,Heatwave
2023-03-24,Mumbai,Mumbai,India,19.07,72.88,10.2,Light,Heatwave
2023-03-26,Mumbai,Mumbai,India,19.07,72.88,1.3,Trace,Heatwave
2023-03-27,Mumbai,Mumbai,India,19.07,72.88,0.3,Trace,Heatwave
2023-03-28,Mumbai,Mumbai,India,19.07,72.88,5.2,Light,Heatwave
2023-04-07,Mumbai,Mumbai,India,19.07,72.88,0.5,Trace,Heatwave
2023-04-08,Mumbai,Mumbai,India,19.07,72.88,0.6,Trace,Heatwave
2023-04-09,Mumbai,Mumbai,India,19.07,72.88,10.1,Light,Heatwave
2023-04-16,Mumbai,Mumbai,India,19.07,72.88,15.0,Light,Heatwave
2023-04-17,Mumbai,Mumbai,India,19.07,72.88,2.7,Trace,Heatwave
2023-04-21,Mumbai,Mumbai,India,19.07,72.88,7.1,Light,Heatwave
2023-04-23,Mumbai,Mumbai,India,19.07,72.88,0.5,Trace,Heatwave
2023-04-25,Mumbai,Mumbai,India,19.07,72.88,2.8,Trace,Heatwave
2023-04-27,Mumbai,Mumbai,India,19.07,72.88,14.0,Light,Heatwave
2023-05-01,Mumbai,Mumbai,India,19.07,72.88,6.3,Light,Heatwave
2023-05-02,Mumbai,Mumbai,India,19.07,72.88,3.9,Trace,Heatwave
2023-05-03,Mumbai,Mumbai,India,19.07,72.88,4.2,Trace,Heatwave
2023-05-05,Mumbai,Mumbai,India,19.07,72.88,2.6,Trace,Heatwave
2023-05-06,Mumbai,Mumbai,India,19.07,72.88,0.6,Trace,Heatwave
2023-05-10,Mumbai,Mumbai,India,19.07,72.88,4.6,Trace,Heatwave
2023-05-13,Mumbai,Mumbai,India,19.07,72.88,0.3,Trace,Heatwave
2023-05-14,Mumbai,Mumbai,India,19.07,72.88,17.0,Moderate,Heatwave
2023-05-16,Mumbai,Mumbai,India,19.07,72.88,11.3,Light,Heatwave
2023-05-17,Mumbai,Mumbai,India,19.07,72.88,2.0,Trace,Heatwave
2023-05-19,Mumbai,Mumbai,India,19.07,72.88,1.8,Trace,Heatwave
2023-05-20,Mumbai,Mumbai,India,19.07,72.88,2.3,Trace,Heatwave
2023-05-21,Mumbai,Mumbai,India,19.07,72.88,18.5,Moderate,Heatwave
2023-05-24,Mumbai,Mumbai,India,19.07,72.88,4.6,Trace,Heatwave
2023-05-25,Mumbai,Mumbai,India,19.07,72.88,8.0,Light,Heatwave
2023-05-28,Mumbai,Mumbai,India,19.07,72.88,1.3,Trace,Heatwave
2023-06-02,Mumbai,Mumbai,India,19.07,72.88,3.7,Trace,Heatwave
2023-06-06,Mumbai,Mumbai,India,19.07,72.88,0.5,Trace,Heatwave
2023-06-09,Mumbai,Mumbai,India,19.07,72.88,6.2,Light,Normal
2023-06-10,Mumbai,Mumbai,India,19.07,72.88,18.5,Moderate,Normal
2023-06-11,Mumbai,Mumbai,India,19.07,72.88,5.6,Light,Normal
2023-06-13,Mumbai,Mumbai,India,19.07,72.88,0.8,Trace,Normal
2023-06-22,Mumbai,Mumbai,India,19.07,72.88,10.1,Light,Normal
2023-06-23,Mumbai,Mumbai,India,19.07,72.88,8.3,Light,Normal
2023-06-25,Mumbai,Mumbai,India,19.07,72.88,0.3,Trace,Normal
2023-06-29,Mumbai,Mumbai,India,19.07,72.88,0.6,Trace,Normal
2023-06-30,Mumbai,Mumbai,India,19.07,72.88,4.1,Trace,Normal
2023-07-01,Mumbai,Mumbai,India,19.07,72.88,13.6,Light,Normal
2023-07-12,Mumbai,Mumbai,India,19.07,72.88,26.0,Moderate,Normal
2023-07-20,Mumbai,Mumbai,India,19.07,72.88,2.3,Trace,Normal
2023-07-22,Mumbai,Mumbai,India,19.07,72.88,40.5,Heavy,Normal
2023-07-23,Mumbai,Mumbai,India,19.07,72.88,15.7,Moderate,Normal
2023-07-26,Mumbai,Mumbai,India,19.07,72.88,34.6,Heavy,Normal
2023-07-27,Mumbai,Mumbai,India,19.07,72.88,2.2,Trace,Normal
2023-07-28,Mumbai,Mumbai,India,19.07,72.88,14.4,Light,Normal
2023-07-29,Mumbai,Mumbai,India,19.07,72.88,41.9,Heavy,Normal
2023-08-03,Mumbai,Mumbai,India,19.07,72.88,21.2,Moderate,Normal
2023-08-05,Mumbai,Mumbai,India,19.07,72.88,35.1,Heavy,Normal
2023-08-06,Mumbai,Mumbai,India,19.07,72.88,70.6,Extreme,Flood
2023-08-08,Mumbai,Mumbai,India,19.07,72.88,19.4,Moderate,Normal
2023-08-11,Mumbai,Mumbai,India,19.07,72.88,22.1,Moderate,Normal
2023-08-19,Mumbai,Mumbai,India,19.07,72.88,15.0,Light,Normal
2023-08-20,Mumbai,Mumbai,India,19.07,72.88,5.8,Light,Normal
2023-08-24,Mumbai,Mumbai,India,19.07,72.88,120.2,Extreme,Flood
2023-08-25,Mumbai,Mumbai,India,19.07,72.88,14.5,Light,Normal
2023-08-26,Mumbai,Mumbai,India,19.07,72.88,15.0,Light,Normal
2023-08-29,Mumbai,Mumbai,India,19.07,72.88,1.3,Trace,Normal
2023-09-03,Mumbai,Mumbai,India,19.07,72.88,38.9,Heavy,Normal
2023-09-06,Mumbai,Mumbai,India,19.07,72.88,6.6,Light,Normal
2023-09-08,Mumbai,Mumbai,India,19.07,72.88,20.1,Moderate,Normal
2023-09-09,Mumbai,Mumbai,India,19.07,72.88,33.7,Heavy,Normal
2023-09-13,Mumbai,Mumbai,India,19.07,72.88,24.2,Moderate,Normal
2023-09-14,Mumbai,Mumbai,India,19.07,72.88,10.2,Light,Normal
2023-09-15,Mumbai,Mumbai,India,19.07,72.88,62.6,Extreme,Flood
2023-09-16,Mumbai,Mumbai,India,19.07,72.88,62.8,Extreme,Flood
2023-09-18,Mumbai,Mumbai,India,19.07,72.88,11.3,Light,Normal
2023-09-19,Mumbai,Mumbai,India,19.07,72.88,0.7,Trace,Normal
2023-09-21,Mumbai,Mumbai,India,19.07,72.88,45.4,Heavy,Normal
2023-09-24,Mumbai,Mumbai,India,19.07,72.88,41.8,Heavy,Normal
2023-09-25,Mumbai,Mumbai,India,19.07,72.88,3.1,Trace,Normal
2023-09-30,Mumbai,Mumbai,India,19.07,72.88,16.4,Moderate,Normal
2023-10-04,Mumbai,Mumbai,India,19.07,72.88,6.7,Light,Normal
2023-10-08,Mumbai,Mumbai,India,19.07,72.88,1.0,Trace,Normal
2023-10-12,Mumbai,Mumbai,India,19.07,72.88,9.5,Light,Normal
2023-10-19,Mumbai,Mumbai,India,19.07,72.88,5.2,Light,Normal
2023-10-20,Mumbai,Mumbai,India,19.07,72.88,2.6,Trace,Normal
2023-10-24,Mumbai,Mumbai,India,19.07,72.88,9.5,Light,Normal
2023-10-30,Mumbai,Mumbai,India,19.07,72.88,2.6,Trace,Normal
2023-11-02,Mumbai,Mumbai,India,19.07,72.88,2.5,Trace,Normal
2023-11-05,Mumbai,Mumbai,India,19.07,72.88,4.6,Trace,Normal
2023-11-07,Mumbai,Mumbai,India,19.07,72.88,4.4,Trace,Normal
2023-11-09,Mumbai,Mumbai,India,19.07,72.88,0.3,Trace,Normal
2023-11-10,Mumbai,Mumbai,India,19.07,72.88,0.9,Trace,Normal
2023-11-11,Mumbai,Mumbai,India,19.07,72.88,1.4,Trace,Normal
2023-11-16,Mumbai,Mumbai,India,19.07,72.88,7.1,Light,Normal
2023-11-19,Mumbai,Mumbai,India,19.07,72.88,21.8,Moderate,Normal
2023-11-22,Mumbai,Mumbai,India,19.07,72.88,3.8,Trace,Normal
2023-11-26,Mumbai,Mumbai,India,19.07,72.88,7.7,Light,Normal
2023-11-28,Mumbai,Mumbai,India,19.07,72.88,1.3,Trace,Normal
2023-12-01,Mumbai,Mumbai,India,19.07,72.88,5.1,Light,Normal
2023-12-03,Mumbai,Mumbai,India,19.07,72.88,4.4,Trace,Normal
2023-12-05,Mumbai,Mumbai,India,19.07,72.88,5.1,Light,Normal
2023-12-07,Mumbai,Mumbai,India,19.07,72.88,9.5,Light,Normal
2023-12-08,Mumbai,Mumbai,India,19.07,72.88,7.7,Light,Normal
2023-12-10,Mumbai,Mumbai,India,19.07,72.88,1.1,Trace,Normal
2023-12-16,Mumbai,Mumbai,India,19.07,72.88,1.5,Trace,Normal
2023-12-17,Mumbai,Mumbai,India,19.07,72.88,3.7,Trace,Normal
2023-12-18,Mumbai,Mumbai,India,19.07,72.88,1.5,Trace,Normal
2023-12-24,Mumbai,Mumbai,India,19.07,72.88,5.3,Light,Normal
2023-12-27,Mumbai,Mumbai,India,19.07,72.88,2.2,Trace,Normal
2023-12-29,Mumbai,Mumbai,India,19.07,72.88,1.1,Trace,Normal
2022-01-01,Kabul,Kabul,Afghanistan,34.53,69.17,0.2,Trace,Normal
2022-01-02,Kabul,Kabul,Afghanistan,34.53,69.17,0.9,Trace,Normal
2022-01-05,Kabul,Kabul,Afghanistan,34.53,69.17,0.3,Trace,Normal
2022-01-06,Kabul,Kabul,Afghanistan,34.53,69.17,1.1,Trace,Normal
2022-01-08,Kabul,Kabul,Afghanistan,34.53,69.17,0.7,Trace,Normal
2022-01-13,Kabul,Kabul,Afghanistan,34.53,69.17,1.0,Trace,Normal
2022-01-18,Kabul,Kabul,Afghanistan,34.53,69.17,0.1,Trace,Normal
2022-01-20,Kabul,Kabul,Afghanistan,34.53,69.17,0.2,Trace,Normal
2022-01-24,Kabul,Kabul,Afghanistan,34.53,69.17,0.6,Trace,Normal
2022-01-27,Kabul,Kabul,Afghanistan,34.53,69.17,1.0,Trace,Normal
2022-01-31,Kabul,Kabul,Afghanistan,34.53,69.17,0.8,Trace,Normal
2022-02-05,Kabul,Kabul,Afghanistan,34.53,69.17,0.2,Trace,Normal
2022-02-06,Kabul,Kabul,Afghanistan,34.53,69.17,0.9,Trace,Normal
2022-02-13,Kabul,Kabul,Afghanistan,34.53,69.17,0.7,Trace,Normal
2022-02-17,Kabul,Kabul,Afghanistan,34.53,69.17,1.8,Trace,Normal
2022-02-23,Kabul,Kabul,Afghanistan,34.53,69.17,1.3,Trace,Normal
2022-02-26,Kabul,Kabul,Afghanistan,34.53,69.17,1.1,Trace,Normal
2022-03-02,Kabul,Kabul,Afghanistan,34.53,69.17,0.3,Trace,Normal
2022-03-03,Kabul,Kabul,Afghanistan,34.53,69.17,0.1,Trace,Normal
2022-03-04,Kabul,Kabul,Afghanistan,34.53,69.17,0.1,Trace,Normal
2022-03-08,Kabul,Kabul,Afghanistan,34.53,69.17,1.0,Trace,Normal
2022-03-09,Kabul,Kabul,Afghanistan,34.53,69.17,0.6,Trace,Normal
2022-03-15,Kabul,Kabul,Afghanistan,34.53,69.17,0.2,Trace,Normal
2022-03-16,Kabul,Kabul,Afghanistan,34.53,69.17,1.3,Trace,Normal
2022-03-17,Kabul,Kabul,Afghanistan,34.53,69.17,1.1,Trace,Normal
2022-03-19,Kabul,Kabul,Afghanistan,34.53,69.17,0.2,Trace,Normal
2022-03-21,Kabul,Kabul,Afghanistan,34.53,69.17,0.3,Trace,Normal
2022-03-24,Kabul,Kabul,Afghanistan,34.53,69.17,0.3,Trace,Normal
2022-03-25,Kabul,Kabul,Afghanistan,34.53,69.17,0.8,Trace,Normal
2022-03-30,Kabul,Kabul,Afghanistan,34.53,69.17,0.8,Trace,Normal
2022-04-02,Kabul,Kabul,Afghanistan,34.53,69.17,0.5,Trace,Normal
2022-04-04,Kabul,Kabul,Afghanistan,34.53,69.17,2.2,Trace,Normal
2022-04-13,Kabul,Kabul,Afghanistan,34.53,69.17,1.5,Trace,Normal
2022-04-17,Kabul,Kabul,Afghanistan,34.53,69.17,0.6,Trace,Normal
2022-04-21,Kabul,Kabul,Afghanistan,34.53,69.17,3.3,Trace,Heatwave
2022-04-24,Kabul,Kabul,Afghanistan,34.53,69.17,0.5,Trace,Normal
2022-05-01,Kabul,Kabul,Afghanistan,34.53,69.17,0.1,Trace,Normal
2022-05-02,Kabul,Kabul,Afghanistan,34.53,69.17,0.9,Trace,Normal
2022-05-04,Kabul,Kabul,Afghanistan,34.53,69.17,1.3,Trace,Normal
2022-05-05,Kabul,Kabul,Afghanistan,34.53,69.17,0.1,Trace,Normal
2022-05-06,Kabul,Kabul,Afghanistan,34.53,69.17,0.5,Trace,Normal
2022-05-13,Kabul,Kabul,Afghanistan,34.53,69.17,0.7,Trace,Normal
2022-05-14,Kabul,Kabul,Afghanistan,34.53,69.17,0.5,Trace,Normal
2022-05-16,Kabul,Kabul,Afghanistan,34.53,69.17,0.8,Trace,Normal
2022-05-18,Kabul,Kabul,Afghanistan,34.53,69.17,0.9,Trace,Normal
2022-05-22,Kabul,Kabul,Afghanistan,34.53,69.17,0.3,Trace,Normal
2022-05-26,Kabul,Kabul,Afghanistan,34.53,69.17,1.4,Trace,Normal
2022-05-29,Kabul,Kabul,Afghanistan,34.53,69.17,0.8,Trace,Normal
2022-05-30,Kabul,Kabul,Afghanistan,34.53,69.17,0.4,Trace,Normal
2022-06-02,Kabul,Kabul,Afghanistan,34.53,69.17,0.7,Trace,Normal
2022-06-03,Kabul,Kabul,Afghanistan,34.53,69.17,0.6,Trace,Normal
2022-06-05,Kabul,Kabul,Afghanistan,34.53,69.17,1.6,Trace,Normal
2022-06-06,Kabul,Kabul,Afghanistan,34.53,69.17,1.4,Trace,Normal
2022-06-08,Kabul,Kabul,Afghanistan,34.53,69.17,0.3,Trace,Normal
2022-06-14,Kabul,Kabul,Afghanistan,34.53,69.17,0.4,Trace,Normal
2022-06-15,Kabul,Kabul,Afghanistan,34.53,69.17,0.9,Trace,Normal
2022-06-16,Kabul,Kabul,Afghanistan,34.53,69.17,0.4,Trace,Normal
2022-06-18,Kabul,Kabul,Afghanistan,34.53,69.17,0.3,Trace,Normal
2022-06-22,Kabul,Kabul,Afghanistan,34.53,69.17,1.9,Trace,Normal
2022-06-26,Kabul,Kabul,Afghanistan,34.53,69.17,1.9,Trace,Normal
2022-06-28,Kabul,Kabul,Afghanistan,34.53,69.17,0.1,Trace,Normal
2022-06-30,Kabul,Kabul,Afghanistan,34.53,69.17,4.8,Trace,Normal
2022-07-02,Kabul,Kabul,Afghanistan,34.53,69.17,1.0,Trace,Normal
2022-07-06,Kabul,Kabul,Afghanistan,34.53,69.17,0.4,Trace,Normal
2022-07-15,Kabul,Kabul,Afghanistan,34.53,69.17,0.7,Trace,Normal
2022-07-19,Kabul,Kabul,Afghanistan,34.53,69.17,0.7,Trace,Normal
2022-07-21,Kabul,Kabul,Afghanistan,34.53,69.17,0.8,Trace,Normal
2022-07-25,Kabul,Kabul,Afghanistan,34.53,69.17,0.6,Trace,Normal
2022-07-27,Kabul,Kabul,Afghanistan,34.53,69.17,0.3,Trace,Normal
2022-07-28,Kabul,Kabul,Afghanistan,34.53,69.17,0.9,Trace,Normal
2022-07-29,Kabul,Kabul,Afghanistan,34.53,69.17,0.2,Trace,Normal
2022-07-30,Kabul,Kabul,Afghanistan,34.53,69.17,1.2,Trace,Normal
2022-08-01,Kabul,Kabul,Afghanistan,34.53,69.17,0.9,Trace,Normal
2022-08-02,Kabul,Kabul,Afghanistan,34.53,69.17,1.0,Trace,Normal
2022-08-06,Kabul,Kabul,Afghanistan,34.53,69.17,0.1,Trace,Normal
2022-08-07,Kabul,Kabul,Afghanistan,34.53,69.17,1.7,Trace,Normal
2022-08-08,Kabul,Kabul,Afghanistan,34.53,69.17,0.4,Trace,Normal
2022-08-09,Kabul,Kabul,Afghanistan,34.53,69.17,0.7,Trace,Normal
2022-08-11,Kabul,Kabul,Afghanistan,34.53,69.17,0.3,Trace,Normal
2022-08-12,Kabul,Kabul,Afghanistan,34.53,69.17,2.9,Trace,Normal
2022-08-14,Kabul,Kabul,Afghanistan,34.53,69.17,0.1,Trace,Normal
2022-08-17,Kabul,Kabul,Afghanistan,34.53,69.17,0.5,Trace,Normal
2022-08-18,Kabul,Kabul,Afghanistan,34.53,69.17,0.5,Trace,Normal
2022-08-20,Kabul,Kabul,Afghanistan,34.53,69.17,0.4,Trace,Normal
2022-08-23,Kabul,Kabul,Afghanistan,34.53,69.17,0.3,Trace,Normal
2022-08-24,Kabul,Kabul,Afghanistan,34.53,69.17,1.2,Trace,Normal
2022-08-27,Kabul,Kabul,Afghanistan,34.53,69.17,0.4,Trace,Normal
2022-08-29,Kabul,Kabul,Afghanistan,34.53,69.17,0.5,Trace,Normal
2022-09-01,Kabul,Kabul,Afghanistan,34.53,69.17,0.8,Trace,Normal
2022-09-03,Kabul,Kabul,Afghanistan,34.53,69.17,1.8,Trace,Normal
2022-09-15,Kabul,Kabul,Afghanistan,34.53,69.17,0.9,Trace,Normal
2022-09-19,Kabul,Kabul,Afghanistan,34.53,69.17,0.5,Trace,Normal
2022-09-22,Kabul,Kabul,Afghanistan,34.53,69.17,0.8,Trace,Normal
2022-09-24,Kabul,Kabul,Afghanistan,34.53,69.17,0.4,Trace,Normal
2022-09-26,Kabul,Kabul,Afghanistan,34.53,69.17,0.2,Trace,Normal
2022-09-28,Kabul,Kabul,Afghanistan,34.53,69.17,1.2,Trace,Normal
2022-09-29,Kabul,Kabul,Afghanistan,34.53,69.17,0.1,Trace,Normal
2022-10-02,Kabul,Kabul,Afghanistan,34.53,69.17,0.5,Trace,Normal
2022-10-05,Kabul,Kabul,Afghanistan,34.53,69.17,2.2,Trace,Normal
2022-10-06,Kabul,Kabul,Afghanistan,34.53,69.17,0.4,Trace,Normal
2022-10-11,Kabul,Kabul,Afghanistan,34.53,69.17,1.1,Trace,Normal
2022-10-12,Kabul,Kabul,Afghanistan,34.53,69.17,0.2,Trace,Normal
2022-10-16,Kabul,Kabul,Afghanistan,34.53,69.17,0.8,Trace,Normal
2022-10-19,Kabul,Kabul,Afghanistan,34.53,69.17,0.3,Trace,Normal
2022-10-21,Kabul,Kabul,Afghanistan,34.53,69.17,0.2,Trace,Normal
2022-10-22,Kabul,Kabul,Afghanistan,34.53,69.17,0.3,Trace,Normal
2022-10-26,Kabul,Kabul,Afghanistan,34.53,69.17,1.1,Trace,Normal
2022-11-03,Kabul,Kabul,Afghanistan,34.53,69.17,1.0,Trace,Normal
2022-11-10,Kabul,Kabul,Afghanistan,34.53,69.17,0.8,Trace,Normal
2022-11-11,Kabul,Kabul,Afghanistan,34.53,69.17,0.6,Trace,Normal
2022-11-14,Kabul,Kabul,Afghanistan,34.53,69.17,1.6,Trace,Normal
2022-11-15,Kabul,Kabul,Afghanistan,34.53,69.17,0.1,Trace,Normal
2022-11-17,Kabul,Kabul,Afghanistan,34.53,69.17,0.9,Trace,Normal
2022-11-24,Kabul,Kabul,Afghanistan,34.53,69.17,0.3,Trace,Normal
2022-11-25,Kabul,Kabul,Afghanistan,34.53,69.17,0.4,Trace,Normal
2022-11-26,Kabul,Kabul,Afghanistan,34.53,69.17,0.9,Trace,Normal
2022-12-06,Kabul,Kabul,Afghanistan,34.53,69.17,3.1,Trace,Normal
2022-12-10,Kabul,Kabul,Afghanistan,34.53,69.17,0.2,Trace,Normal
2022-12-12,Kabul,Kabul,Afghanistan,34.53,69.17,1.0,Trace,Normal
2022-12-13,Kabul,Kabul,Afghanistan,34.53,69.17,0.8,Trace,Normal
2022-12-14,Kabul,Kabul,Afghanistan,34.53,69.17,0.1,Trace,Normal
2022-12-18,Kabul,Kabul,Afghanistan,34.53,69.17,0.5,Trace,Normal
2022-12-21,Kabul,Kabul,Afghanistan,34.53,69.17,1.1,Trace,Normal
2022-12-22,Kabul,Kabul,Afghanistan,34.53,69.17,0.3,Trace,Normal
2022-12-23,Kabul,Kabul,Afghanistan,34.53,69.17,0.8,Trace,Normal
2022-12-25,Kabul,Kabul,Afghanistan,34.53,69.17,0.4,Trace,Normal
2022-12-26,Kabul,Kabul,Afghanistan,34.53,69.17,0.7,Trace,Normal
2022-12-31,Kabul,Kabul,Afghanistan,34.53,69.17,0.6,Trace,Normal
2023-01-05,Kabul,Kabul,Afghanistan,34.53,69.17,0.2,Trace,Normal
2023-01-10,Kabul,Kabul,Afghanistan,34.53,69.17,0.3,Trace,Normal
2023-01-14,Kabul,Kabul,Afghanistan,34.53,69.17,1.2,Trace,Normal
2023-01-17,Kabul,Kabul,Afghanistan,34.53,69.17,0.2,Trace,Normal
2023-01-18,Kabul,Kabul,Afghanistan,34.53,69.17,1.7,Trace,Normal
2023-01-25,Kabul,Kabul,Afghanistan,34.53,69.17,3.0,Trace,Normal
2023-01-26,Kabul,Kabul,Afghanistan,34.53,69.17,1.3,Trace,Normal
2023-01-29,Kabul,Kabul,Afghanistan,34.53,69.17,0.2,Trace,Normal
2023-01-31,Kabul,Kabul,Afghanistan,34.53,69.17,0.6,Trace,Normal
2023-02-14,Kabul,Kabul,Afghanistan,34.53,69.17,2.1,Trace,Normal
2023-02-19,Kabul,Kabul,Afghanistan,34.53,69.17,0.7,Trace,Normal
2023-02-21,Kabul,Kabul,Afghanistan,34.53,69.17,0.8,Trace,Normal
2023-02-22,Kabul,Kabul,Afghanistan,34.53,69.17,0.8,Trace,Normal
2023-02-27,Kabul,Kabul,Afghanistan,34.53,69.17,1.2,Trace,Normal
2023-03-02,Kabul,Kabul,Afghanistan,34.53,69.17,0.2,Trace,Normal
2023-03-06,Kabul,Kabul,Afghanistan,34.53,69.17,1.4,Trace,Normal
2023-03-07,Kabul,Kabul,Afghanistan,34.53,69.17,0.1,Trace,Normal
2023-03-11,Kabul,Kabul,Afghanistan,34.53,69.17,0.6,Trace,Normal
2023-03-12,Kabul,Kabul,Afghanistan,34.53,69.17,0.1,Trace,Normal
2023-03-21,Kabul,Kabul,Afghanistan,34.53,69.17,1.3,Trace,Heatwave
2023-03-22,Kabul,Kabul,Afghanistan,34.53,69.17,2.2,Trace,Normal
2023-03-23,Kabul,Kabul,Afghanistan,34.53,69.17,1.3,Trace,Normal
2023-03-29,Kabul,Kabul,Afghanistan,34.53,69.17,0.2,Trace,Heatwave
2023-04-02,Kabul,Kabul,Afghanistan,34.53,69.17,0.5,Trace,Normal
2023-04-09,Kabul,Kabul,Afghanistan,34.53,69.17,0.6,Trace,Normal
2023-04-10,Kabul,Kabul,Afghanistan,34.53,69.17,2.1,Trace,Normal
2023-04-11,Kabul,Kabul,Afghanistan,34.53,69.17,1.2,Trace,Heatwave
2023-04-15,Kabul,Kabul,Afghanistan,34.53,69.17,0.5,Trace,Normal
2023-04-16,Kabul,Kabul,Afghanistan,34.53,69.17,1.2,Trace,Normal
2023-04-21,Kabul,Kabul,Afghanistan,34.53,69.17,0.2,Trace,Normal
2023-04-24,Kabul,Kabul,Afghanistan,34.53,69.17,0.7,Trace,Normal
2023-04-27,Kabul,Kabul,Afghanistan,34.53,69.17,0.3,Trace,Normal
2023-05-02,Kabul,Kabul,Afghanistan,34.53,69.17,2.0,Trace,Normal
2023-05-08,Kabul,Kabul,Afghanistan,34.53,69.17,1.1,Trace,Normal
2023-05-09,Kabul,Kabul,Afghanistan,34.53,69.17,0.1,Trace,Heatwave
2023-05-11,Kabul,Kabul,Afghanistan,34.53,69.17,1.0,Trace,Normal
2023-05-12,Kabul,Kabul,Afghanistan,34.53,69.17,0.2,Trace,Normal
2023-05-14,Kabul,Kabul,Afghanistan,34.53,69.17,0.1,Trace,Normal
2023-05-20,Kabul,Kabul,Afghanistan,34.53,69.17,0.5,Trace,Normal
2023-05-21,Kabul,Kabul,Afghanistan,34.53,69.17,1.9,Trace,Normal
2023-05-26,Kabul,Kabul,Afghanistan,34.53,69.17,0.4,Trace,Normal
2023-05-28,Kabul,Kabul,Afghanistan,34.53,69.17,0.2,Trace,Normal
2023-05-29,Kabul,Kabul,Afghanistan,34.53,69.17,1.1,Trace,Normal
2023-05-31,Kabul,Kabul,Afghanistan,34.53,69.17,0.2,Trace,Normal
2023-06-03,Kabul,Kabul,Afghanistan,34.53,69.17,1.3,Trace,Normal
2023-06-06,Kabul,Kabul,Afghanistan,34.53,69.17,0.8,Trace,Normal
2023-06-13,Kabul,Kabul,Afghanistan,34.53,69.17,0.5,Trace,Normal
2023-06-14,Kabul,Kabul,Afghanistan,34.53,69.17,1.5,Trace,Normal
2023-06-15,Kabul,Kabul,Afghanistan,34.53,69.17,0.4,Trace,Normal
2023-06-17,Kabul,Kabul,Afghanistan,34.53,69.17,0.5,Trace,Normal
2023-06-18,Kabul,Kabul,Afghanistan,34.53,69.17,1.8,Trace,Normal
2023-06-20,Kabul,Kabul,Afghanistan,34.53,69.17,0.4,Trace,Normal
2023-06-27,Kabul,Kabul,Afghanistan,34.53,69.17,0.1,Trace,Normal
2023-06-30,Kabul,Kabul,Afghanistan,34.53,69.17,0.2,Trace,Normal
2023-07-02,Kabul,Kabul,Afghanistan,34.53,69.17,0.3,Trace,Normal
2023-07-03,Kabul,Kabul,Afghanistan,34.53,69.17,0.5,Trace,Normal
2023-07-04,Kabul,Kabul,Afghanistan,34.53,69.17,0.7,Trace,Normal
2023-07-05,Kabul,Kabul,Afghanistan,34.53,69.17,1.7,Trace,Normal
2023-07-06,Kabul,Kabul,Afghanistan,34.53,69.17,0.6,Trace,Normal
2023-07-09,Kabul,Kabul,Afghanistan,34.53,69.17,1.2,Trace,Normal
2023-07-13,Kabul,Kabul,Afghanistan,34.53,69.17,0.3,Trace,Normal
2023-07-14,Kabul,Kabul,Afghanistan,34.53,69.17,0.1,Trace,Normal
2023-07-18,Kabul,Kabul,Afghanistan,34.53,69.17,2.8,Trace,Normal
2023-07-20,Kabul,Kabul,Afghanistan,34.53,69.17,0.1,Trace,Normal
2023-07-22,Kabul,Kabul,Afghanistan,34.53,69.17,1.0,Trace,Normal
2023-07-23,Kabul,Kabul,Afghanistan,34.53,69.17,0.1,Trace,Normal
2023-07-24,Kabul,Kabul,Afghanistan,34.53,69.17,0.5,Trace,Normal
2023-08-01,Kabul,Kabul,Afghanistan,34.53,69.17,3.3,Trace,Normal
2023-08-05,Kabul,Kabul,Afghanistan,34.53,69.17,0.6,Trace,Normal
2023-08-10,Kabul,Kabul,Afghanistan,34.53,69.17,0.9,Trace,Normal
2023-08-15,Kabul,Kabul,Afghanistan,34.53,69.17,0.9,Trace,Normal
2023-08-19,Kabul,Kabul,Afghanistan,34.53,69.17,0.2,Trace,Normal
2023-08-20,Kabul,Kabul,Afghanistan,34.53,69.17,1.5,Trace,Normal
2023-08-24,Kabul,Kabul,Afghanistan,34.53,69.17,0.2,Trace,Normal
2023-08-26,Kabul,Kabul,Afghanistan,34.53,69.17,0.3,Trace,Normal
2023-08-27,Kabul,Kabul,Afghanistan,34.53,69.17,0.7,Trace,Normal
2023-08-28,Kabul,Kabul,Afghanistan,34.53,69.17,0.1,Trace,Normal
2023-08-29,Kabul,Kabul,Afghanistan,34.53,69.17,1.1,Trace,Normal
2023-08-30,Kabul,Kabul,Afghanistan,34.53,69.17,0.5,Trace,Normal
2023-08-31,Kabul,Kabul,Afghanistan,34.53,69.17,3.2,Trace,Normal
2023-09-01,Kabul,Kabul,Afghanistan,34.53,69.17,0.4,Trace,Normal
2023-09-05,Kabul,Kabul,Afghanistan,34.53,69.17,0.5,Trace,Normal
2023-09-08,Kabul,Kabul,Afghanistan,34.53,69.17,0.6,Trace,Normal
2023-09-10,Kabul,Kabul,Afghanistan,34.53,69.17,0.6,Trace,Normal
2023-09-12,Kabul,Kabul,Afghanistan,34.53,69.17,1.7,Trace,Normal
2023-09-13,Kabul,Kabul,Afghanistan,34.53,69.17,0.8,Trace,Normal
2023-09-14,Kabul,Kabul,Afghanistan,34.53,69.17,0.2,Trace,Normal
2023-09-15,Kabul,Kabul,Afghanistan,34.53,69.17,0.8,Trace,Normal
2023-09-21,Kabul,Kabul,Afghanistan,34.53,69.17,0.2,Trace,Normal
2023-09-22,Kabul,Kabul,Afghanistan,34.53,69.17,0.7,Trace,Normal
2023-09-23,Kabul,Kabul,Afghanistan,34.53,69.17,1.0,Trace,Normal
2023-09-29,Kabul,Kabul,Afghanistan,34.53,69.17,0.4,Trace,Normal
2023-10-07,Kabul,Kabul,Afghanistan,34.53,69.17,1.9,Trace,Normal
2023-10-10,Kabul,Kabul,Afghanistan,34.53,69.17,0.3,Trace,Normal
2023-10-15,Kabul,Kabul,Afghanistan,34.53,69.17,2.1,Trace,Normal
2023-10-18,Kabul,Kabul,Afghanistan,34.53,69.17,0.6,Trace,Normal
2023-10-19,Kabul,Kabul,Afghanistan,34.53,69.17,0.8,Trace,Normal
2023-10-25,Kabul,Kabul,Afghanistan,34.53,69.17,0.1,Trace,Normal
2023-10-27,Kabul,Kabul,Afghanistan,34.53,69.17,1.3,Trace,Normal
2023-10-29,Kabul,Kabul,Afghanistan,34.53,69.17,1.2,Trace,Normal
2023-11-01,Kabul,Kabul,Afghanistan,34.53,69.17,1.5,Trace,Normal
2023-11-02,Kabul,Kabul,Afghanistan,34.53,69.17,0.3,Trace,Normal
2023-11-03,Kabul,Kabul,Afghanistan,34.53,69.17,0.2,Trace,Normal
2023-11-06,Kabul,Kabul,Afghanistan,34.53,69.17,1.2,Trace,Normal
2023-11-09,Kabul,Kabul,Afghanistan,34.53,69.17,0.9,Trace,Normal
2023-11-14,Kabul,Kabul,Afghanistan,34.53,69.17,0.1,Trace,Normal
2023-11-16,Kabul,Kabul,Afghanistan,34.53,69.17,0.3,Trace,Normal
2023-11-20,Kabul,Kabul,Afghanistan,34.53,69.17,0.1,Trace,Normal
2023-11-25,Kabul,Kabul,Afghanistan,34.53,69.17,1.1,Trace,Normal
2023-11-26,Kabul,Kabul,Afghanistan,34.53,69.17,0.8,Trace,Normal
2023-11-28,Kabul,Kabul,Afghanistan,34.53,69.17,0.3,Trace,Normal
2023-12-01,Kabul,Kabul,Afghanistan,34.53,69.17,0.6,Trace,Normal
2023-12-02,Kabul,Kabul,Afghanistan,34.53,69.17,1.7,Trace,Normal
2023-12-06,Kabul,Kabul,Afghanistan,34.53,69.17,3.9,Trace,Normal
2023-12-07,Kabul,Kabul,Afghanistan,34.53,69.17,0.3,Trace,Normal
2023-12-08,Kabul,Kabul,Afghanistan,34.53,69.17,1.7,Trace,Normal
2023-12-10,Kabul,Kabul,Afghanistan,34.53,69.17,1.9,Trace,Normal
2023-12-16,Kabul,Kabul,Afghanistan,34.53,69.17,0.7,Trace,Normal
2023-12-23,Kabul,Kabul,Afghanistan,34.53,69.17,0.1,Trace,Normal
2023-12-24,Kabul,Kabul,Afghanistan,34.53,69.17,0.8,Trace,Normal
2023-12-28,Kabul,Kabul,Afghanistan,34.53,69.17,0.8,Trace,Normal
2023-12-29,Kabul,Kabul,Afghanistan,34.53,69.17,1.0,Trace,Normal
2022-01-04,Kandahar,Kandahar,Afghanistan,31.61,65.71,1.8,Trace,Normal
2022-01-08,Kandahar,Kandahar,Afghanistan,31.61,65.71,0.1,Trace,Normal
2022-01-16,Kandahar,Kandahar,Afghanistan,31.61,65.71,0.5,Trace,Normal
2022-01-21,Kandahar,Kandahar,Afghanistan,31.61,65.71,0.4,Trace,Normal
2022-01-25,Kandahar,Kandahar,Afghanistan,31.61,65.71,0.1,Trace,Normal
2022-01-29,Kandahar,Kandahar,Afghanistan,31.61,65.71,0.2,Trace,Normal
2022-02-01,Kandahar,Kandahar,Afghanistan,31.61,65.71,0.6,Trace,Normal
2022-02-02,Kandahar,Kandahar,Afghanistan,31.61,65.71,0.3,Trace,Normal
2022-02-05,Kandahar,Kandahar,Afghanistan,31.61,65.71,0.5,Trace,Normal
2022-02-11,Kandahar,Kandahar,Afghanistan,31.61,65.71,0.9,Trace,Normal
2022-02-19,Kandahar,Kandahar,Afghanistan,31.61,65.71,0.2,Trace,Normal
2022-02-22,Kandahar,Kandahar,Afghanistan,31.61,65.71,0.3,Trace,Normal
2022-02-28,Kandahar,Kandahar,Afghanistan,31.61,65.71,0.2,Trace,Normal
2022-03-03,Kandahar,Kandahar,Afghanistan,31.61,65.71,0.1,Trace,Normal
2022-03-04,Kandahar,Kandahar,Afghanistan,31.61,65.71,0.1,Trace,Normal
2022-03-10,Kandahar,Kandahar,Afghanistan,31.61,65.71,0.4,Trace,Normal
2022-03-12,Kandahar,Kandahar,Afghanistan,31.61,65.71,0.1,Trace,Heatwave
2022-03-14,Kandahar,Kandahar,Afghanistan,31.61,65.71,0.1,Trace,Heatwave
2022-03-16,Kandahar,Kandahar,Afghanistan,31.61,65.71,0.4,Trace,Heatwave
2022-03-18,Kandahar,Kandahar,Afghanistan,31.61,65.71,0.3,Trace,Normal
2022-03-21,Kandahar,Kandahar,Afghanistan,31.61,65.71,0.8,Trace,Normal
2022-03-22,Kandahar,Kandahar,Afghanistan,31.61,65.71,0.1,Trace,Heatwave
2022-03-23,Kandahar,Kandahar,Afghanistan,31.61,65.71,0.2,Trace,Normal
2022-03-27,Kandahar,Kandahar,Afghanistan,31.61,65.71,0.2,Trace,Heatwave
2022-03-28,Kandahar,Kandahar,Afghanistan,31.61,65.71,0.7,Trace,Heatwave
2022-03-29,Kandahar,Kandahar,Afghanistan,31.61,65.71,0.1,Trace,Normal
2022-03-30,Kandahar,Kandahar,Afghanistan,31.61,65.71,0.6,Trace,Heatwave
2022-04-04,Kandahar,Kandahar,Afghanistan,31.61,65.71,1.5,Trace,Heatwave
2022-04-07,Kandahar,Kandahar,Afghanistan,31.61,65.71,0.6,Trace,Normal
2022-04-11,Kandahar,Kandahar,Afghanistan,31.61,65.71,0.2,Trace,Normal
2022-04-12,Kandahar,Kandahar,Afghanistan,31.61,65.71,0.2,Trace,Heatwave
2022-04-18,Kandahar,Kandahar,Afghanistan,31.61,65.71,0.2,Trace,Normal
2022-04-20,Kandahar,Kandahar,Afghanistan,31.61,65.71,2.9,Trace,Heatwave
2022-04-25,Kandahar,Kandahar,Afghanistan,31.61,65.71,0.1,Trace,Heatwave
2022-05-02,Kandahar,Kandahar,Afghanistan,31.61,65.71,1.6,Trace,Heatwave
2022-05-03,Kandahar,Kandahar,Afghanistan,31.61,65.71,0.8,Trace,Heatwave
2022-05-09,Kandahar,Kandahar,Afghanistan,31.61,65.71,0.2,Trace,Normal
2022-05-10,Kandahar,Kandahar,Afghanistan,31.61,65.71,0.3,Trace,Heatwave
2022-05-30,Kandahar,Kandahar,Afghanistan,31.61,65.71,0.2,Trace,Heatwave
2022-06-05,Kandahar,Kandahar,Afghanistan,31.61,65.71,0.4,Trace,Normal
2022-06-14,Kandahar,Kandahar,Afghanistan,31.61,65.71,1.1,Trace,Normal
2022-06-17,Kandahar,Kandahar,Afghanistan,31.61,65.71,0.2,Trace,Normal
2022-06-22,Kandahar,Kandahar,Afghanistan,31.61,65.71,0.1,Trace,Normal
2022-06-25,Kandahar,Kandahar,Afghanistan,31.61,65.71,1.3,Trace,Normal
2022-06-28,Kandahar,Kandahar,Afghanistan,31.61,65.71,0.5,Trace,Normal
2022-06-29,Kandahar,Kandahar,Afghanistan,31.61,65.71,0.3,Trace,Normal
2022-07-03,Kandahar,Kandahar,Afghanistan,31.61,65.71,0.3,Trace,Normal
2022-07-07,Kandahar,Kandahar,Afghanistan,31.61,65.71,1.1,Trace,Normal
2022-07-25,Kandahar,Kandahar,Afghanistan,31.61,65.71,1.0,Trace,Normal
2022-07-28,Kandahar,Kandahar,Afghanistan,31.61,65.71,0.1,Trace,Normal
2022-08-03,Kandahar,Kandahar,Afghanistan,31.61,65.71,0.8,Trace,Normal
2022-08-04,Kandahar,Kandahar,Afghanistan,31.61,65.71,0.7,Trace,Normal
2022-08-16,Kandahar,Kandahar,Afghanistan,31.61,65.71,0.6,Trace,Normal
2022-08-17,Kandahar,Kandahar,Afghanistan,31.61,65.71,0.6,Trace,Normal
2022-08-23,Kandahar,Kandahar,Afghanistan,31.61,65.71,1.2,Trace,Normal
2022-09-06,Kandahar,Kandahar,Afghanistan,31.61,65.71,0.1,Trace,Normal
2022-09-07,Kandahar,Kandahar,Afghanistan,31.61,65.71,2.1,Trace,Normal
2022-09-11,Kandahar,Kandahar,Afghanistan,31.61,65.71,0.8,Trace,Normal
2022-09-12,Kandahar,Kandahar,Afghanistan,31.61,65.71,1.0,Trace,Normal
2022-09-13,Kandahar,Kandahar,Afghanistan,31.61,65.71,0.9,Trace,Normal
2022-09-21,Kandahar,Kandahar,Afghanistan,31.61,65.71,0.3,Trace,Normal
2022-09-23,Kandahar,Kandahar,Afghanistan,31.61,65.71,0.3,Trace,Normal
2022-09-27,Kandahar,Kandahar,Afghanistan,31.61,65.71,0.1,Trace,Normal
2022-10-02,Kandahar,Kandahar,Afghanistan,31.61,65.71,0.4,Trace,Normal
2022-10-06,Kandahar,Kandahar,Afghanistan,31.61,65.71,0.4,Trace,Normal
2022-10-07,Kandahar,Kandahar,Afghanistan,31.61,65.71,1.1,Trace,Normal
2022-10-08,Kandahar,Kandahar,Afghanistan,31.61,65.71,0.6,Trace,Normal
2022-10-13,Kandahar,Kandahar,Afghanistan,31.61,65.71,0.3,Trace,Normal
2022-10-18,Kandahar,Kandahar,Afghanistan,31.61,65.71,0.2,Trace,Normal
2022-10-19,Kandahar,Kandahar,Afghanistan,31.61,65.71,1.1,Trace,Normal
2022-10-25,Kandahar,Kandahar,Afghanistan,31.61,65.71,0.1,Trace,Normal
2022-10-26,Kandahar,Kandahar,Afghanistan,31.61,65.71,0.2,Trace,Normal
2022-10-27,Kandahar,Kandahar,Afghanistan,31.61,65.71,0.5,Trace,Normal
2022-11-01,Kandahar,Kandahar,Afghanistan,31.61,65.71,0.2,Trace,Normal
2022-11-06,Kandahar,Kandahar,Afghanistan,31.61,65.71,0.4,Trace,Normal
2022-11-10,Kandahar,Kandahar,Afghanistan,31.61,65.71,0.1,Trace,Normal
2022-11-12,Kandahar,Kandahar,Afghanistan,31.61,65.71,0.6,Trace,Normal
2022-11-16,Kandahar,Kandahar,Afghanistan,31.61,65.71,0.7,Trace,Normal
2022-11-18,Kandahar,Kandahar,Afghanistan,31.61,65.71,0.3,Trace,Normal
2022-11-20,Kandahar,Kandahar,Afghanistan,31.61,65.71,0.2,Trace,Normal
2022-11-22,Kandahar,Kandahar,Afghanistan,31.61,65.71,0.7,Trace,Normal
2022-11-28,Kandahar,Kandahar,Afghanistan,31.61,65.71,0.5,Trace,Normal
2022-12-06,Kandahar,Kandahar,Afghanistan,31.61,65.71,0.3,Trace,Normal
2022-12-08,Kandahar,Kandahar,Afghanistan,31.61,65.71,0.7,Trace,Normal
2022-12-09,Kandahar,Kandahar,Afghanistan,31.61,65.71,0.6,Trace,Normal
2022-12-14,Kandahar,Kandahar,Afghanistan,31.61,65.71,0.2,Trace,Normal
2022-12-15,Kandahar,Kandahar,Afghanistan,31.61,65.71,2.5,Trace,Normal
2022-12-18,Kandahar,Kandahar,Afghanistan,31.61,65.71,0.7,Trace,Normal
2022-12-21,Kandahar,Kandahar,Afghanistan,31.61,65.71,2.5,Trace,Normal
2022-12-26,Kandahar,Kandahar,Afghanistan,31.61,65.71,0.1,Trace,Normal
2022-12-29,Kandahar,Kandahar,Afghanistan,31.61,65.71,1.7,Trace,Normal
2022-12-30,Kandahar,Kandahar,Afghanistan,31.61,65.71,0.2,Trace,Normal
2023-01-03,Kandahar,Kandahar,Afghanistan,31.61,65.71,0.4,Trace,Normal
2023-01-07,Kandahar,Kandahar,Afghanistan,31.61,65.71,0.4,Trace,Normal
2023-01-12,Kandahar,Kandahar,Afghanistan,31.61,65.71,0.4,Trace,Normal
2023-01-18,Kandahar,Kandahar,Afghanistan,31.61,65.71,0.8,Trace,Normal
2023-01-20,Kandahar,Kandahar,Afghanistan,31.61,65.71,0.7,Trace,Normal
2023-01-22,Kandahar,Kandahar,Afghanistan,31.61,65.71,0.2,Trace,Normal
2023-01-23,Kandahar,Kandahar,Afghanistan,31.61,65.71,1.2,Trace,Normal
2023-01-25,Kandahar,Kandahar,Afghanistan,31.61,65.71,2.3,Trace,Normal
2023-01-26,Kandahar,Kandahar,Afghanistan,31.61,65.71,0.3,Trace,Normal
2023-01-29,Kandahar,Kandahar,Afghanistan,31.61,65.71,0.1,Trace,Normal
2023-02-08,Kandahar,Kandahar,Afghanistan,31.61,65.71,0.3,Trace,Normal
2023-02-10,Kandahar,Kandahar,Afghanistan,31.61,65.71,0.1,Trace,Normal
2023-02-15,Kandahar,Kandahar,Afghanistan,31.61,65.71,0.1,Trace,Normal
2023-02-21,Kandahar,Kandahar,Afghanistan,31.61,65.71,1.5,Trace,Normal
2023-02-23,Kandahar,Kandahar,Afghanistan,31.61,65.71,1.1,Trace,Heatwave
2023-02-24,Kandahar,Kandahar,Afghanistan,31.61,65.71,0.3,Trace,Normal
2023-03-02,Kandahar,Kandahar,Afghanistan,31.61,65.71,0.1,Trace,Normal
2023-03-04,Kandahar,Kandahar,Afghanistan,31.61,65.71,0.4,Trace,Normal
2023-03-07,Kandahar,Kandahar,Afghanistan,31.61,65.71,0.5,Trace,Heatwave
2023-03-10,Kandahar,Kandahar,Afghanistan,31.61,65.71,0.2,Trace,Heatwave
2023-03-11,Kandahar,Kandahar,Afghanistan,31.61,65.71,2.7,Trace,Normal
2023-03-13,Kandahar,Kandahar,Afghanistan,31.61,65.71,0.1,Trace,Normal
2023-03-18,Kandahar,Kandahar,Afghanistan,31.61,65.71,0.2,Trace,Heatwave
2023-03-22,Kandahar,Kandahar,Afghanistan,31.61,65.71,0.5,Trace,Heatwave
2023-04-01,Kandahar,Kandahar,Afghanistan,31.61,65.71,0.5,Trace,Heatwave
2023-04-02,Kandahar,Kandahar,Afghanistan,31.61,65.71,0.2,Trace,Heatwave
2023-04-14,Kandahar,Kandahar,Afghanistan,31.61,65.71,0.2,Trace,Heatwave
2023-04-16,Kandahar,Kandahar,Afghanistan,31.61,65.71,0.1,Trace,Heatwave
2023-04-18,Kandahar,Kandahar,Afghanistan,31.61,65.71,0.6,Trace,Normal
2023-04-19,Kandahar,Kandahar,Afghanistan,31.61,65.71,0.5,Trace,Heatwave
2023-04-23,Kandahar,Kandahar,Afghanistan,31.61,65.71,0.5,Trace,Heatwave
2023-04-30,Kandahar,Kandahar,Afghanistan,31.61,65.71,0.4,Trace,Heatwave
2023-05-04,Kandahar,Kandahar,Afghanistan,31.61,65.71,0.6,Trace,Heatwave
2023-05-06,Kandahar,Kandahar,Afghanistan,31.61,65.71,0.1,Trace,Heatwave
2023-05-10,Kandahar,Kandahar,Afghanistan,31.61,65.71,0.5,Trace,Heatwave
2023-05-11,Kandahar,Kandahar,Afghanistan,31.61,65.71,0.2,Trace,Normal
2023-05-12,Kandahar,Kandahar,Afghanistan,31.61,65.71,0.6,Trace,Heatwave
2023-05-19,Kandahar,Kandahar,Afghanistan,31.61,65.71,0.5,Trace,Normal
2023-05-20,Kandahar,Kandahar,Afghanistan,31.61,65.71,0.6,Trace,Heatwave
2023-05-21,Kandahar,Kandahar,Afghanistan,31.61,65.71,0.4,Trace,Heatwave
2023-05-22,Kandahar,Kandahar,Afghanistan,31.61,65.71,0.3,Trace,Heatwave
2023-05-24,Kandahar,Kandahar,Afghanistan,31.61,65.71,0.4,Trace,Heatwave
2023-05-25,Kandahar,Kandahar,Afghanistan,31.61,65.71,0.1,Trace,Heatwave
2023-05-28,Kandahar,Kandahar,Afghanistan,31.61,65.71,0.7,Trace,Heatwave
2023-06-04,Kandahar,Kandahar,Afghanistan,31.61,65.71,0.2,Trace,Normal
2023-06-07,Kandahar,Kandahar,Afghanistan,31.61,65.71,0.7,Trace,Heatwave
2023-06-10,Kandahar,Kandahar,Afghanistan,31.61,65.71,0.3,Trace,Normal
2023-06-11,Kandahar,Kandahar,Afghanistan,31.61,65.71,0.5,Trace,Normal
2023-06-12,Kandahar,Kandahar,Afghanistan,31.61,65.71,2.0,Trace,Normal
2023-06-14,Kandahar,Kandahar,Afghanistan,31.61,65.71,0.7,Trace,Normal
2023-06-15,Kandahar,Kandahar,Afghanistan,31.61,65.71,0.8,Trace,Normal
2023-06-18,Kandahar,Kandahar,Afghanistan,31.61,65.71,0.9,Trace,Normal
2023-06-21,Kandahar,Kandahar,Afghanistan,31.61,65.71,0.1,Trace,Normal
2023-06-24,Kandahar,Kandahar,Afghanistan,31.61,65.71,1.2,Trace,Normal
2023-06-28,Kandahar,Kandahar,Afghanistan,31.61,65.71,0.3,Trace,Normal
2023-07-07,Kandahar,Kandahar,Afghanistan,31.61,65.71,0.1,Trace,Normal
2023-07-08,Kandahar,Kandahar,Afghanistan,31.61,65.71,0.2,Trace,Normal
2023-07-12,Kandahar,Kandahar,Afghanistan,31.61,65.71,0.5,Trace,Normal
2023-07-15,Kandahar,Kandahar,Afghanistan,31.61,65.71,0.3,Trace,Normal
2023-07-17,Kandahar,Kandahar,Afghanistan,31.61,65.71,0.4,Trace,Normal
2023-07-18,Kandahar,Kandahar,Afghanistan,31.61,65.71,0.8,Trace,Normal
2023-07-22,Kandahar,Kandahar,Afghanistan,31.61,65.71,0.2,Trace,Normal
2023-07-24,Kandahar,Kandahar,Afghanistan,31.61,65.71,0.2,Trace,Normal
2023-07-25,Kandahar,Kandahar,Afghanistan,31.61,65.71,0.9,Trace,Normal
2023-07-26,Kandahar,Kandahar,Afghanistan,31.61,65.71,0.5,Trace,Normal
2023-07-28,Kandahar,Kandahar,Afghanistan,31.61,65.71,0.6,Trace,Normal
2023-07-29,Kandahar,Kandahar,Afghanistan,31.61,65.71,0.3,Trace,Normal
2023-08-04,Kandahar,Kandahar,Afghanistan,31.61,65.71,0.1,Trace,Normal
2023-08-08,Kandahar,Kandahar,Afghanistan,31.61,65.71,0.2,Trace,Normal
2023-08-13,Kandahar,Kandahar,Afghanistan,31.61,65.71,0.2,Trace,Normal
2023-08-14,Kandahar,Kandahar,Afghanistan,31.61,65.71,0.2,Trace,Normal
2023-08-15,Kandahar,Kandahar,Afghanistan,31.61,65.71,0.7,Trace,Normal
2023-08-19,Kandahar,Kandahar,Afghanistan,31.61,65.71,0.6,Trace,Normal
2023-08-22,Kandahar,Kandahar,Afghanistan,31.61,65.71,0.2,Trace,Normal
2023-08-23,Kandahar,Kandahar,Afghanistan,31.61,65.71,0.1,Trace,Normal
2023-08-27,Kandahar,Kandahar,Afghanistan,31.61,65.71,0.2,Trace,Normal
2023-08-29,Kandahar,Kandahar,Afghanistan,31.61,65.71,0.3,Trace,Normal
2023-08-30,Kandahar,Kandahar,Afghanistan,31.61,65.71,1.1,Trace,Normal
2023-09-05,Kandahar,Kandahar,Afghanistan,31.61,65.71,0.1,Trace,Normal
2023-09-08,Kandahar,Kandahar,Afghanistan,31.61,65.71,0.2,Trace,Normal
2023-09-10,Kandahar,Kandahar,Afghanistan,31.61,65.71,0.3,Trace,Normal
2023-09-13,Kandahar,Kandahar,Afghanistan,31.61,65.71,0.5,Trace,Normal
2023-09-14,Kandahar,Kandahar,Afghanistan,31.61,65.71,0.2,Trace,Normal
2023-09-15,Kandahar,Kandahar,Afghanistan,31.61,65.71,1.0,Trace,Normal
2023-09-17,Kandahar,Kandahar,Afghanistan,31.61,65.71,0.1,Trace,Normal
2023-09-19,Kandahar,Kandahar,Afghanistan,31.61,65.71,0.8,Trace,Normal
2023-09-23,Kandahar,Kandahar,Afghanistan,31.61,65.71,0.5,Trace,Normal
2023-09-27,Kandahar,Kandahar,Afghanistan,31.61,65.71,2.0,Trace,Normal
2023-09-29,Kandahar,Kandahar,Afghanistan,31.61,65.71,0.3,Trace,Normal
2023-10-02,Kandahar,Kandahar,Afghanistan,31.61,65.71,0.3,Trace,Normal
2023-10-03,Kandahar,Kandahar,Afghanistan,31.61,65.71,0.4,Trace,Normal
2023-10-04,Kandahar,Kandahar,Afghanistan,31.61,65.71,0.2,Trace,Normal
2023-10-07,Kandahar,Kandahar,Afghanistan,31.61,65.71,0.7,Trace,Normal
2023-10-11,Kandahar,Kandahar,Afghanistan,31.61,65.71,2.1,Trace,Normal
2023-10-23,Kandahar,Kandahar,Afghanistan,31.61,65.71,1.6,Trace,Normal
2023-10-25,Kandahar,Kandahar,Afghanistan,31.61,65.71,0.1,Trace,Normal
2023-10-26,Kandahar,Kandahar,Afghanistan,31.61,65.71,0.7,Trace,Normal
2023-10-29,Kandahar,Kandahar,Afghanistan,31.61,65.71,0.5,Trace,Normal
2023-10-30,Kandahar,Kandahar,Afghanistan,31.61,65.71,1.1,Trace,Normal
2023-10-31,Kandahar,Kandahar,Afghanistan,31.61,65.71,0.7,Trace,Normal
2023-11-01,Kandahar,Kandahar,Afghanistan,31.61,65.71,2.2,Trace,Normal
2023-11-04,Kandahar,Kandahar,Afghanistan,31.61,65.71,0.7,Trace,Normal
2023-11-05,Kandahar,Kandahar,Afghanistan,31.61,65.71,0.7,Trace,Normal
2023-11-07,Kandahar,Kandahar,Afghanistan,31.61,65.71,0.6,Trace,Normal
2023-11-11,Kandahar,Kandahar,Afghanistan,31.61,65.71,0.2,Trace,Normal
2023-11-12,Kandahar,Kandahar,Afghanistan,31.61,65.71,2.3,Trace,Normal
2023-11-13,Kandahar,Kandahar,Afghanistan,31.61,65.71,1.2,Trace,Normal
2023-11-16,Kandahar,Kandahar,Afghanistan,31.61,65.71,0.3,Trace,Normal
2023-11-17,Kandahar,Kandahar,Afghanistan,31.61,65.71,1.5,Trace,Normal
2023-11-18,Kandahar,Kandahar,Afghanistan,31.61,65.71,0.6,Trace,Normal
2023-11-24,Kandahar,Kandahar,Afghanistan,31.61,65.71,0.3,Trace,Normal
2023-11-28,Kandahar,Kandahar,Afghanistan,31.61,65.71,0.7,Trace,Normal
2023-12-02,Kandahar,Kandahar,Afghanistan,31.61,65.71,0.3,Trace,Normal
2023-12-05,Kandahar,Kandahar,Afghanistan,31.61,65.71,0.3,Trace,Normal
2023-12-06,Kandahar,Kandahar,Afghanistan,31.61,65.71,1.3,Trace,Normal
2023-12-08,Kandahar,Kandahar,Afghanistan,31.61,65.71,0.3,Trace,Normal
2023-12-10,Kandahar,Kandahar,Afghanistan,31.61,65.71,0.9,Trace,Normal
2023-12-12,Kandahar,Kandahar,Afghanistan,31.61,65.71,0.4,Trace,Normal
2023-12-14,Kandahar,Kandahar,Afghanistan,31.61,65.71,0.8,Trace,Normal
2023-12-15,Kandahar,Kandahar,Afghanistan,31.61,65.71,0.5,Trace,Normal
2023-12-22,Kandahar,Kandahar,Afghanistan,31.61,65.71,0.3,Trace,Normal
2023-12-23,Kandahar,Kandahar,Afghanistan,31.61,65.71,0.6,Trace,Normal
2023-12-24,Kandahar,Kandahar,Afghanistan,31.61,65.71,0.2,Trace,Normal
2023-12-28,Kandahar,Kandahar,Afghanistan,31.61,65.71,0.4,Trace,Normal
2023-12-29,Kandahar,Kandahar,Afghanistan,31.61,65.71,0.4,Trace,Normal
2023-12-31,Kandahar,Kandahar,Afghanistan,31.61,65.71,1.2,Trace,Normal
2022-01-02,Jalalabad,Jalalabad,Afghanistan,34.43,70.45,0.1,Trace,Normal
2022-01-05,Jalalabad,Jalalabad,Afghanistan,34.43,70.45,0.2,Trace,Normal
2022-01-07,Jalalabad,Jalalabad,Afghanistan,34.43,70.45,0.8,Trace,Normal
2022-01-11,Jalalabad,Jalalabad,Afghanistan,34.43,70.45,0.2,Trace,Normal
2022-01-13,Jalalabad,Jalalabad,Afghanistan,34.43,70.45,0.4,Trace,Normal
2022-01-15,Jalalabad,Jalalabad,Afghanistan,34.43,70.45,0.5,Trace,Normal
2022-01-16,Jalalabad,Jalalabad,Afghanistan,34.43,70.45,0.3,Trace,Normal
2022-01-19,Jalalabad,Jalalabad,Afghanistan,34.43,70.45,0.6,Trace,Normal
2022-01-21,Jalalabad,Jalalabad,Afghanistan,34.43,70.45,0.4,Trace,Normal
2022-01-26,Jalalabad,Jalalabad,Afghanistan,34.43,70.45,0.2,Trace,Normal
2022-01-27,Jalalabad,Jalalabad,Afghanistan,34.43,70.45,0.4,Trace,Normal
2022-01-29,Jalalabad,Jalalabad,Afghanistan,34.43,70.45,0.5,Trace,Normal
2022-02-03,Jalalabad,Jalalabad,Afghanistan,34.43,70.45,0.5,Trace,Normal
2022-02-04,Jalalabad,Jalalabad,Afghanistan,34.43,70.45,0.1,Trace,Normal
2022-02-05,Jalalabad,Jalalabad,Afghanistan,34.43,70.45,0.5,Trace,Normal
2022-02-07,Jalalabad,Jalalabad,Afghanistan,34.43,70.45,0.1,Trace,Normal
2022-02-08,Jalalabad,Jalalabad,Afghanistan,34.43,70.45,1.0,Trace,Normal
2022-02-09,Jalalabad,Jalalabad,Afghanistan,34.43,70.45,0.4,Trace,Heatwave
2022-02-10,Jalalabad,Jalalabad,Afghanistan,34.43,70.45,0.1,Trace,Normal
2022-02-11,Jalalabad,Jalalabad,Afghanistan,34.43,70.45,0.4,Trace,Normal
2022-02-14,Jalalabad,Jalalabad,Afghanistan,34.43,70.45,0.4,Trace,Normal
2022-02-17,Jalalabad,Jalalabad,Afghanistan,34.43,70.45,2.4,Trace,Normal
2022-02-18,Jalalabad,Jalalabad,Afghanistan,34.43,70.45,0.7,Trace,Normal
2022-02-23,Jalalabad,Jalalabad,Afghanistan,34.43,70.45,1.1,Trace,Normal
2022-02-25,Jalalabad,Jalalabad,Afghanistan,34.43,70.45,0.6,Trace,Normal
2022-02-26,Jalalabad,Jalalabad,Afghanistan,34.43,70.45,0.3,Trace,Normal
2022-02-27,Jalalabad,Jalalabad,Afghanistan,34.43,70.45,0.3,Trace,Normal
2022-03-07,Jalalabad,Jalalabad,Afghanistan,34.43,70.45,1.1,Trace,Heatwave
2022-03-12,Jalalabad,Jalalabad,Afghanistan,34.43,70.45,0.4,Trace,Normal
2022-03-14,Jalalabad,Jalalabad,Afghanistan,34.43,70.45,0.1,Trace,Heatwave
2022-03-17,Jalalabad,Jalalabad,Afghanistan,34.43,70.45,0.7,Trace,Normal
2022-03-19,Jalalabad,Jalalabad,Afghanistan,34.43,70.45,0.4,Trace,Normal
2022-03-22,Jalalabad,Jalalabad,Afghanistan,34.43,70.45,0.2,Trace,Heatwave
2022-03-25,Jalalabad,Jalalabad,Afghanistan,34.43,70.45,0.2,Trace,Normal
2022-03-28,Jalalabad,Jalalabad,Afghanistan,34.43,70.45,0.9,Trace,Heatwave
2022-04-05,Jalalabad,Jalalabad,Afghanistan,34.43,70.45,0.5,Trace,Normal
2022-04-07,Jalalabad,Jalalabad,Afghanistan,34.43,70.45,0.1,Trace,Heatwave
2022-04-08,Jalalabad,Jalalabad,Afghanistan,34.43,70.45,0.8,Trace,Normal
2022-04-09,Jalalabad,Jalalabad,Afghanistan,34.43,70.45,0.1,Trace,Normal
2022-04-10,Jalalabad,Jalalabad,Afghanistan,34.43,70.45,0.5,Trace,Heatwave
2022-04-11,Jalalabad,Jalalabad,Afghanistan,34.43,70.45,1.7,Trace,Heatwave
2022-04-16,Jalalabad,Jalalabad,Afghanistan,34.43,70.45,0.4,Trace,Heatwave
2022-04-18,Jalalabad,Jalalabad,Afghanistan,34.43,70.45,0.9,Trace,Heatwave
2022-04-25,Jalalabad,Jalalabad,Afghanistan,34.43,70.45,0.4,Trace,Normal
2022-04-30,Jalalabad,Jalalabad,Afghanistan,34.43,70.45,0.6,Trace,Normal
2022-05-04,Jalalabad,Jalalabad,Afghanistan,34.43,70.45,0.3,Trace,Heatwave
2022-05-06,Jalalabad,Jalalabad,Afghanistan,34.43,70.45,0.6,Trace,Heatwave
2022-05-08,Jalalabad,Jalalabad,Afghanistan,34.43,70.45,0.5,Trace,Heatwave
2022-05-10,Jalalabad,Jalalabad,Afghanistan,34.43,70.45,0.3,Trace,Heatwave
2022-05-11,Jalalabad,Jalalabad,Afghanistan,34.43,70.45,0.7,Trace,Heatwave
2022-05-16,Jalalabad,Jalalabad,Afghanistan,34.43,70.45,0.7,Trace,Heatwave
2022-05-21,Jalalabad,Jalalabad,Afghanistan,34.43,70.45,1.5,Trace,Heatwave
2022-05-26,Jalalabad,Jalalabad,Afghanistan,34.43,70.45,0.5,Trace,Normal
2022-05-27,Jalalabad,Jalalabad,Afghanistan,34.43,70.45,1.2,Trace,Normal
2022-06-06,Jalalabad,Jalalabad,Afghanistan,34.43,70.45,2.8,Trace,Normal
2022-06-11,Jalalabad,Jalalabad,Afghanistan,34.43,70.45,0.2,Trace,Heatwave
2022-06-12,Jalalabad,Jalalabad,Afghanistan,34.43,70.45,0.7,Trace,Normal
2022-06-14,Jalalabad,Jalalabad,Afghanistan,34.43,70.45,0.3,Trace,Normal
2022-06-16,Jalalabad,Jalalabad,Afghanistan,34.43,70.45,0.4,Trace,Normal
2022-06-18,Jalalabad,Jalalabad,Afghanistan,34.43,70.45,0.7,Trace,Heatwave
2022-06-21,Jalalabad,Jalalabad,Afghanistan,34.43,70.45,0.1,Trace,Normal
2022-06-22,Jalalabad,Jalalabad,Afghanistan,34.43,70.45,2.2,Trace,Normal
2022-06-25,Jalalabad,Jalalabad,Afghanistan,34.43,70.45,0.3,Trace,Normal
2022-06-27,Jalalabad,Jalalabad,Afghanistan,34.43,70.45,0.5,Trace,Normal
2022-06-28,Jalalabad,Jalalabad,Afghanistan,34.43,70.45,0.4,Trace,Normal
2022-06-29,Jalalabad,Jalalabad,Afghanistan,34.43,70.45,0.3,Trace,Normal
2022-07-04,Jalalabad,Jalalabad,Afghanistan,34.43,70.45,0.3,Trace,Normal
2022-07-06,Jalalabad,Jalalabad,Afghanistan,34.43,70.45,0.7,Trace,Normal
2022-07-13,Jalalabad,Jalalabad,Afghanistan,34.43,70.45,1.0,Trace,Normal
2022-07-18,Jalalabad,Jalalabad,Afghanistan,34.43,70.45,0.8,Trace,Normal
2022-07-19,Jalalabad,Jalalabad,Afghanistan,34.43,70.45,0.2,Trace,Normal
2022-07-29,Jalalabad,Jalalabad,Afghanistan,34.43,70.45,0.2,Trace,Normal
2022-08-01,Jalalabad,Jalalabad,Afghanistan,34.43,70.45,0.1,Trace,Normal
2022-08-02,Jalalabad,Jalalabad,Afghanistan,34.43,70.45,0.2,Trace,Normal
2022-08-03,Jalalabad,Jalalabad,Afghanistan,34.43,70.45,0.7,Trace,Normal
2022-08-04,Jalalabad,Jalalabad,Afghanistan,34.43,70.45,2.0,Trace,Normal
2022-08-08,Jalalabad,Jalalabad,Afghanistan,34.43,70.45,0.9,Trace,Normal
2022-08-10,Jalalabad,Jalalabad,Afghanistan,34.43,70.45,0.1,Trace,Normal
2022-08-20,Jalalabad,Jalalabad,Afghanistan,34.43,70.45,0.3,Trace,Normal
2022-08-24,Jalalabad,Jalalabad,Afghanistan,34.43,70.45,0.8,Trace,Normal
2022-08-25,Jalalabad,Jalalabad,Afghanistan,34.43,70.45,0.3,Trace,Normal
2022-08-27,Jalalabad,Jalalabad,Afghanistan,34.43,70.45,0.2,Trace,Normal
2022-08-28,Jalalabad,Jalalabad,Afghanistan,34.43,70.45,0.4,Trace,Normal
2022-09-05,Jalalabad,Jalalabad,Afghanistan,34.43,70.45,0.4,Trace,Normal
2022-09-09,Jalalabad,Jalalabad,Afghanistan,34.43,70.45,0.1,Trace,Normal
2022-09-10,Jalalabad,Jalalabad,Afghanistan,34.43,70.45,0.9,Trace,Normal
2022-09-18,Jalalabad,Jalalabad,Afghanistan,34.43,70.45,0.1,Trace,Normal
2022-09-20,Jalalabad,Jalalabad,Afghanistan,34.43,70.45,0.3,Trace,Normal
2022-09-21,Jalalabad,Jalalabad,Afghanistan,34.43,70.45,0.3,Trace,Normal
2022-09-24,Jalalabad,Jalalabad,Afghanistan,34.43,70.45,0.1,Trace,Normal
2022-09-26,Jalalabad,Jalalabad,Afghanistan,34.43,70.45,0.5,Trace,Normal
2022-09-27,Jalalabad,Jalalabad,Afghanistan,34.43,70.45,0.2,Trace,Normal
2022-09-29,Jalalabad,Jalalabad,Afghanistan,34.43,70.45,0.3,Trace,Normal
2022-09-30,Jalalabad,Jalalabad,Afghanistan,34.43,70.45,0.6,Trace,Normal
2022-10-01,Jalalabad,Jalalabad,Afghanistan,34.43,70.45,0.3,Trace,Normal
2022-10-02,Jalalabad,Jalalabad,Afghanistan,34.43,70.45,0.1,Trace,Normal
2022-10-05,Jalalabad,Jalalabad,Afghanistan,34.43,70.45,0.8,Trace,Normal
2022-10-07,Jalalabad,Jalalabad,Afghanistan,34.43,70.45,0.2,Trace,Normal
2022-10-11,Jalalabad,Jalalabad,Afghanistan,34.43,70.45,0.5,Trace,Normal
2022-10-14,Jalalabad,Jalalabad,Afghanistan,34.43,70.45,1.3,Trace,Normal
2022-10-15,Jalalabad,Jalalabad,Afghanistan,34.43,70.45,0.5,Trace,Normal
2022-10-19,Jalalabad,Jalalabad,Afghanistan,34.43,70.45,0.4,Trace,Normal
2022-10-20,Jalalabad,Jalalabad,Afghanistan,34.43,70.45,0.5,Trace,Normal
2022-10-23,Jalalabad,Jalalabad,Afghanistan,34.43,70.45,0.3,Trace,Normal
2022-10-27,Jalalabad,Jalalabad,Afghanistan,34.43,70.45,0.9,Trace,Normal
2022-10-30,Jalalabad,Jalalabad,Afghanistan,34.43,70.45,0.5,Trace,Normal
2022-11-02,Jalalabad,Jalalabad,Afghanistan,34.43,70.45,0.3,Trace,Normal
2022-11-03,Jalalabad,Jalalabad,Afghanistan,34.43,70.45,0.1,Trace,Normal
2022-11-05,Jalalabad,Jalalabad,Afghanistan,34.43,70.45,0.3,Trace,Normal
2022-11-08,Jalalabad,Jalalabad,Afghanistan,34.43,70.45,0.8,Trace,Normal
2022-11-14,Jalalabad,Jalalabad,Afghanistan,34.43,70.45,0.6,Trace,Normal
2022-11-16,Jalalabad,Jalalabad,Afghanistan,34.43,70.45,0.2,Trace,Normal
2022-11-24,Jalalabad,Jalalabad,Afghanistan,34.43,70.45,0.4,Trace,Normal
2022-12-15,Jalalabad,Jalalabad,Afghanistan,34.43,70.45,0.2,Trace,Normal
2022-12-16,Jalalabad,Jalalabad,Afghanistan,34.43,70.45,0.1,Trace,Normal
2022-12-18,Jalalabad,Jalalabad,Afghanistan,34.43,70.45,0.4,Trace,Normal
2022-12-19,Jalalabad,Jalalabad,Afghanistan,34.43,70.45,0.4,Trace,Normal
2022-12-21,Jalalabad,Jalalabad,Afghanistan,34.43,70.45,1.0,Trace,Normal
2022-12-25,Jalalabad,Jalalabad,Afghanistan,34.43,70.45,0.2,Trace,Normal
2022-12-29,Jalalabad,Jalalabad,Afghanistan,34.43,70.45,0.4,Trace,Normal
2023-01-05,Jalalabad,Jalalabad,Afghanistan,34.43,70.45,1.2,Trace,Normal
2023-01-07,Jalalabad,Jalalabad,Afghanistan,34.43,70.45,0.8,Trace,Normal
2023-01-08,Jalalabad,Jalalabad,Afghanistan,34.43,70.45,1.1,Trace,Normal
2023-01-09,Jalalabad,Jalalabad,Afghanistan,34.43,70.45,0.2,Trace,Normal
2023-01-14,Jalalabad,Jalalabad,Afghanistan,34.43,70.45,0.9,Trace,Normal
2023-01-25,Jalalabad,Jalalabad,Afghanistan,34.43,70.45,0.8,Trace,Normal
2023-01-26,Jalalabad,Jalalabad,Afghanistan,34.43,70.45,0.6,Trace,Normal
2023-01-28,Jalalabad,Jalalabad,Afghanistan,34.43,70.45,0.1,Trace,Heatwave
2023-01-29,Jalalabad,Jalalabad,Afghanistan,34.43,70.45,1.7,Trace,Normal
2023-02-06,Jalalabad,Jalalabad,Afghanistan,34.43,70.45,0.2,Trace,Normal
2023-02-07,Jalalabad,Jalalabad,Afghanistan,34.43,70.45,0.8,Trace,Normal
2023-02-09,Jalalabad,Jalalabad,Afghanistan,34.43,70.45,1.1,Trace,Normal
2023-02-10,Jalalabad,Jalalabad,Afghanistan,34.43,70.45,0.2,Trace,Heatwave
2023-02-11,Jalalabad,Jalalabad,Afghanistan,34.43,70.45,0.6,Trace,Normal
2023-02-19,Jalalabad,Jalalabad,Afghanistan,34.43,70.45,0.2,Trace,Heatwave
2023-02-20,Jalalabad,Jalalabad,Afghanistan,34.43,70.45,0.4,Trace,Normal
2023-02-23,Jalalabad,Jalalabad,Afghanistan,34.43,70.45,1.0,Trace,Heatwave
2023-02-26,Jalalabad,Jalalabad,Afghanistan,34.43,70.45,0.7,Trace,Normal
2023-03-01,Jalalabad,Jalalabad,Afghanistan,34.43,70.45,0.1,Trace,Normal
2023-03-07,Jalalabad,Jalalabad,Afghanistan,34.43,70.45,0.1,Trace,Normal
2023-03-09,Jalalabad,Jalalabad,Afghanistan,34.43,70.45,1.5,Trace,Heatwave
2023-03-12,Jalalabad,Jalalabad,Afghanistan,34.43,70.45,0.2,Trace,Normal
2023-03-14,Jalalabad,Jalalabad,Afghanistan,34.43,70.45,0.3,Trace,Normal
2023-03-19,Jalalabad,Jalalabad,Afghanistan,34.43,70.45,0.5,Trace,Heatwave
2023-03-20,Jalalabad,Jalalabad,Afghanistan,34.43,70.45,0.1,Trace,Normal
2023-03-23,Jalalabad,Jalalabad,Afghanistan,34.43,70.45,0.3,Trace,Heatwave
2023-03-25,Jalalabad,Jalalabad,Afghanistan,34.43,70.45,1.8,Trace,Heatwave
2023-03-26,Jalalabad,Jalalabad,Afghanistan,34.43,70.45,1.2,Trace,Normal
2023-03-28,Jalalabad,Jalalabad,Afghanistan,34.43,70.45,0.2,Trace,Heatwave
2023-03-29,Jalalabad,Jalalabad,Afghanistan,34.43,70.45,0.2,Trace,Heatwave
2023-03-30,Jalalabad,Jalalabad,Afghanistan,34.43,70.45,1.1,Trace,Normal
2023-04-06,Jalalabad,Jalalabad,Afghanistan,34.43,70.45,0.2,Trace,Heatwave
2023-04-07,Jalalabad,Jalalabad,Afghanistan,34.43,70.45,1.3,Trace,Normal
2023-04-09,Jalalabad,Jalalabad,Afghanistan,34.43,70.45,0.9,Trace,Normal
2023-04-16,Jalalabad,Jalalabad,Afghanistan,34.43,70.45,0.9,Trace,Heatwave
2023-04-17,Jalalabad,Jalalabad,Afghanistan,34.43,70.45,1.1,Trace,Normal
2023-04-21,Jalalabad,Jalalabad,Afghanistan,34.43,70.45,0.4,Trace,Normal
2023-04-28,Jalalabad,Jalalabad,Afghanistan,34.43,70.45,1.1,Trace,Heatwave
2023-05-04,Jalalabad,Jalalabad,Afghanistan,34.43,70.45,1.5,Trace,Normal
2023-05-12,Jalalabad,Jalalabad,Afghanistan,34.43,70.45,1.2,Trace,Heatwave
2023-05-22,Jalalabad,Jalalabad,Afghanistan,34.43,70.45,1.3,Trace,Heatwave
2023-05-23,Jalalabad,Jalalabad,Afghanistan,34.43,70.45,0.5,Trace,Normal
2023-05-24,Jalalabad,Jalalabad,Afghanistan,34.43,70.45,0.3,Trace,Heatwave
2023-05-29,Jalalabad,Jalalabad,Afghanistan,34.43,70.45,0.2,Trace,Normal
2023-06-02,Jalalabad,Jalalabad,Afghanistan,34.43,70.45,2.2,Trace,Heatwave
2023-06-04,Jalalabad,Jalalabad,Afghanistan,34.43,70.45,0.3,Trace,Heatwave
2023-06-07,Jalalabad,Jalalabad,Afghanistan,34.43,70.45,0.4,Trace,Normal
2023-06-15,Jalalabad,Jalalabad,Afghanistan,34.43,70.45,0.8,Trace,Normal
2023-06-16,Jalalabad,Jalalabad,Afghanistan,34.43,70.45,1.1,Trace,Normal
2023-06-17,Jalalabad,Jalalabad,Afghanistan,34.43,70.45,0.1,Trace,Normal
2023-06-19,Jalalabad,Jalalabad,Afghanistan,34.43,70.45,0.6,Trace,Normal
2023-06-21,Jalalabad,Jalalabad,Afghanistan,34.43,70.45,0.6,Trace,Normal
2023-06-24,Jalalabad,Jalalabad,Afghanistan,34.43,70.45,0.2,Trace,Normal
2023-06-27,Jalalabad,Jalalabad,Afghanistan,34.43,70.45,0.5,Trace,Normal
2023-06-30,Jalalabad,Jalalabad,Afghanistan,34.43,70.45,0.8,Trace,Normal
2023-07-01,Jalalabad,Jalalabad,Afghanistan,34.43,70.45,0.2,Trace,Normal
2023-07-08,Jalalabad,Jalalabad,Afghanistan,34.43,70.45,0.6,Trace,Normal
2023-07-10,Jalalabad,Jalalabad,Afghanistan,34.43,70.45,0.2,Trace,Normal
2023-07-11,Jalalabad,Jalalabad,Afghanistan,34.43,70.45,0.5,Trace,Normal
2023-07-13,Jalalabad,Jalalabad,Afghanistan,34.43,70.45,0.8,Trace,Normal
2023-07-18,Jalalabad,Jalalabad,Afghanistan,34.43,70.45,0.1,Trace,Normal
2023-07-19,Jalalabad,Jalalabad,Afghanistan,34.43,70.45,0.1,Trace,Normal
2023-07-20,Jalalabad,Jalalabad,Afghanistan,34.43,70.45,2.8,Trace,Normal
2023-07-23,Jalalabad,Jalalabad,Afghanistan,34.43,70.45,1.1,Trace,Normal
2023-07-26,Jalalabad,Jalalabad,Afghanistan,34.43,70.45,0.3,Trace,Normal
2023-07-27,Jalalabad,Jalalabad,Afghanistan,34.43,70.45,0.1,Trace,Normal
2023-07-28,Jalalabad,Jalalabad,Afghanistan,34.43,70.45,0.3,Trace,Normal
2023-07-29,Jalalabad,Jalalabad,Afghanistan,34.43,70.45,1.7,Trace,Normal
2023-07-31,Jalalabad,Jalalabad,Afghanistan,34.43,70.45,0.2,Trace,Normal
2023-08-03,Jalalabad,Jalalabad,Afghanistan,34.43,70.45,0.1,Trace,Normal
2023-08-04,Jalalabad,Jalalabad,Afghanistan,34.43,70.45,0.9,Trace,Normal
2023-08-05,Jalalabad,Jalalabad,Afghanistan,34.43,70.45,0.6,Trace,Normal
2023-08-06,Jalalabad,Jalalabad,Afghanistan,34.43,70.45,0.4,Trace,Normal
2023-08-16,Jalalabad,Jalalabad,Afghanistan,34.43,70.45,0.1,Trace,Normal
2023-08-17,Jalalabad,Jalalabad,Afghanistan,34.43,70.45,4.6,Trace,Normal
2023-08-23,Jalalabad,Jalalabad,Afghanistan,34.43,70.45,1.2,Trace,Normal
2023-08-30,Jalalabad,Jalalabad,Afghanistan,34.43,70.45,1.1,Trace,Normal
2023-09-02,Jalalabad,Jalalabad,Afghanistan,34.43,70.45,0.1,Trace,Normal
2023-09-04,Jalalabad,Jalalabad,Afghanistan,34.43,70.45,0.5,Trace,Normal
2023-09-12,Jalalabad,Jalalabad,Afghanistan,34.43,70.45,0.1,Trace,Normal
2023-09-13,Jalalabad,Jalalabad,Afghanistan,34.43,70.45,0.4,Trace,Normal
2023-09-15,Jalalabad,Jalalabad,Afghanistan,34.43,70.45,0.4,Trace,Normal
2023-09-16,Jalalabad,Jalalabad,Afghanistan,34.43,70.45,3.0,Trace,Normal
2023-09-17,Jalalabad,Jalalabad,Afghanistan,34.43,70.45,0.3,Trace,Normal
2023-09-18,Jalalabad,Jalalabad,Afghanistan,34.43,70.45,1.2,Trace,Normal
2023-09-21,Jalalabad,Jalalabad,Afghanistan,34.43,70.45,0.3,Trace,Normal
2023-09-22,Jalalabad,Jalalabad,Afghanistan,34.43,70.45,0.2,Trace,Normal
2023-09-26,Jalalabad,Jalalabad,Afghanistan,34.43,70.45,3.9,Trace,Normal
2023-09-28,Jalalabad,Jalalabad,Afghanistan,34.43,70.45,0.8,Trace,Normal
2023-09-29,Jalalabad,Jalalabad,Afghanistan,34.43,70.45,0.7,Trace,Normal
2023-10-01,Jalalabad,Jalalabad,Afghanistan,34.43,70.45,1.1,Trace,Normal
2023-10-05,Jalalabad,Jalalabad,Afghanistan,34.43,70.45,0.3,Trace,Normal
2023-10-07,Jalalabad,Jalalabad,Afghanistan,34.43,70.45,0.2,Trace,Normal
2023-10-12,Jalalabad,Jalalabad,Afghanistan,34.43,70.45,1.1,Trace,Normal
2023-10-13,Jalalabad,Jalalabad,Afghanistan,34.43,70.45,1.2,Trace,Normal
2023-10-20,Jalalabad,Jalalabad,Afghanistan,34.43,70.45,0.4,Trace,Normal
2023-10-22,Jalalabad,Jalalabad,Afghanistan,34.43,70.45,0.1,Trace,Normal
2023-10-24,Jalalabad,Jalalabad,Afghanistan,34.43,70.45,0.5,Trace,Normal
2023-11-04,Jalalabad,Jalalabad,Afghanistan,34.43,70.45,0.5,Trace,Normal
2023-11-05,Jalalabad,Jalalabad,Afghanistan,34.43,70.45,0.3,Trace,Normal
2023-11-06,Jalalabad,Jalalabad,Afghanistan,34.43,70.45,0.5,Trace,Normal
2023-11-08,Jalalabad,Jalalabad,Afghanistan,34.43,70.45,0.1,Trace,Normal
2023-11-10,Jalalabad,Jalalabad,Afghanistan,34.43,70.45,0.4,Trace,Normal
2023-11-12,Jalalabad,Jalalabad,Afghanistan,34.43,70.45,0.9,Trace,Normal
2023-11-17,Jalalabad,Jalalabad,Afghanistan,34.43,70.45,0.2,Trace,Normal
2023-11-20,Jalalabad,Jalalabad,Afghanistan,34.43,70.45,0.5,Trace,Normal
2023-11-21,Jalalabad,Jalalabad,Afghanistan,34.43,70.45,0.9,Trace,Normal
2023-11-22,Jalalabad,Jalalabad,Afghanistan,34.43,70.45,2.1,Trace,Normal
2023-11-24,Jalalabad,Jalalabad,Afghanistan,34.43,70.45,0.1,Trace,Normal
2023-11-25,Jalalabad,Jalalabad,Afghanistan,34.43,70.45,0.4,Trace,Normal
2023-12-01,Jalalabad,Jalalabad,Afghanistan,34.43,70.45,0.2,Trace,Normal
2023-12-02,Jalalabad,Jalalabad,Afghanistan,34.43,70.45,0.7,Trace,Normal
2023-12-09,Jalalabad,Jalalabad,Afghanistan,34.43,70.45,0.7,Trace,Normal
2023-12-10,Jalalabad,Jalalabad,Afghanistan,34.43,70.45,0.8,Trace,Normal
2023-12-13,Jalalabad,Jalalabad,Afghanistan,34.43,70.45,0.5,Trace,Normal
2023-12-14,Jalalabad,Jalalabad,Afghanistan,34.43,70.45,0.6,Trace,Normal
2023-12-17,Jalalabad,Jalalabad,Afghanistan,34.43,70.45,2.3,Trace,Normal
2023-12-19,Jalalabad,Jalalabad,Afghanistan,34.43,70.45,1.6,Trace,Normal
2023-12-21,Jalalabad,Jalalabad,Afghanistan,34.43,70.45,0.3,Trace,Normal
2023-12-22,Jalalabad,Jalalabad,Afghanistan,34.43,70.45,0.2,Trace,Normal
2023-12-25,Jalalabad,Jalalabad,Afghanistan,34.43,70.45,0.1,Trace,Normal
2023-12-26,Jalalabad,Jalalabad,Afghanistan,34.43,70.45,1.6,Trace,Normal
2022-01-01,Herat,Herat,Afghanistan,34.35,62.2,0.4,Trace,Normal
2022-01-09,Herat,Herat,Afghanistan,34.35,62.2,0.3,Trace,Normal
2022-01-11,Herat,Herat,Afghanistan,34.35,62.2,1.3,Trace,Normal
2022-01-13,Herat,Herat,Afghanistan,34.35,62.2,0.5,Trace,Normal
2022-01-14,Herat,Herat,Afghanistan,34.35,62.2,0.2,Trace,Normal
2022-01-16,Herat,Herat,Afghanistan,34.35,62.2,0.5,Trace,Normal
2022-01-24,Herat,Herat,Afghanistan,34.35,62.2,0.3,Trace,Normal
2022-01-31,Herat,Herat,Afghanistan,34.35,62.2,0.1,Trace,Normal
2022-02-01,Herat,Herat,Afghanistan,34.35,62.2,1.5,Trace,Normal
2022-02-05,Herat,Herat,Afghanistan,34.35,62.2,1.6,Trace,Normal
2022-02-13,Herat,Herat,Afghanistan,34.35,62.2,1.0,Trace,Normal
2022-02-14,Herat,Herat,Afghanistan,34.35,62.2,0.4,Trace,Normal
2022-02-22,Herat,Herat,Afghanistan,34.35,62.2,0.5,Trace,Normal
2022-02-27,Herat,Herat,Afghanistan,34.35,62.2,0.1,Trace,Heatwave
2022-03-06,Herat,Herat,Afghanistan,34.35,62.2,0.1,Trace,Normal
2022-03-10,Herat,Herat,Afghanistan,34.35,62.2,0.4,Trace,Normal
2022-03-11,Herat,Herat,Afghanistan,34.35,62.2,1.0,Trace,Normal
2022-03-12,Herat,Herat,Afghanistan,34.35,62.2,0.4,Trace,Normal
2022-03-14,Herat,Herat,Afghanistan,34.35,62.2,0.2,Trace,Heatwave
2022-03-17,Herat,Herat,Afghanistan,34.35,62.2,0.6,Trace,Normal
2022-03-19,Herat,Herat,Afghanistan,34.35,62.2,0.3,Trace,Normal
2022-03-21,Herat,Herat,Afghanistan,34.35,62.2,0.2,Trace,Normal
2022-03-25,Herat,Herat,Afghanistan,34.35,62.2,1.0,Trace,Heatwave
2022-03-28,Herat,Herat,Afghanistan,34.35,62.2,0.2,Trace,Heatwave
2022-03-29,Herat,Herat,Afghanistan,34.35,62.2,0.6,Trace,Normal
2022-03-30,Herat,Herat,Afghanistan,34.35,62.2,1.8,Trace,Normal
2022-03-31,Herat,Herat,Afghanistan,34.35,62.2,0.2,Trace,Heatwave
2022-04-01,Herat,Herat,Afghanistan,34.35,62.2,1.0,Trace,Heatwave
2022-04-09,Herat,Herat,Afghanistan,34.35,62.2,0.9,Trace,Heatwave
2022-04-10,Herat,Herat,Afghanistan,34.35,62.2,1.0,Trace,Normal
2022-04-12,Herat,Herat,Afghanistan,34.35,62.2,1.1,Trace,Heatwave
2022-04-13,Herat,Herat,Afghanistan,34.35,62.2,0.6,Trace,Normal
2022-04-19,Herat,Herat,Afghanistan,34.35,62.2,0.2,Trace,Normal
2022-04-20,Herat,Herat,Afghanistan,34.35,62.2,0.4,Trace,Normal
2022-04-28,Herat,Herat,Afghanistan,34.35,62.2,2.0,Trace,Normal
2022-04-29,Herat,Herat,Afghanistan,34.35,62.2,0.2,Trace,Normal
2022-05-01,Herat,Herat,Afghanistan,34.35,62.2,0.1,Trace,Normal
2022-05-05,Herat,Herat,Afghanistan,34.35,62.2,0.9,Trace,Normal
2022-05-07,Herat,Herat,Afghanistan,34.35,62.2,0.8,Trace,Normal
2022-05-09,Herat,Herat,Afghanistan,34.35,62.2,0.4,Trace,Normal
2022-05-11,Herat,Herat,Afghanistan,34.35,62.2,1.0,Trace,Normal
2022-05-13,Herat,Herat,Afghanistan,34.35,62.2,2.2,Trace,Normal
2022-05-15,Herat,Herat,Afghanistan,34.35,62.2,0.1,Trace,Heatwave
2022-05-16,Herat,Herat,Afghanistan,34.35,62.2,0.1,Trace,Normal
2022-05-20,Herat,Herat,Afghanistan,34.35,62.2,1.1,Trace,Normal
2022-05-21,Herat,Herat,Afghanistan,34.35,62.2,1.6,Trace,Normal
2022-05-25,Herat,Herat,Afghanistan,34.35,62.2,1.7,Trace,Normal
2022-05-27,Herat,Herat,Afghanistan,34.35,62.2,0.3,Trace,Normal
2022-06-08,Herat,Herat,Afghanistan,34.35,62.2,0.7,Trace,Heatwave
2022-06-11,Herat,Herat,Afghanistan,34.35,62.2,0.9,Trace,Normal
2022-06-13,Herat,Herat,Afghanistan,34.35,62.2,0.5,Trace,Normal
2022-06-14,Herat,Herat,Afghanistan,34.35,62.2,1.3,Trace,Normal
2022-06-15,Herat,Herat,Afghanistan,34.35,62.2,0.5,Trace,Normal
2022-06-16,Herat,Herat,Afghanistan,34.35,62.2,0.6,Trace,Normal
2022-06-27,Herat,Herat,Afghanistan,34.35,62.2,0.1,Trace,Normal
2022-07-01,Herat,Herat,Afghanistan,34.35,62.2,1.5,Trace,Normal
2022-07-08,Herat,Herat,Afghanistan,34.35,62.2,1.1,Trace,Normal
2022-07-09,Herat,Herat,Afghanistan,34.35,62.2,0.3,Trace,Normal
2022-07-11,Herat,Herat,Afghanistan,34.35,62.2,0.3,Trace,Normal
2022-07-12,Herat,Herat,Afghanistan,34.35,62.2,0.6,Trace,Normal
2022-07-15,Herat,Herat,Afghanistan,34.35,62.2,0.6,Trace,Normal
2022-07-16,Herat,Herat,Afghanistan,34.35,62.2,0.3,Trace,Normal
2022-07-17,Herat,Herat,Afghanistan,34.35,62.2,0.2,Trace,Normal
2022-07-20,Herat,Herat,Afghanistan,34.35,62.2,0.4,Trace,Normal
2022-07-21,Herat,Herat,Afghanistan,34.35,62.2,0.3,Trace,Normal
2022-08-01,Herat,Herat,Afghanistan,34.35,62.2,0.4,Trace,Normal
2022-08-05,Herat,Herat,Afghanistan,34.35,62.2,0.1,Trace,Normal
2022-08-10,Herat,Herat,Afghanistan,34.35,62.2,1.3,Trace,Normal
2022-08-14,Herat,Herat,Afghanistan,34.35,62.2,0.6,Trace,Normal
2022-08-16,Herat,Herat,Afghanistan,34.35,62.2,1.0,Trace,Normal
2022-08-17,Herat,Herat,Afghanistan,34.35,62.2,1.4,Trace,Normal
2022-08-18,Herat,Herat,Afghanistan,34.35,62.2,0.2,Trace,Normal
2022-08-20,Herat,Herat,Afghanistan,34.35,62.2,0.1,Trace,Normal
2022-08-24,Herat,Herat,Afghanistan,34.35,62.2,1.0,Trace,Normal
2022-08-28,Herat,Herat,Afghanistan,34.35,62.2,1.0,Trace,Normal
2022-09-01,Herat,Herat,Afghanistan,34.35,62.2,1.5,Trace,Normal
2022-09-05,Herat,Herat,Afghanistan,34.35,62.2,0.7,Trace,Normal
2022-09-06,Herat,Herat,Afghanistan,34.35,62.2,0.6,Trace,Normal
2022-09-07,Herat,Herat,Afghanistan,34.35,62.2,0.6,Trace,Normal
2022-09-10,Herat,Herat,Afghanistan,34.35,62.2,1.6,Trace,Normal
2022-09-16,Herat,Herat,Afghanistan,34.35,62.2,0.1,Trace,Normal
2022-09-19,Herat,Herat,Afghanistan,34.35,62.2,0.4,Trace,Normal
2022-09-20,Herat,Herat,Afghanistan,34.35,62.2,0.2,Trace,Normal
2022-09-22,Herat,Herat,Afghanistan,34.35,62.2,0.8,Trace,Normal
2022-09-23,Herat,Herat,Afghanistan,34.35,62.2,2.4,Trace,Normal
2022-09-27,Herat,Herat,Afghanistan,34.35,62.2,1.2,Trace,Normal
2022-09-29,Herat,Herat,Afghanistan,34.35,62.2,0.2,Trace,Normal
2022-10-03,Herat,Herat,Afghanistan,34.35,62.2,1.4,Trace,Normal
2022-10-06,Herat,Herat,Afghanistan,34.35,62.2,0.6,Trace,Normal
2022-10-07,Herat,Herat,Afghanistan,34.35,62.2,0.2,Trace,Normal
2022-10-11,Herat,Herat,Afghanistan,34.35,62.2,0.5,Trace,Normal
2022-10-12,Herat,Herat,Afghanistan,34.35,62.2,0.4,Trace,Normal
2022-10-15,Herat,Herat,Afghanistan,34.35,62.2,1.5,Trace,Normal
2022-10-17,Herat,Herat,Afghanistan,34.35,62.2,0.3,Trace,Normal
2022-10-18,Herat,Herat,Afghanistan,34.35,62.2,0.1,Trace,Normal
2022-10-19,Herat,Herat,Afghanistan,34.35,62.2,0.3,Trace,Normal
2022-10-21,Herat,Herat,Afghanistan,34.35,62.2,0.2,Trace,Normal
2022-10-25,Herat,Herat,Afghanistan,34.35,62.2,0.1,Trace,Normal
2022-10-31,Herat,Herat,Afghanistan,34.35,62.2,0.4,Trace,Normal
2022-11-01,Herat,Herat,Afghanistan,34.35,62.2,0.7,Trace,Normal
2022-11-02,Herat,Herat,Afghanistan,34.35,62.2,0.1,Trace,Normal
2022-11-05,Herat,Herat,Afghanistan,34.35,62.2,1.2,Trace,Normal
2022-11-16,Herat,Herat,Afghanistan,34.35,62.2,0.7,Trace,Normal
2022-11-20,Herat,Herat,Afghanistan,34.35,62.2,0.5,Trace,Normal
2022-11-23,Herat,Herat,Afghanistan,34.35,62.2,0.1,Trace,Normal
2022-12-03,Herat,Herat,Afghanistan,34.35,62.2,1.0,Trace,Normal
2022-12-09,Herat,Herat,Afghanistan,34.35,62.2,0.4,Trace,Normal
2022-12-10,Herat,Herat,Afghanistan,34.35,62.2,0.5,Trace,Normal
2022-12-12,Herat,Herat,Afghanistan,34.35,62.2,0.1,Trace,Normal
2022-12-15,Herat,Herat,Afghanistan,34.35,62.2,0.6,Trace,Normal
2022-12-18,Herat,Herat,Afghanistan,34.35,62.2,0.9,Trace,Normal
2022-12-19,Herat,Herat,Afghanistan,34.35,62.2,0.9,Trace,Normal
2022-12-20,Herat,Herat,Afghanistan,34.35,62.2,1.6,Trace,Normal
2022-12-25,Herat,Herat,Afghanistan,34.35,62.2,0.1,Trace,Normal
2022-12-27,Herat,Herat,Afghanistan,34.35,62.2,0.9,Trace,Normal
2022-12-29,Herat,Herat,Afghanistan,34.35,62.2,0.5,Trace,Normal
2023-01-01,Herat,Herat,Afghanistan,34.35,62.2,0.8,Trace,Normal
2023-01-02,Herat,Herat,Afghanistan,34.35,62.2,0.5,Trace,Normal
2023-01-04,Herat,Herat,Afghanistan,34.35,62.2,0.1,Trace,Normal
2023-01-05,Herat,Herat,Afghanistan,34.35,62.2,3.1,Trace,Normal
2023-01-06,Herat,Herat,Afghanistan,34.35,62.2,1.7,Trace,Normal
2023-01-07,Herat,Herat,Afghanistan,34.35,62.2,0.2,Trace,Normal
2023-01-08,Herat,Herat,Afghanistan,34.35,62.2,1.0,Trace,Normal
2023-01-12,Herat,Herat,Afghanistan,34.35,62.2,1.3,Trace,Normal
2023-01-16,Herat,Herat,Afghanistan,34.35,62.2,0.6,Trace,Normal
2023-01-17,Herat,Herat,Afghanistan,34.35,62.2,0.3,Trace,Normal
2023-01-18,Herat,Herat,Afghanistan,34.35,62.2,1.3,Trace,Normal
2023-01-24,Herat,Herat,Afghanistan,34.35,62.2,1.4,Trace,Normal
2023-01-27,Herat,Herat,Afghanistan,34.35,62.2,0.5,Trace,Normal
2023-02-02,Herat,Herat,Afghanistan,34.35,62.2,0.6,Trace,Normal
2023-02-03,Herat,Herat,Afghanistan,34.35,62.2,0.6,Trace,Normal
2023-02-08,Herat,Herat,Afghanistan,34.35,62.2,1.2,Trace,Heatwave
2023-02-09,Herat,Herat,Afghanistan,34.35,62.2,0.6,Trace,Normal
2023-02-15,Herat,Herat,Afghanistan,34.35,62.2,1.5,Trace,Normal
2023-02-19,Herat,Herat,Afghanistan,34.35,62.2,1.6,Trace,Normal
2023-02-22,Herat,Herat,Afghanistan,34.35,62.2,0.1,Trace,Normal
2023-02-25,Herat,Herat,Afghanistan,34.35,62.2,1.2,Trace,Normal
2023-02-27,Herat,Herat,Afghanistan,34.35,62.2,2.1,Trace,Normal
2023-03-09,Herat,Herat,Afghanistan,34.35,62.2,0.3,Trace,Normal
2023-03-10,Herat,Herat,Afghanistan,34.35,62.2,0.4,Trace,Normal
2023-03-11,Herat,Herat,Afghanistan,34.35,62.2,0.2,Trace,Heatwave
2023-03-16,Herat,Herat,Afghanistan,34.35,62.2,0.3,Trace,Heatwave
2023-03-25,Herat,Herat,Afghanistan,34.35,62.2,0.4,Trace,Heatwave
2023-03-26,Herat,Herat,Afghanistan,34.35,62.2,0.7,Trace,Normal
2023-03-30,Herat,Herat,Afghanistan,34.35,62.2,0.1,Trace,Normal
2023-04-03,Herat,Herat,Afghanistan,34.35,62.2,0.3,Trace,Normal
2023-04-04,Herat,Herat,Afghanistan,34.35,62.2,0.1,Trace,Heatwave
2023-04-08,Herat,Herat,Afghanistan,34.35,62.2,0.3,Trace,Normal
2023-04-10,Herat,Herat,Afghanistan,34.35,62.2,0.2,Trace,Normal
2023-04-12,Herat,Herat,Afghanistan,34.35,62.2,0.6,Trace,Heatwave
2023-04-14,Herat,Herat,Afghanistan,34.35,62.2,0.2,Trace,Normal
2023-04-19,Herat,Herat,Afghanistan,34.35,62.2,0.1,Trace,Normal
2023-04-23,Herat,Herat,Afghanistan,34.35,62.2,1.5,Trace,Normal
2023-05-01,Herat,Herat,Afghanistan,34.35,62.2,1.0,Trace,Heatwave
2023-05-03,Herat,Herat,Afghanistan,34.35,62.2,1.4,Trace,Normal
2023-05-04,Herat,Herat,Afghanistan,34.35,62.2,0.5,Trace,Heatwave
2023-05-06,Herat,Herat,Afghanistan,34.35,62.2,0.2,Trace,Normal
2023-05-08,Herat,Herat,Afghanistan,34.35,62.2,1.4,Trace,Normal
2023-05-09,Herat,Herat,Afghanistan,34.35,62.2,0.4,Trace,Normal
2023-05-13,Herat,Herat,Afghanistan,34.35,62.2,0.2,Trace,Normal
2023-05-18,Herat,Herat,Afghanistan,34.35,62.2,0.3,Trace,Normal
2023-05-20,Herat,Herat,Afghanistan,34.35,62.2,0.3,Trace,Normal
2023-05-24,Herat,Herat,Afghanistan,34.35,62.2,2.2,Trace,Normal
2023-05-25,Herat,Herat,Afghanistan,34.35,62.2,0.1,Trace,Normal
2023-05-26,Herat,Herat,Afghanistan,34.35,62.2,2.1,Trace,Normal
2023-05-27,Herat,Herat,Afghanistan,34.35,62.2,0.7,Trace,Normal
2023-05-28,Herat,Herat,Afghanistan,34.35,62.2,0.4,Trace,Normal
2023-05-29,Herat,Herat,Afghanistan,34.35,62.2,2.8,Trace,Normal
2023-05-31,Herat,Herat,Afghanistan,34.35,62.2,1.1,Trace,Normal
2023-06-02,Herat,Herat,Afghanistan,34.35,62.2,0.3,Trace,Normal
2023-06-03,Herat,Herat,Afghanistan,34.35,62.2,0.5,Trace,Normal
2023-06-07,Herat,Herat,Afghanistan,34.35,62.2,0.3,Trace,Normal
2023-06-12,Herat,Herat,Afghanistan,34.35,62.2,0.1,Trace,Normal
2023-06-13,Herat,Herat,Afghanistan,34.35,62.2,0.3,Trace,Normal
2023-06-14,Herat,Herat,Afghanistan,34.35,62.2,0.9,Trace,Normal
2023-06-15,Herat,Herat,Afghanistan,34.35,62.2,0.2,Trace,Normal
2023-06-17,Herat,Herat,Afghanistan,34.35,62.2,0.8,Trace,Normal
2023-06-18,Herat,Herat,Afghanistan,34.35,62.2,1.1,Trace,Normal
2023-06-22,Herat,Herat,Afghanistan,34.35,62.2,0.3,Trace,Normal
2023-06-28,Herat,Herat,Afghanistan,34.35,62.2,0.8,Trace,Normal
2023-06-30,Herat,Herat,Afghanistan,34.35,62.2,0.7,Trace,Normal
2023-07-01,Herat,Herat,Afghanistan,34.35,62.2,0.7,Trace,Normal
2023-07-05,Herat,Herat,Afghanistan,34.35,62.2,1.6,Trace,Normal
2023-07-13,Herat,Herat,Afghanistan,34.35,62.2,1.9,Trace,Normal
2023-07-15,Herat,Herat,Afghanistan,34.35,62.2,0.1,Trace,Normal
2023-07-21,Herat,Herat,Afghanistan,34.35,62.2,0.3,Trace,Normal
2023-07-23,Herat,Herat,Afghanistan,34.35,62.2,0.5,Trace,Normal
2023-07-30,Herat,Herat,Afghanistan,34.35,62.2,0.2,Trace,Normal
2023-08-03,Herat,Herat,Afghanistan,34.35,62.2,0.5,Trace,Normal
2023-08-07,Herat,Herat,Afghanistan,34.35,62.2,0.6,Trace,Normal
2023-08-12,Herat,Herat,Afghanistan,34.35,62.2,1.3,Trace,Normal
2023-08-17,Herat,Herat,Afghanistan,34.35,62.2,0.1,Trace,Normal
2023-08-30,Herat,Herat,Afghanistan,34.35,62.2,0.6,Trace,Normal
2023-08-31,Herat,Herat,Afghanistan,34.35,62.2,0.2,Trace,Normal
2023-09-04,Herat,Herat,Afghanistan,34.35,62.2,0.7,Trace,Normal
2023-09-05,Herat,Herat,Afghanistan,34.35,62.2,1.1,Trace,Normal
2023-09-07,Herat,Herat,Afghanistan,34.35,62.2,0.9,Trace,Normal
2023-09-12,Herat,Herat,Afghanistan,34.35,62.2,0.4,Trace,Normal
2023-09-15,Herat,Herat,Afghanistan,34.35,62.2,0.7,Trace,Normal
2023-09-16,Herat,Herat,Afghanistan,34.35,62.2,0.2,Trace,Normal
2023-09-17,Herat,Herat,Afghanistan,34.35,62.2,0.2,Trace,Normal
2023-09-19,Herat,Herat,Afghanistan,34.35,62.2,0.5,Trace,Normal
2023-09-30,Herat,Herat,Afghanistan,34.35,62.2,0.2,Trace,Normal
2023-10-03,Herat,Herat,Afghanistan,34.35,62.2,1.1,Trace,Normal
2023-10-04,Herat,Herat,Afghanistan,34.35,62.2,0.4,Trace,Normal
2023-10-07,Herat,Herat,Afghanistan,34.35,62.2,1.5,Trace,Normal
2023-10-12,Herat,Herat,Afghanistan,34.35,62.2,0.1,Trace,Normal
2023-10-14,Herat,Herat,Afghanistan,34.35,62.2,0.8,Trace,Normal
2023-10-16,Herat,Herat,Afghanistan,34.35,62.2,3.4,Trace,Normal
2023-10-18,Herat,Herat,Afghanistan,34.35,62.2,2.0,Trace,Normal
2023-10-23,Herat,Herat,Afghanistan,34.35,62.2,0.1,Trace,Normal
2023-10-30,Herat,Herat,Afghanistan,34.35,62.2,0.4,Trace,Normal
2023-11-07,Herat,Herat,Afghanistan,34.35,62.2,0.1,Trace,Normal
2023-11-09,Herat,Herat,Afghanistan,34.35,62.2,0.5,Trace,Normal
2023-11-13,Herat,Herat,Afghanistan,34.35,62.2,0.5,Trace,Normal
2023-11-17,Herat,Herat,Afghanistan,34.35,62.2,0.6,Trace,Normal
2023-11-23,Herat,Herat,Afghanistan,34.35,62.2,0.1,Trace,Normal
2023-11-25,Herat,Herat,Afghanistan,34.35,62.2,0.8,Trace,Normal
2023-11-26,Herat,Herat,Afghanistan,34.35,62.2,0.1,Trace,Normal
2023-11-28,Herat,Herat,Afghanistan,34.35,62.2,0.6,Trace,Normal
2023-11-29,Herat,Herat,Afghanistan,34.35,62.2,2.7,Trace,Normal
2023-12-01,Herat,Herat,Afghanistan,34.35,62.2,0.1,Trace,Normal
2023-12-02,Herat,Herat,Afghanistan,34.35,62.2,0.6,Trace,Normal
2023-12-08,Herat,Herat,Afghanistan,34.35,62.2,0.8,Trace,Normal
2023-12-25,Herat,Herat,Afghanistan,34.35,62.2,1.1,Trace,Normal
2023-12-27,Herat,Herat,Afghanistan,34.35,62.2,0.4,Trace,Normal
2023-12-29,Herat,Herat,Afghanistan,34.35,62.2,1.3,Trace,Normal
2023-12-30,Herat,Herat,Afghanistan,34.35,62.2,0.2,Trace,Normal
2022-01-01,Tehran,Tehran,Iran,35.69,51.42,0.2,Trace,Normal
2022-01-09,Tehran,Tehran,Iran,35.69,51.42,0.2,Trace,Normal
2022-01-11,Tehran,Tehran,Iran,35.69,51.42,1.9,Trace,Normal
2022-01-12,Tehran,Tehran,Iran,35.69,51.42,0.5,Trace,Normal
2022-01-16,Tehran,Tehran,Iran,35.69,51.42,1.1,Trace,Normal
2022-01-18,Tehran,Tehran,Iran,35.69,51.42,0.3,Trace,Normal
2022-01-25,Tehran,Tehran,Iran,35.69,51.42,0.2,Trace,Normal
2022-01-26,Tehran,Tehran,Iran,35.69,51.42,1.4,Trace,Normal
2022-01-28,Tehran,Tehran,Iran,35.69,51.42,0.3,Trace,Normal
2022-01-30,Tehran,Tehran,Iran,35.69,51.42,0.8,Trace,Normal
2022-02-02,Tehran,Tehran,Iran,35.69,51.42,0.2,Trace,Normal
2022-02-05,Tehran,Tehran,Iran,35.69,51.42,0.5,Trace,Normal
2022-02-06,Tehran,Tehran,Iran,35.69,51.42,2.1,Trace,Normal
2022-02-09,Tehran,Tehran,Iran,35.69,51.42,2.4,Trace,Normal
2022-02-13,Tehran,Tehran,Iran,35.69,51.42,1.4,Trace,Normal
2022-02-14,Tehran,Tehran,Iran,35.69,51.42,2.3,Trace,Normal
2022-02-21,Tehran,Tehran,Iran,35.69,51.42,0.2,Trace,Normal
2022-02-24,Tehran,Tehran,Iran,35.69,51.42,0.4,Trace,Normal
2022-02-27,Tehran,Tehran,Iran,35.69,51.42,1.0,Trace,Normal
2022-02-28,Tehran,Tehran,Iran,35.69,51.42,0.8,Trace,Normal
2022-03-05,Tehran,Tehran,Iran,35.69,51.42,0.1,Trace,Normal
2022-03-11,Tehran,Tehran,Iran,35.69,51.42,2.1,Trace,Normal
2022-03-12,Tehran,Tehran,Iran,35.69,51.42,0.6,Trace,Normal
2022-03-16,Tehran,Tehran,Iran,35.69,51.42,0.1,Trace,Normal
2022-03-18,Tehran,Tehran,Iran,35.69,51.42,2.0,Trace,Normal
2022-03-23,Tehran,Tehran,Iran,35.69,51.42,1.6,Trace,Normal
2022-03-24,Tehran,Tehran,Iran,35.69,51.42,0.1,Trace,Normal
2022-03-29,Tehran,Tehran,Iran,35.69,51.42,0.4,Trace,Normal
2022-04-02,Tehran,Tehran,Iran,35.69,51.42,0.1,Trace,Heatwave
2022-04-04,Tehran,Tehran,Iran,35.69,51.42,1.1,Trace,Normal
2022-04-05,Tehran,Tehran,Iran,35.69,51.42,0.3,Trace,Normal
2022-04-09,Tehran,Tehran,Iran,35.69,51.42,0.2,Trace,Normal
2022-04-14,Tehran,Tehran,Iran,35.69,51.42,1.5,Trace,Normal
2022-04-21,Tehran,Tehran,Iran,35.69,51.42,1.2,Trace,Heatwave
2022-04-23,Tehran,Tehran,Iran,35.69,51.42,0.5,Trace,Normal
2022-04-28,Tehran,Tehran,Iran,35.69,51.42,0.1,Trace,Normal
2022-04-30,Tehran,Tehran,Iran,35.69,51.42,2.9,Trace,Heatwave
2022-05-13,Tehran,Tehran,Iran,35.69,51.42,1.0,Trace,Normal
2022-05-15,Tehran,Tehran,Iran,35.69,51.42,1.2,Trace,Normal
2022-05-16,Tehran,Tehran,Iran,35.69,51.42,3.0,Trace,Normal
2022-05-18,Tehran,Tehran,Iran,35.69,51.42,0.6,Trace,Normal
2022-05-19,Tehran,Tehran,Iran,35.69,51.42,0.3,Trace,Normal
2022-05-30,Tehran,Tehran,Iran,35.69,51.42,0.8,Trace,Normal
2022-06-01,Tehran,Tehran,Iran,35.69,51.42,1.8,Trace,Normal
2022-06-08,Tehran,Tehran,Iran,35.69,51.42,0.5,Trace,Normal
2022-06-10,Tehran,Tehran,Iran,35.69,51.42,0.2,Trace,Normal
2022-06-18,Tehran,Tehran,Iran,35.69,51.42,0.5,Trace,Normal
2022-06-22,Tehran,Tehran,Iran,35.69,51.42,0.5,Trace,Normal
2022-06-24,Tehran,Tehran,Iran,35.69,51.42,0.1,Trace,Normal
2022-06-28,Tehran,Tehran,Iran,35.69,51.42,0.1,Trace,Normal
2022-06-30,Tehran,Tehran,Iran,35.69,51.42,0.1,Trace,Normal
2022-07-03,Tehran,Tehran,Iran,35.69,51.42,0.5,Trace,Normal
2022-07-04,Tehran,Tehran,Iran,35.69,51.42,0.5,Trace,Normal
2022-07-08,Tehran,Tehran,Iran,35.69,51.42,0.5,Trace,Normal
2022-07-09,Tehran,Tehran,Iran,35.69,51.42,0.3,Trace,Normal
2022-07-12,Tehran,Tehran,Iran,35.69,51.42,0.2,Trace,Normal
2022-07-16,Tehran,Tehran,Iran,35.69,51.42,1.5,Trace,Normal
2022-07-22,Tehran,Tehran,Iran,35.69,51.42,1.4,Trace,Normal
2022-07-24,Tehran,Tehran,Iran,35.69,51.42,0.1,Trace,Normal
2022-07-27,Tehran,Tehran,Iran,35.69,51.42,1.6,Trace,Normal
2022-08-03,Tehran,Tehran,Iran,35.69,51.42,0.5,Trace,Normal
2022-08-08,Tehran,Tehran,Iran,35.69,51.42,1.1,Trace,Normal
2022-08-16,Tehran,Tehran,Iran,35.69,51.42,0.1,Trace,Normal
2022-08-17,Tehran,Tehran,Iran,35.69,51.42,0.5,Trace,Normal
2022-08-19,Tehran,Tehran,Iran,35.69,51.42,0.2,Trace,Normal
2022-08-20,Tehran,Tehran,Iran,35.69,51.42,2.4,Trace,Normal
2022-08-21,Tehran,Tehran,Iran,35.69,51.42,0.3,Trace,Normal
2022-08-23,Tehran,Tehran,Iran,35.69,51.42,0.2,Trace,Normal
2022-08-31,Tehran,Tehran,Iran,35.69,51.42,0.3,Trace,Normal
2022-09-01,Tehran,Tehran,Iran,35.69,51.42,0.2,Trace,Normal
2022-09-02,Tehran,Tehran,Iran,35.69,51.42,2.3,Trace,Normal
2022-09-05,Tehran,Tehran,Iran,35.69,51.42,0.3,Trace,Normal
2022-09-06,Tehran,Tehran,Iran,35.69,51.42,1.8,Trace,Normal
2022-09-13,Tehran,Tehran,Iran,35.69,51.42,1.5,Trace,Normal
2022-09-16,Tehran,Tehran,Iran,35.69,51.42,1.3,Trace,Normal
2022-09-20,Tehran,Tehran,Iran,35.69,51.42,0.2,Trace,Normal
2022-09-22,Tehran,Tehran,Iran,35.69,51.42,0.5,Trace,Normal
2022-09-26,Tehran,Tehran,Iran,35.69,51.42,0.3,Trace,Normal
2022-09-27,Tehran,Tehran,Iran,35.69,51.42,0.2,Trace,Normal
2022-10-12,Tehran,Tehran,Iran,35.69,51.42,0.7,Trace,Normal
2022-10-14,Tehran,Tehran,Iran,35.69,51.42,0.4,Trace,Normal
2022-10-15,Tehran,Tehran,Iran,35.69,51.42,0.1,Trace,Normal
2022-10-18,Tehran,Tehran,Iran,35.69,51.42,0.2,Trace,Normal
2022-10-22,Tehran,Tehran,Iran,35.69,51.42,0.3,Trace,Normal
2022-10-24,Tehran,Tehran,Iran,35.69,51.42,1.2,Trace,Normal
2022-10-27,Tehran,Tehran,Iran,35.69,51.42,0.2,Trace,Normal
2022-10-30,Tehran,Tehran,Iran,35.69,51.42,0.6,Trace,Normal
2022-10-31,Tehran,Tehran,Iran,35.69,51.42,0.2,Trace,Normal
2022-11-05,Tehran,Tehran,Iran,35.69,51.42,0.1,Trace,Normal
2022-11-18,Tehran,Tehran,Iran,35.69,51.42,0.2,Trace,Normal
2022-12-05,Tehran,Tehran,Iran,35.69,51.42,0.7,Trace,Normal
2022-12-07,Tehran,Tehran,Iran,35.69,51.42,0.5,Trace,Normal
2022-12-08,Tehran,Tehran,Iran,35.69,51.42,0.9,Trace,Normal
2022-12-11,Tehran,Tehran,Iran,35.69,51.42,0.1,Trace,Normal
2022-12-12,Tehran,Tehran,Iran,35.69,51.42,1.2,Trace,Normal
2022-12-13,Tehran,Tehran,Iran,35.69,51.42,0.7,Trace,Normal
2022-12-17,Tehran,Tehran,Iran,35.69,51.42,0.1,Trace,Normal
2022-12-20,Tehran,Tehran,Iran,35.69,51.42,1.4,Trace,Normal
2022-12-26,Tehran,Tehran,Iran,35.69,51.42,0.3,Trace,Normal
2022-12-28,Tehran,Tehran,Iran,35.69,51.42,0.3,Trace,Normal
2022-12-31,Tehran,Tehran,Iran,35.69,51.42,0.5,Trace,Normal
2023-01-05,Tehran,Tehran,Iran,35.69,51.42,0.1,Trace,Normal
2023-01-07,Tehran,Tehran,Iran,35.69,51.42,0.1,Trace,Normal
2023-01-09,Tehran,Tehran,Iran,35.69,51.42,0.1,Trace,Normal
2023-01-10,Tehran,Tehran,Iran,35.69,51.42,0.6,Trace,Normal
2023-01-11,Tehran,Tehran,Iran,35.69,51.42,0.3,Trace,Normal
2023-01-12,Tehran,Tehran,Iran,35.69,51.42,1.8,Trace,Normal
2023-01-13,Tehran,Tehran,Iran,35.69,51.42,0.6,Trace,Normal
2023-01-14,Tehran,Tehran,Iran,35.69,51.42,0.3,Trace,Normal
2023-01-15,Tehran,Tehran,Iran,35.69,51.42,0.3,Trace,Normal
2023-01-20,Tehran,Tehran,Iran,35.69,51.42,0.9,Trace,Normal
2023-01-21,Tehran,Tehran,Iran,35.69,51.42,0.9,Trace,Normal
2023-01-23,Tehran,Tehran,Iran,35.69,51.42,1.5,Trace,Normal
2023-01-27,Tehran,Tehran,Iran,35.69,51.42,2.7,Trace,Normal
2023-01-28,Tehran,Tehran,Iran,35.69,51.42,0.5,Trace,Normal
2023-01-31,Tehran,Tehran,Iran,35.69,51.42,0.4,Trace,Normal
2023-02-03,Tehran,Tehran,Iran,35.69,51.42,0.1,Trace,Normal
2023-02-04,Tehran,Tehran,Iran,35.69,51.42,0.7,Trace,Normal
2023-02-06,Tehran,Tehran,Iran,35.69,51.42,0.8,Trace,Normal
2023-02-07,Tehran,Tehran,Iran,35.69,51.42,0.5,Trace,Normal
2023-02-08,Tehran,Tehran,Iran,35.69,51.42,0.6,Trace,Normal
2023-02-09,Tehran,Tehran,Iran,35.69,51.42,0.4,Trace,Normal
2023-02-13,Tehran,Tehran,Iran,35.69,51.42,0.3,Trace,Normal
2023-02-14,Tehran,Tehran,Iran,35.69,51.42,0.6,Trace,Normal
2023-02-16,Tehran,Tehran,Iran,35.69,51.42,0.4,Trace,Normal
2023-02-18,Tehran,Tehran,Iran,35.69,51.42,0.8,Trace,Normal
2023-02-21,Tehran,Tehran,Iran,35.69,51.42,2.8,Trace,Normal
2023-02-26,Tehran,Tehran,Iran,35.69,51.42,0.1,Trace,Normal
2023-03-06,Tehran,Tehran,Iran,35.69,51.42,2.2,Trace,Normal
2023-03-08,Tehran,Tehran,Iran,35.69,51.42,0.3,Trace,Normal
2023-03-09,Tehran,Tehran,Iran,35.69,51.42,1.1,Trace,Normal
2023-03-10,Tehran,Tehran,Iran,35.69,51.42,0.3,Trace,Normal
2023-03-12,Tehran,Tehran,Iran,35.69,51.42,0.3,Trace,Normal
2023-03-13,Tehran,Tehran,Iran,35.69,51.42,1.1,Trace,Normal
2023-03-15,Tehran,Tehran,Iran,35.69,51.42,0.1,Trace,Normal
2023-03-16,Tehran,Tehran,Iran,35.69,51.42,0.1,Trace,Normal
2023-03-22,Tehran,Tehran,Iran,35.69,51.42,0.2,Trace,Normal
2023-03-23,Tehran,Tehran,Iran,35.69,51.42,2.2,Trace,Normal
2023-03-29,Tehran,Tehran,Iran,35.69,51.42,0.1,Trace,Normal
2023-03-31,Tehran,Tehran,Iran,35.69,51.42,1.4,Trace,Normal
2023-04-02,Tehran,Tehran,Iran,35.69,51.42,1.1,Trace,Normal
2023-04-03,Tehran,Tehran,Iran,35.69,51.42,0.6,Trace,Normal
2023-04-04,Tehran,Tehran,Iran,35.69,51.42,0.1,Trace,Normal
2023-04-07,Tehran,Tehran,Iran,35.69,51.42,2.6,Trace,Normal
2023-04-10,Tehran,Tehran,Iran,35.69,51.42,0.9,Trace,Normal
2023-04-11,Tehran,Tehran,Iran,35.69,51.42,1.3,Trace,Normal
2023-04-14,Tehran,Tehran,Iran,35.69,51.42,0.5,Trace,Normal
2023-04-18,Tehran,Tehran,Iran,35.69,51.42,0.2,Trace,Normal
2023-04-21,Tehran,Tehran,Iran,35.69,51.42,0.1,Trace,Normal
2023-04-23,Tehran,Tehran,Iran,35.69,51.42,0.2,Trace,Normal
2023-05-06,Tehran,Tehran,Iran,35.69,51.42,0.1,Trace,Normal
2023-05-08,Tehran,Tehran,Iran,35.69,51.42,0.3,Trace,Normal
2023-05-11,Tehran,Tehran,Iran,35.69,51.42,0.5,Trace,Heatwave
2023-05-14,Tehran,Tehran,Iran,35.69,51.42,0.4,Trace,Normal
2023-05-15,Tehran,Tehran,Iran,35.69,51.42,1.5,Trace,Normal
2023-05-23,Tehran,Tehran,Iran,35.69,51.42,3.5,Trace,Normal
2023-05-24,Tehran,Tehran,Iran,35.69,51.42,0.9,Trace,Normal
2023-05-26,Tehran,Tehran,Iran,35.69,51.42,2.0,Trace,Normal
2023-05-28,Tehran,Tehran,Iran,35.69,51.42,1.1,Trace,Normal
2023-05-31,Tehran,Tehran,Iran,35.69,51.42,2.1,Trace,Normal
2023-06-03,Tehran,Tehran,Iran,35.69,51.42,0.6,Trace,Normal
2023-06-04,Tehran,Tehran,Iran,35.69,51.42,1.7,Trace,Normal
2023-06-06,Tehran,Tehran,Iran,35.69,51.42,0.7,Trace,Normal
2023-06-11,Tehran,Tehran,Iran,35.69,51.42,0.3,Trace,Normal
2023-06-15,Tehran,Tehran,Iran,35.69,51.42,1.0,Trace,Normal
2023-06-18,Tehran,Tehran,Iran,35.69,51.42,0.2,Trace,Normal
2023-06-21,Tehran,Tehran,Iran,35.69,51.42,3.4,Trace,Normal
2023-06-22,Tehran,Tehran,Iran,35.69,51.42,1.7,Trace,Normal
2023-06-24,Tehran,Tehran,Iran,35.69,51.42,0.4,Trace,Normal
2023-06-27,Tehran,Tehran,Iran,35.69,51.42,1.7,Trace,Normal
2023-06-28,Tehran,Tehran,Iran,35.69,51.42,1.3,Trace,Normal
2023-06-30,Tehran,Tehran,Iran,35.69,51.42,0.1,Trace,Normal
2023-07-01,Tehran,Tehran,Iran,35.69,51.42,0.7,Trace,Normal
2023-07-05,Tehran,Tehran,Iran,35.69,51.42,0.1,Trace,Normal
2023-07-10,Tehran,Tehran,Iran,35.69,51.42,1.1,Trace,Normal
2023-07-11,Tehran,Tehran,Iran,35.69,51.42,0.2,Trace,Normal
2023-07-13,Tehran,Tehran,Iran,35.69,51.42,2.1,Trace,Normal
2023-07-14,Tehran,Tehran,Iran,35.69,51.42,1.0,Trace,Normal
2023-07-17,Tehran,Tehran,Iran,35.69,51.42,0.7,Trace,Normal
2023-07-21,Tehran,Tehran,Iran,35.69,51.42,0.2,Trace,Normal
2023-07-22,Tehran,Tehran,Iran,35.69,51.42,0.4,Trace,Normal
2023-07-26,Tehran,Tehran,Iran,35.69,51.42,0.8,Trace,Normal
2023-07-28,Tehran,Tehran,Iran,35.69,51.42,0.1,Trace,Normal
2023-07-30,Tehran,Tehran,Iran,35.69,51.42,3.0,Trace,Normal
2023-08-06,Tehran,Tehran,Iran,35.69,51.42,1.3,Trace,Normal
2023-08-09,Tehran,Tehran,Iran,35.69,51.42,0.1,Trace,Normal
2023-08-12,Tehran,Tehran,Iran,35.69,51.42,0.6,Trace,Normal
2023-08-13,Tehran,Tehran,Iran,35.69,51.42,0.1,Trace,Normal
2023-08-14,Tehran,Tehran,Iran,35.69,51.42,0.6,Trace,Normal
2023-08-15,Tehran,Tehran,Iran,35.69,51.42,0.2,Trace,Normal
2023-08-16,Tehran,Tehran,Iran,35.69,51.42,2.6,Trace,Normal
2023-08-19,Tehran,Tehran,Iran,35.69,51.42,0.2,Trace,Normal
2023-08-22,Tehran,Tehran,Iran,35.69,51.42,0.1,Trace,Normal
2023-08-24,Tehran,Tehran,Iran,35.69,51.42,0.4,Trace,Normal
2023-08-27,Tehran,Tehran,Iran,35.69,51.42,0.2,Trace,Normal
2023-08-28,Tehran,Tehran,Iran,35.69,51.42,1.0,Trace,Normal
2023-08-31,Tehran,Tehran,Iran,35.69,51.42,0.1,Trace,Normal
2023-09-02,Tehran,Tehran,Iran,35.69,51.42,0.3,Trace,Normal
2023-09-06,Tehran,Tehran,Iran,35.69,51.42,1.2,Trace,Normal
2023-09-07,Tehran,Tehran,Iran,35.69,51.42,2.3,Trace,Normal
2023-09-10,Tehran,Tehran,Iran,35.69,51.42,0.2,Trace,Normal
2023-09-11,Tehran,Tehran,Iran,35.69,51.42,0.4,Trace,Normal
2023-09-13,Tehran,Tehran,Iran,35.69,51.42,1.9,Trace,Normal
2023-09-17,Tehran,Tehran,Iran,35.69,51.42,0.1,Trace,Normal
2023-09-19,Tehran,Tehran,Iran,35.69,51.42,0.2,Trace,Normal
2023-09-22,Tehran,Tehran,Iran,35.69,51.42,0.1,Trace,Normal
2023-09-23,Tehran,Tehran,Iran,35.69,51.42,1.4,Trace,Normal
2023-09-24,Tehran,Tehran,Iran,35.69,51.42,1.7,Trace,Normal
2023-09-26,Tehran,Tehran,Iran,35.69,51.42,1.4,Trace,Normal
2023-09-27,Tehran,Tehran,Iran,35.69,51.42,0.3,Trace,Normal
2023-10-01,Tehran,Tehran,Iran,35.69,51.42,0.9,Trace,Normal
2023-10-13,Tehran,Tehran,Iran,35.69,51.42,0.9,Trace,Normal
2023-10-14,Tehran,Tehran,Iran,35.69,51.42,0.4,Trace,Normal
2023-10-23,Tehran,Tehran,Iran,35.69,51.42,0.2,Trace,Normal
2023-10-27,Tehran,Tehran,Iran,35.69,51.42,0.7,Trace,Normal
2023-10-30,Tehran,Tehran,Iran,35.69,51.42,0.3,Trace,Normal
2023-10-31,Tehran,Tehran,Iran,35.69,51.42,0.4,Trace,Normal
2023-11-01,Tehran,Tehran,Iran,35.69,51.42,0.3,Trace,Normal
2023-11-04,Tehran,Tehran,Iran,35.69,51.42,0.9,Trace,Normal
2023-11-05,Tehran,Tehran,Iran,35.69,51.42,1.3,Trace,Normal
2023-11-07,Tehran,Tehran,Iran,35.69,51.42,0.8,Trace,Normal
2023-11-08,Tehran,Tehran,Iran,35.69,51.42,0.1,Trace,Normal
2023-11-13,Tehran,Tehran,Iran,35.69,51.42,1.1,Trace,Normal
2023-11-21,Tehran,Tehran,Iran,35.69,51.42,0.4,Trace,Normal
2023-11-22,Tehran,Tehran,Iran,35.69,51.42,1.7,Trace,Normal
2023-11-24,Tehran,Tehran,Iran,35.69,51.42,0.3,Trace,Normal
2023-11-25,Tehran,Tehran,Iran,35.69,51.42,0.3,Trace,Normal
2023-11-29,Tehran,Tehran,Iran,35.69,51.42,3.5,Trace,Normal
2023-12-01,Tehran,Tehran,Iran,35.69,51.42,1.6,Trace,Normal
2023-12-05,Tehran,Tehran,Iran,35.69,51.42,0.8,Trace,Normal
2023-12-08,Tehran,Tehran,Iran,35.69,51.42,0.4,Trace,Normal
2023-12-09,Tehran,Tehran,Iran,35.69,51.42,0.4,Trace,Normal
2023-12-11,Tehran,Tehran,Iran,35.69,51.42,0.1,Trace,Normal
2023-12-13,Tehran,Tehran,Iran,35.69,51.42,0.1,Trace,Normal
2023-12-15,Tehran,Tehran,Iran,35.69,51.42,0.3,Trace,Normal
2023-12-18,Tehran,Tehran,Iran,35.69,51.42,0.6,Trace,Normal
2023-12-20,Tehran,Tehran,Iran,35.69,51.42,0.3,Trace,Normal
2023-12-21,Tehran,Tehran,Iran,35.69,51.42,1.9,Trace,Normal
2023-12-22,Tehran,Tehran,Iran,35.69,51.42,0.2,Trace,Normal
2023-12-30,Tehran,Tehran,Iran,35.69,51.42,2.8,Trace,Normal
2022-01-02,Mashhad,Mashhad,Iran,36.3,59.6,1.5,Trace,Normal
2022-01-05,Mashhad,Mashhad,Iran,36.3,59.6,0.5,Trace,Normal
2022-01-07,Mashhad,Mashhad,Iran,36.3,59.6,0.1,Trace,Normal
2022-01-09,Mashhad,Mashhad,Iran,36.3,59.6,0.3,Trace,Normal
2022-01-10,Mashhad,Mashhad,Iran,36.3,59.6,0.3,Trace,Normal
2022-01-11,Mashhad,Mashhad,Iran,36.3,59.6,0.1,Trace,Normal
2022-01-12,Mashhad,Mashhad,Iran,36.3,59.6,0.1,Trace,Normal
2022-01-19,Mashhad,Mashhad,Iran,36.3,59.6,0.7,Trace,Normal
2022-01-21,Mashhad,Mashhad,Iran,36.3,59.6,0.8,Trace,Normal
2022-01-23,Mashhad,Mashhad,Iran,36.3,59.6,1.1,Trace,Normal
2022-01-26,Mashhad,Mashhad,Iran,36.3,59.6,1.4,Trace,Normal
2022-01-28,Mashhad,Mashhad,Iran,36.3,59.6,0.3,Trace,Normal
2022-01-31,Mashhad,Mashhad,Iran,36.3,59.6,0.3,Trace,Normal
2022-02-02,Mashhad,Mashhad,Iran,36.3,59.6,0.4,Trace,Normal
2022-02-05,Mashhad,Mashhad,Iran,36.3,59.6,0.2,Trace,Normal
2022-02-09,Mashhad,Mashhad,Iran,36.3,59.6,0.5,Trace,Normal
2022-02-11,Mashhad,Mashhad,Iran,36.3,59.6,0.8,Trace,Normal
2022-02-15,Mashhad,Mashhad,Iran,36.3,59.6,1.6,Trace,Normal
2022-02-19,Mashhad,Mashhad,Iran,36.3,59.6,1.0,Trace,Normal
2022-02-24,Mashhad,Mashhad,Iran,36.3,59.6,0.3,Trace,Normal
2022-03-04,Mashhad,Mashhad,Iran,36.3,59.6,0.3,Trace,Normal
2022-03-06,Mashhad,Mashhad,Iran,36.3,59.6,0.4,Trace,Normal
2022-03-07,Mashhad,Mashhad,Iran,36.3,59.6,0.5,Trace,Normal
2022-03-09,Mashhad,Mashhad,Iran,36.3,59.6,0.6,Trace,Normal
2022-03-12,Mashhad,Mashhad,Iran,36.3,59.6,0.1,Trace,Normal
2022-03-13,Mashhad,Mashhad,Iran,36.3,59.6,0.1,Trace,Normal
2022-03-14,Mashhad,Mashhad,Iran,36.3,59.6,0.2,Trace,Normal
2022-03-16,Mashhad,Mashhad,Iran,36.3,59.6,0.4,Trace,Heatwave
2022-03-17,Mashhad,Mashhad,Iran,36.3,59.6,0.1,Trace,Normal
2022-03-19,Mashhad,Mashhad,Iran,36.3,59.6,0.4,Trace,Normal
2022-03-20,Mashhad,Mashhad,Iran,36.3,59.6,0.8,Trace,Normal
2022-03-31,Mashhad,Mashhad,Iran,36.3,59.6,0.4,Trace,Heatwave
2022-04-08,Mashhad,Mashhad,Iran,36.3,59.6,0.2,Trace,Normal
2022-04-12,Mashhad,Mashhad,Iran,36.3,59.6,2.9,Trace,Normal
2022-04-13,Mashhad,Mashhad,Iran,36.3,59.6,1.3,Trace,Heatwave
2022-04-15,Mashhad,Mashhad,Iran,36.3,59.6,0.1,Trace,Normal
2022-04-19,Mashhad,Mashhad,Iran,36.3,59.6,0.2,Trace,Normal
2022-04-22,Mashhad,Mashhad,Iran,36.3,59.6,0.5,Trace,Normal
2022-04-23,Mashhad,Mashhad,Iran,36.3,59.6,0.2,Trace,Normal
2022-04-25,Mashhad,Mashhad,Iran,36.3,59.6,0.3,Trace,Normal
2022-04-30,Mashhad,Mashhad,Iran,36.3,59.6,0.8,Trace,Normal
2022-05-05,Mashhad,Mashhad,Iran,36.3,59.6,0.5,Trace,Normal
2022-05-15,Mashhad,Mashhad,Iran,36.3,59.6,0.4,Trace,Normal
2022-05-19,Mashhad,Mashhad,Iran,36.3,59.6,0.2,Trace,Normal
2022-05-21,Mashhad,Mashhad,Iran,36.3,59.6,0.6,Trace,Normal
2022-05-23,Mashhad,Mashhad,Iran,36.3,59.6,0.6,Trace,Normal
2022-05-24,Mashhad,Mashhad,Iran,36.3,59.6,0.5,Trace,Normal
2022-05-30,Mashhad,Mashhad,Iran,36.3,59.6,0.1,Trace,Normal
2022-05-31,Mashhad,Mashhad,Iran,36.3,59.6,0.6,Trace,Normal
2022-06-02,Mashhad,Mashhad,Iran,36.3,59.6,0.4,Trace,Normal
2022-06-03,Mashhad,Mashhad,Iran,36.3,59.6,0.4,Trace,Normal
2022-06-08,Mashhad,Mashhad,Iran,36.3,59.6,0.6,Trace,Normal
2022-06-12,Mashhad,Mashhad,Iran,36.3,59.6,0.4,Trace,Normal
2022-06-15,Mashhad,Mashhad,Iran,36.3,59.6,0.2,Trace,Normal
2022-06-16,Mashhad,Mashhad,Iran,36.3,59.6,0.1,Trace,Normal
2022-06-18,Mashhad,Mashhad,Iran,36.3,59.6,0.1,Trace,Normal
2022-06-19,Mashhad,Mashhad,Iran,36.3,59.6,0.1,Trace,Normal
2022-06-24,Mashhad,Mashhad,Iran,36.3,59.6,0.1,Trace,Normal
2022-06-25,Mashhad,Mashhad,Iran,36.3,59.6,0.3,Trace,Normal
2022-07-02,Mashhad,Mashhad,Iran,36.3,59.6,1.0,Trace,Normal
2022-07-06,Mashhad,Mashhad,Iran,36.3,59.6,1.0,Trace,Normal
2022-07-07,Mashhad,Mashhad,Iran,36.3,59.6,0.5,Trace,Normal
2022-07-09,Mashhad,Mashhad,Iran,36.3,59.6,0.8,Trace,Normal
2022-07-10,Mashhad,Mashhad,Iran,36.3,59.6,0.7,Trace,Normal
2022-07-11,Mashhad,Mashhad,Iran,36.3,59.6,0.6,Trace,Normal
2022-07-13,Mashhad,Mashhad,Iran,36.3,59.6,0.1,Trace,Normal
2022-07-16,Mashhad,Mashhad,Iran,36.3,59.6,0.6,Trace,Normal
2022-07-20,Mashhad,Mashhad,Iran,36.3,59.6,0.2,Trace,Normal
2022-07-21,Mashhad,Mashhad,Iran,36.3,59.6,0.4,Trace,Normal
2022-07-22,Mashhad,Mashhad,Iran,36.3,59.6,1.5,Trace,Normal
2022-07-24,Mashhad,Mashhad,Iran,36.3,59.6,0.9,Trace,Normal
2022-07-26,Mashhad,Mashhad,Iran,36.3,59.6,0.6,Trace,Normal
2022-07-28,Mashhad,Mashhad,Iran,36.3,59.6,0.1,Trace,Normal
2022-07-30,Mashhad,Mashhad,Iran,36.3,59.6,0.9,Trace,Normal
2022-07-31,Mashhad,Mashhad,Iran,36.3,59.6,0.1,Trace,Normal
2022-08-04,Mashhad,Mashhad,Iran,36.3,59.6,0.2,Trace,Normal
2022-08-06,Mashhad,Mashhad,Iran,36.3,59.6,0.1,Trace,Normal
2022-08-08,Mashhad,Mashhad,Iran,36.3,59.6,0.1,Trace,Normal
2022-08-12,Mashhad,Mashhad,Iran,36.3,59.6,0.2,Trace,Normal
2022-08-18,Mashhad,Mashhad,Iran,36.3,59.6,0.4,Trace,Normal
2022-08-19,Mashhad,Mashhad,Iran,36.3,59.6,0.1,Trace,Normal
2022-08-21,Mashhad,Mashhad,Iran,36.3,59.6,0.3,Trace,Normal
2022-08-23,Mashhad,Mashhad,Iran,36.3,59.6,0.1,Trace,Normal
2022-08-24,Mashhad,Mashhad,Iran,36.3,59.6,0.1,Trace,Normal
2022-08-28,Mashhad,Mashhad,Iran,36.3,59.6,0.2,Trace,Normal
2022-08-29,Mashhad,Mashhad,Iran,36.3,59.6,0.3,Trace,Normal
2022-08-31,Mashhad,Mashhad,Iran,36.3,59.6,0.3,Trace,Normal
2022-09-01,Mashhad,Mashhad,Iran,36.3,59.6,0.1,Trace,Normal
2022-09-02,Mashhad,Mashhad,Iran,36.3,59.6,0.4,Trace,Normal
2022-09-04,Mashhad,Mashhad,Iran,36.3,59.6,0.5,Trace,Normal
2022-09-08,Mashhad,Mashhad,Iran,36.3,59.6,1.3,Trace,Normal
2022-09-12,Mashhad,Mashhad,Iran,36.3,59.6,0.4,Trace,Normal
2022-09-15,Mashhad,Mashhad,Iran,36.3,59.6,0.3,Trace,Normal
2022-09-22,Mashhad,Mashhad,Iran,36.3,59.6,1.2,Trace,Normal
2022-09-23,Mashhad,Mashhad,Iran,36.3,59.6,1.6,Trace,Normal
2022-09-28,Mashhad,Mashhad,Iran,36.3,59.6,1.2,Trace,Normal
2022-09-30,Mashhad,Mashhad,Iran,36.3,59.6,1.0,Trace,Normal
2022-10-03,Mashhad,Mashhad,Iran,36.3,59.6,0.5,Trace,Normal
2022-10-04,Mashhad,Mashhad,Iran,36.3,59.6,2.1,Trace,Normal
2022-10-05,Mashhad,Mashhad,Iran,36.3,59.6,0.3,Trace,Normal
2022-10-07,Mashhad,Mashhad,Iran,36.3,59.6,0.9,Trace,Normal
2022-10-08,Mashhad,Mashhad,Iran,36.3,59.6,0.6,Trace,Normal
2022-10-14,Mashhad,Mashhad,Iran,36.3,59.6,0.4,Trace,Normal
2022-10-19,Mashhad,Mashhad,Iran,36.3,59.6,0.1,Trace,Normal
2022-10-23,Mashhad,Mashhad,Iran,36.3,59.6,1.1,Trace,Normal
2022-10-25,Mashhad,Mashhad,Iran,36.3,59.6,0.2,Trace,Normal
2022-10-30,Mashhad,Mashhad,Iran,36.3,59.6,0.2,Trace,Normal
2022-11-07,Mashhad,Mashhad,Iran,36.3,59.6,0.4,Trace,Normal
2022-11-10,Mashhad,Mashhad,Iran,36.3,59.6,0.1,Trace,Normal
2022-11-12,Mashhad,Mashhad,Iran,36.3,59.6,0.3,Trace,Normal
2022-11-13,Mashhad,Mashhad,Iran,36.3,59.6,0.6,Trace,Normal
2022-11-14,Mashhad,Mashhad,Iran,36.3,59.6,0.1,Trace,Normal
2022-11-18,Mashhad,Mashhad,Iran,36.3,59.6,0.1,Trace,Normal
2022-11-19,Mashhad,Mashhad,Iran,36.3,59.6,0.3,Trace,Normal
2022-11-20,Mashhad,Mashhad,Iran,36.3,59.6,0.2,Trace,Normal
2022-11-21,Mashhad,Mashhad,Iran,36.3,59.6,0.2,Trace,Normal
2022-11-23,Mashhad,Mashhad,Iran,36.3,59.6,2.4,Trace,Normal
2022-11-27,Mashhad,Mashhad,Iran,36.3,59.6,0.2,Trace,Normal
2022-11-29,Mashhad,Mashhad,Iran,36.3,59.6,0.5,Trace,Normal
2022-12-02,Mashhad,Mashhad,Iran,36.3,59.6,0.5,Trace,Normal
2022-12-03,Mashhad,Mashhad,Iran,36.3,59.6,2.6,Trace,Normal
2022-12-06,Mashhad,Mashhad,Iran,36.3,59.6,0.1,Trace,Normal
2022-12-07,Mashhad,Mashhad,Iran,36.3,59.6,0.1,Trace,Normal
2022-12-08,Mashhad,Mashhad,Iran,36.3,59.6,0.2,Trace,Normal
2022-12-09,Mashhad,Mashhad,Iran,36.3,59.6,0.2,Trace,Normal
2022-12-10,Mashhad,Mashhad,Iran,36.3,59.6,0.6,Trace,Normal
2022-12-12,Mashhad,Mashhad,Iran,36.3,59.6,0.1,Trace,Normal
2022-12-14,Mashhad,Mashhad,Iran,36.3,59.6,2.1,Trace,Normal
2022-12-19,Mashhad,Mashhad,Iran,36.3,59.6,0.2,Trace,Normal
2022-12-24,Mashhad,Mashhad,Iran,36.3,59.6,0.3,Trace,Normal
2022-12-30,Mashhad,Mashhad,Iran,36.3,59.6,0.2,Trace,Normal
2023-01-01,Mashhad,Mashhad,Iran,36.3,59.6,0.1,Trace,Normal
2023-01-08,Mashhad,Mashhad,Iran,36.3,59.6,0.1,Trace,Normal
2023-01-09,Mashhad,Mashhad,Iran,36.3,59.6,0.8,Trace,Normal
2023-01-10,Mashhad,Mashhad,Iran,36.3,59.6,0.2,Trace,Normal
2023-01-11,Mashhad,Mashhad,Iran,36.3,59.6,1.0,Trace,Normal
2023-01-14,Mashhad,Mashhad,Iran,36.3,59.6,1.4,Trace,Normal
2023-01-23,Mashhad,Mashhad,Iran,36.3,59.6,1.8,Trace,Normal
2023-01-24,Mashhad,Mashhad,Iran,36.3,59.6,0.1,Trace,Normal
2023-01-28,Mashhad,Mashhad,Iran,36.3,59.6,0.2,Trace,Normal
2023-01-29,Mashhad,Mashhad,Iran,36.3,59.6,0.6,Trace,Normal
2023-02-03,Mashhad,Mashhad,Iran,36.3,59.6,0.4,Trace,Normal
2023-02-10,Mashhad,Mashhad,Iran,36.3,59.6,0.1,Trace,Normal
2023-02-12,Mashhad,Mashhad,Iran,36.3,59.6,0.5,Trace,Normal
2023-02-13,Mashhad,Mashhad,Iran,36.3,59.6,0.3,Trace,Normal
2023-02-20,Mashhad,Mashhad,Iran,36.3,59.6,0.1,Trace,Normal
2023-02-21,Mashhad,Mashhad,Iran,36.3,59.6,0.2,Trace,Normal
2023-02-23,Mashhad,Mashhad,Iran,36.3,59.6,0.2,Trace,Normal
2023-03-01,Mashhad,Mashhad,Iran,36.3,59.6,1.4,Trace,Normal
2023-03-03,Mashhad,Mashhad,Iran,36.3,59.6,1.0,Trace,Normal
2023-03-05,Mashhad,Mashhad,Iran,36.3,59.6,0.5,Trace,Normal
2023-03-06,Mashhad,Mashhad,Iran,36.3,59.6,0.3,Trace,Normal
2023-03-08,Mashhad,Mashhad,Iran,36.3,59.6,1.0,Trace,Normal
2023-03-11,Mashhad,Mashhad,Iran,36.3,59.6,0.4,Trace,Normal
2023-03-12,Mashhad,Mashhad,Iran,36.3,59.6,0.1,Trace,Normal
2023-03-13,Mashhad,Mashhad,Iran,36.3,59.6,0.1,Trace,Normal
2023-03-16,Mashhad,Mashhad,Iran,36.3,59.6,0.2,Trace,Normal
2023-03-18,Mashhad,Mashhad,Iran,36.3,59.6,1.1,Trace,Normal
2023-03-21,Mashhad,Mashhad,Iran,36.3,59.6,0.2,Trace,Normal
2023-03-23,Mashhad,Mashhad,Iran,36.3,59.6,2.1,Trace,Normal
2023-03-27,Mashhad,Mashhad,Iran,36.3,59.6,2.1,Trace,Normal
2023-04-04,Mashhad,Mashhad,Iran,36.3,59.6,0.5,Trace,Normal
2023-04-06,Mashhad,Mashhad,Iran,36.3,59.6,0.2,Trace,Normal
2023-04-08,Mashhad,Mashhad,Iran,36.3,59.6,0.2,Trace,Heatwave
2023-04-14,Mashhad,Mashhad,Iran,36.3,59.6,1.6,Trace,Normal
2023-04-18,Mashhad,Mashhad,Iran,36.3,59.6,1.4,Trace,Normal
2023-04-21,Mashhad,Mashhad,Iran,36.3,59.6,1.1,Trace,Normal
2023-04-27,Mashhad,Mashhad,Iran,36.3,59.6,0.3,Trace,Normal
2023-04-29,Mashhad,Mashhad,Iran,36.3,59.6,0.2,Trace,Normal
2023-05-03,Mashhad,Mashhad,Iran,36.3,59.6,0.8,Trace,Normal
2023-05-23,Mashhad,Mashhad,Iran,36.3,59.6,1.8,Trace,Normal
2023-05-25,Mashhad,Mashhad,Iran,36.3,59.6,0.2,Trace,Normal
2023-05-30,Mashhad,Mashhad,Iran,36.3,59.6,0.2,Trace,Normal
2023-05-31,Mashhad,Mashhad,Iran,36.3,59.6,0.1,Trace,Normal
2023-06-01,Mashhad,Mashhad,Iran,36.3,59.6,0.8,Trace,Normal
2023-06-03,Mashhad,Mashhad,Iran,36.3,59.6,0.7,Trace,Normal
2023-06-05,Mashhad,Mashhad,Iran,36.3,59.6,0.8,Trace,Normal
2023-06-12,Mashhad,Mashhad,Iran,36.3,59.6,0.5,Trace,Normal
2023-06-15,Mashhad,Mashhad,Iran,36.3,59.6,0.7,Trace,Normal
2023-06-23,Mashhad,Mashhad,Iran,36.3,59.6,0.8,Trace,Normal
2023-06-24,Mashhad,Mashhad,Iran,36.3,59.6,0.2,Trace,Normal
2023-06-25,Mashhad,Mashhad,Iran,36.3,59.6,0.2,Trace,Normal
2023-06-26,Mashhad,Mashhad,Iran,36.3,59.6,0.1,Trace,Normal
2023-07-03,Mashhad,Mashhad,Iran,36.3,59.6,1.6,Trace,Normal
2023-07-09,Mashhad,Mashhad,Iran,36.3,59.6,0.1,Trace,Normal
2023-07-11,Mashhad,Mashhad,Iran,36.3,59.6,0.9,Trace,Normal
2023-07-12,Mashhad,Mashhad,Iran,36.3,59.6,1.7,Trace,Normal
2023-07-14,Mashhad,Mashhad,Iran,36.3,59.6,1.2,Trace,Normal
2023-07-17,Mashhad,Mashhad,Iran,36.3,59.6,0.8,Trace,Normal
2023-07-21,Mashhad,Mashhad,Iran,36.3,59.6,0.1,Trace,Normal
2023-07-23,Mashhad,Mashhad,Iran,36.3,59.6,0.4,Trace,Normal
2023-07-24,Mashhad,Mashhad,Iran,36.3,59.6,0.3,Trace,Normal
2023-07-31,Mashhad,Mashhad,Iran,36.3,59.6,0.2,Trace,Normal
2023-08-01,Mashhad,Mashhad,Iran,36.3,59.6,1.3,Trace,Normal
2023-08-04,Mashhad,Mashhad,Iran,36.3,59.6,0.4,Trace,Normal
2023-08-06,Mashhad,Mashhad,Iran,36.3,59.6,0.2,Trace,Normal
2023-08-07,Mashhad,Mashhad,Iran,36.3,59.6,0.2,Trace,Normal
2023-08-11,Mashhad,Mashhad,Iran,36.3,59.6,0.6,Trace,Normal
2023-08-14,Mashhad,Mashhad,Iran,36.3,59.6,0.6,Trace,Normal
2023-08-15,Mashhad,Mashhad,Iran,36.3,59.6,0.1,Trace,Normal
2023-08-20,Mashhad,Mashhad,Iran,36.3,59.6,0.3,Trace,Normal
2023-08-21,Mashhad,Mashhad,Iran,36.3,59.6,0.1,Trace,Normal
2023-08-23,Mashhad,Mashhad,Iran,36.3,59.6,0.6,Trace,Normal
2023-08-26,Mashhad,Mashhad,Iran,36.3,59.6,0.7,Trace,Normal
2023-08-28,Mashhad,Mashhad,Iran,36.3,59.6,0.2,Trace,Normal
2023-08-30,Mashhad,Mashhad,Iran,36.3,59.6,0.5,Trace,Normal
2023-08-31,Mashhad,Mashhad,Iran,36.3,59.6,0.1,Trace,Normal
2023-09-01,Mashhad,Mashhad,Iran,36.3,59.6,0.9,Trace,Normal
2023-09-03,Mashhad,Mashhad,Iran,36.3,59.6,0.1,Trace,Normal
2023-09-20,Mashhad,Mashhad,Iran,36.3,59.6,1.3,Trace,Normal
2023-09-27,Mashhad,Mashhad,Iran,36.3,59.6,0.6,Trace,Normal
2023-09-29,Mashhad,Mashhad,Iran,36.3,59.6,1.2,Trace,Normal
2023-10-06,Mashhad,Mashhad,Iran,36.3,59.6,0.8,Trace,Normal
2023-10-14,Mashhad,Mashhad,Iran,36.3,59.6,0.1,Trace,Normal
2023-10-17,Mashhad,Mashhad,Iran,36.3,59.6,0.1,Trace,Normal
2023-10-20,Mashhad,Mashhad,Iran,36.3,59.6,0.5,Trace,Normal
2023-10-25,Mashhad,Mashhad,Iran,36.3,59.6,0.3,Trace,Normal
2023-10-28,Mashhad,Mashhad,Iran,36.3,59.6,0.2,Trace,Normal
2023-10-30,Mashhad,Mashhad,Iran,36.3,59.6,0.5,Trace,Normal
2023-11-05,Mashhad,Mashhad,Iran,36.3,59.6,1.5,Trace,Normal
2023-11-06,Mashhad,Mashhad,Iran,36.3,59.6,1.0,Trace,Normal
2023-11-07,Mashhad,Mashhad,Iran,36.3,59.6,0.3,Trace,Normal
2023-11-13,Mashhad,Mashhad,Iran,36.3,59.6,0.3,Trace,Normal
2023-11-17,Mashhad,Mashhad,Iran,36.3,59.6,0.1,Trace,Normal
2023-11-19,Mashhad,Mashhad,Iran,36.3,59.6,0.4,Trace,Normal
2023-11-20,Mashhad,Mashhad,Iran,36.3,59.6,0.1,Trace,Normal
2023-11-25,Mashhad,Mashhad,Iran,36.3,59.6,0.8,Trace,Normal
2023-11-28,Mashhad,Mashhad,Iran,36.3,59.6,0.2,Trace,Normal
2023-11-30,Mashhad,Mashhad,Iran,36.3,59.6,0.2,Trace,Normal
2023-12-02,Mashhad,Mashhad,Iran,36.3,59.6,0.8,Trace,Normal
2023-12-05,Mashhad,Mashhad,Iran,36.3,59.6,0.3,Trace,Normal
2023-12-06,Mashhad,Mashhad,Iran,36.3,59.6,0.1,Trace,Normal
2023-12-12,Mashhad,Mashhad,Iran,36.3,59.6,0.6,Trace,Normal
2023-12-13,Mashhad,Mashhad,Iran,36.3,59.6,0.1,Trace,Normal
2023-12-15,Mashhad,Mashhad,Iran,36.3,59.6,0.2,Trace,Normal
2023-12-18,Mashhad,Mashhad,Iran,36.3,59.6,0.5,Trace,Normal
2023-12-20,Mashhad,Mashhad,Iran,36.3,59.6,0.8,Trace,Normal
2023-12-27,Mashhad,Mashhad,Iran,36.3,59.6,0.7,Trace,Normal
2023-12-29,Mashhad,Mashhad,Iran,36.3,59.6,1.4,Trace,Normal
2022-01-06,Zahedan,Zahedan,Iran,29.5,60.86,0.1,Trace,Normal
2022-01-14,Zahedan,Zahedan,Iran,29.5,60.86,0.3,Trace,Normal
2022-01-15,Zahedan,Zahedan,Iran,29.5,60.86,0.2,Trace,Normal
2022-01-17,Zahedan,Zahedan,Iran,29.5,60.86,0.1,Trace,Normal
2022-01-24,Zahedan,Zahedan,Iran,29.5,60.86,0.1,Trace,Normal
2022-01-28,Zahedan,Zahedan,Iran,29.5,60.86,0.1,Trace,Normal
2022-02-06,Zahedan,Zahedan,Iran,29.5,60.86,0.7,Trace,Normal
2022-02-07,Zahedan,Zahedan,Iran,29.5,60.86,0.3,Trace,Normal
2022-02-10,Zahedan,Zahedan,Iran,29.5,60.86,0.5,Trace,Normal
2022-02-15,Zahedan,Zahedan,Iran,29.5,60.86,0.1,Trace,Normal
2022-02-23,Zahedan,Zahedan,Iran,29.5,60.86,0.7,Trace,Normal
2022-02-26,Zahedan,Zahedan,Iran,29.5,60.86,0.3,Trace,Normal
2022-03-01,Zahedan,Zahedan,Iran,29.5,60.86,0.2,Trace,Normal
2022-03-02,Zahedan,Zahedan,Iran,29.5,60.86,0.2,Trace,Normal
2022-03-06,Zahedan,Zahedan,Iran,29.5,60.86,0.2,Trace,Normal
2022-03-07,Zahedan,Zahedan,Iran,29.5,60.86,0.2,Trace,Heatwave
2022-03-10,Zahedan,Zahedan,Iran,29.5,60.86,0.2,Trace,Heatwave
2022-03-19,Zahedan,Zahedan,Iran,29.5,60.86,0.3,Trace,Normal
2022-03-23,Zahedan,Zahedan,Iran,29.5,60.86,0.2,Trace,Heatwave
2022-03-27,Zahedan,Zahedan,Iran,29.5,60.86,0.2,Trace,Normal
2022-04-02,Zahedan,Zahedan,Iran,29.5,60.86,0.3,Trace,Heatwave
2022-04-03,Zahedan,Zahedan,Iran,29.5,60.86,1.4,Trace,Heatwave
2022-04-04,Zahedan,Zahedan,Iran,29.5,60.86,0.1,Trace,Normal
2022-04-05,Zahedan,Zahedan,Iran,29.5,60.86,0.4,Trace,Heatwave
2022-04-08,Zahedan,Zahedan,Iran,29.5,60.86,0.2,Trace,Heatwave
2022-04-14,Zahedan,Zahedan,Iran,29.5,60.86,0.4,Trace,Normal
2022-04-19,Zahedan,Zahedan,Iran,29.5,60.86,0.3,Trace,Normal
2022-04-20,Zahedan,Zahedan,Iran,29.5,60.86,0.4,Trace,Normal
2022-04-24,Zahedan,Zahedan,Iran,29.5,60.86,0.2,Trace,Normal
2022-04-25,Zahedan,Zahedan,Iran,29.5,60.86,0.2,Trace,Heatwave
2022-04-27,Zahedan,Zahedan,Iran,29.5,60.86,0.1,Trace,Normal
2022-04-29,Zahedan,Zahedan,Iran,29.5,60.86,0.1,Trace,Normal
2022-04-30,Zahedan,Zahedan,Iran,29.5,60.86,0.1,Trace,Heatwave
2022-05-02,Zahedan,Zahedan,Iran,29.5,60.86,0.1,Trace,Normal
2022-05-05,Zahedan,Zahedan,Iran,29.5,60.86,0.8,Trace,Heatwave
2022-05-07,Zahedan,Zahedan,Iran,29.5,60.86,0.4,Trace,Heatwave
2022-05-11,Zahedan,Zahedan,Iran,29.5,60.86,0.2,Trace,Heatwave
2022-05-12,Zahedan,Zahedan,Iran,29.5,60.86,0.3,Trace,Heatwave
2022-05-18,Zahedan,Zahedan,Iran,29.5,60.86,0.3,Trace,Normal
2022-05-19,Zahedan,Zahedan,Iran,29.5,60.86,0.1,Trace,Normal
2022-05-22,Zahedan,Zahedan,Iran,29.5,60.86,0.1,Trace,Heatwave
2022-05-25,Zahedan,Zahedan,Iran,29.5,60.86,0.2,Trace,Normal
2022-06-03,Zahedan,Zahedan,Iran,29.5,60.86,0.5,Trace,Normal
2022-06-07,Zahedan,Zahedan,Iran,29.5,60.86,0.2,Trace,Normal
2022-06-08,Zahedan,Zahedan,Iran,29.5,60.86,0.1,Trace,Normal
2022-06-13,Zahedan,Zahedan,Iran,29.5,60.86,0.3,Trace,Normal
2022-06-14,Zahedan,Zahedan,Iran,29.5,60.86,0.1,Trace,Normal
2022-06-17,Zahedan,Zahedan,Iran,29.5,60.86,0.2,Trace,Normal
2022-06-21,Zahedan,Zahedan,Iran,29.5,60.86,0.1,Trace,Normal
2022-06-22,Zahedan,Zahedan,Iran,29.5,60.86,0.6,Trace,Normal
2022-06-25,Zahedan,Zahedan,Iran,29.5,60.86,0.2,Trace,Normal
2022-06-28,Zahedan,Zahedan,Iran,29.5,60.86,0.1,Trace,Normal
2022-06-29,Zahedan,Zahedan,Iran,29.5,60.86,0.5,Trace,Normal
2022-07-05,Zahedan,Zahedan,Iran,29.5,60.86,0.2,Trace,Normal
2022-07-11,Zahedan,Zahedan,Iran,29.5,60.86,0.1,Trace,Normal
2022-07-15,Zahedan,Zahedan,Iran,29.5,60.86,0.1,Trace,Normal
2022-07-16,Zahedan,Zahedan,Iran,29.5,60.86,1.0,Trace,Normal
2022-07-26,Zahedan,Zahedan,Iran,29.5,60.86,0.4,Trace,Normal
2022-07-30,Zahedan,Zahedan,Iran,29.5,60.86,0.6,Trace,Normal
2022-08-01,Zahedan,Zahedan,Iran,29.5,60.86,0.1,Trace,Normal
2022-08-02,Zahedan,Zahedan,Iran,29.5,60.86,0.3,Trace,Normal
2022-08-03,Zahedan,Zahedan,Iran,29.5,60.86,1.0,Trace,Normal
2022-08-04,Zahedan,Zahedan,Iran,29.5,60.86,0.4,Trace,Normal
2022-08-05,Zahedan,Zahedan,Iran,29.5,60.86,0.2,Trace,Normal
2022-08-06,Zahedan,Zahedan,Iran,29.5,60.86,1.1,Trace,Normal
2022-08-08,Zahedan,Zahedan,Iran,29.5,60.86,0.6,Trace,Normal
2022-08-09,Zahedan,Zahedan,Iran,29.5,60.86,0.2,Trace,Normal
2022-08-12,Zahedan,Zahedan,Iran,29.5,60.86,0.7,Trace,Normal
2022-08-15,Zahedan,Zahedan,Iran,29.5,60.86,0.6,Trace,Normal
2022-08-21,Zahedan,Zahedan,Iran,29.5,60.86,0.5,Trace,Normal
2022-08-23,Zahedan,Zahedan,Iran,29.5,60.86,0.1,Trace,Normal
2022-08-25,Zahedan,Zahedan,Iran,29.5,60.86,0.1,Trace,Normal
2022-08-31,Zahedan,Zahedan,Iran,29.5,60.86,0.3,Trace,Normal
2022-09-01,Zahedan,Zahedan,Iran,29.5,60.86,0.5,Trace,Normal
2022-09-02,Zahedan,Zahedan,Iran,29.5,60.86,1.0,Trace,Normal
2022-09-03,Zahedan,Zahedan,Iran,29.5,60.86,0.3,Trace,Normal
2022-09-05,Zahedan,Zahedan,Iran,29.5,60.86,0.2,Trace,Normal
2022-09-06,Zahedan,Zahedan,Iran,29.5,60.86,0.2,Trace,Normal
2022-09-11,Zahedan,Zahedan,Iran,29.5,60.86,0.2,Trace,Normal
2022-09-13,Zahedan,Zahedan,Iran,29.5,60.86,0.3,Trace,Normal
2022-09-17,Zahedan,Zahedan,Iran,29.5,60.86,0.1,Trace,Normal
2022-09-23,Zahedan,Zahedan,Iran,29.5,60.86,0.3,Trace,Normal
2022-09-25,Zahedan,Zahedan,Iran,29.5,60.86,0.2,Trace,Normal
2022-09-26,Zahedan,Zahedan,Iran,29.5,60.86,0.4,Trace,Normal
2022-09-27,Zahedan,Zahedan,Iran,29.5,60.86,0.2,Trace,Normal
2022-10-10,Zahedan,Zahedan,Iran,29.5,60.86,0.1,Trace,Normal
2022-10-14,Zahedan,Zahedan,Iran,29.5,60.86,0.4,Trace,Normal
2022-10-15,Zahedan,Zahedan,Iran,29.5,60.86,0.2,Trace,Normal
2022-10-17,Zahedan,Zahedan,Iran,29.5,60.86,0.4,Trace,Normal
2022-10-19,Zahedan,Zahedan,Iran,29.5,60.86,0.6,Trace,Normal
2022-10-24,Zahedan,Zahedan,Iran,29.5,60.86,1.1,Trace,Normal
2022-10-27,Zahedan,Zahedan,Iran,29.5,60.86,0.3,Trace,Normal
2022-10-30,Zahedan,Zahedan,Iran,29.5,60.86,0.3,Trace,Normal
2022-11-01,Zahedan,Zahedan,Iran,29.5,60.86,0.6,Trace,Normal
2022-11-03,Zahedan,Zahedan,Iran,29.5,60.86,1.0,Trace,Normal
2022-11-06,Zahedan,Zahedan,Iran,29.5,60.86,0.1,Trace,Normal
2022-11-07,Zahedan,Zahedan,Iran,29.5,60.86,0.5,Trace,Normal
2022-11-09,Zahedan,Zahedan,Iran,29.5,60.86,0.5,Trace,Normal
2022-11-10,Zahedan,Zahedan,Iran,29.5,60.86,1.0,Trace,Normal
2022-11-14,Zahedan,Zahedan,Iran,29.5,60.86,0.2,Trace,Normal
2022-11-15,Zahedan,Zahedan,Iran,29.5,60.86,0.2,Trace,Normal
2022-11-16,Zahedan,Zahedan,Iran,29.5,60.86,0.3,Trace,Normal
2022-11-25,Zahedan,Zahedan,Iran,29.5,60.86,0.3,Trace,Normal
2022-12-09,Zahedan,Zahedan,Iran,29.5,60.86,0.1,Trace,Normal
2022-12-15,Zahedan,Zahedan,Iran,29.5,60.86,0.2,Trace,Normal
2022-12-20,Zahedan,Zahedan,Iran,29.5,60.86,0.3,Trace,Normal
2022-12-24,Zahedan,Zahedan,Iran,29.5,60.86,0.1,Trace,Normal
2022-12-28,Zahedan,Zahedan,Iran,29.5,60.86,0.1,Trace,Normal
2022-12-31,Zahedan,Zahedan,Iran,29.5,60.86,0.1,Trace,Normal
2023-01-01,Zahedan,Zahedan,Iran,29.5,60.86,0.4,Trace,Normal
2023-01-04,Zahedan,Zahedan,Iran,29.5,60.86,0.3,Trace,Normal
2023-01-05,Zahedan,Zahedan,Iran,29.5,60.86,0.3,Trace,Normal
2023-01-06,Zahedan,Zahedan,Iran,29.5,60.86,0.4,Trace,Normal
2023-01-15,Zahedan,Zahedan,Iran,29.5,60.86,0.1,Trace,Normal
2023-01-17,Zahedan,Zahedan,Iran,29.5,60.86,0.2,Trace,Normal
2023-01-18,Zahedan,Zahedan,Iran,29.5,60.86,0.5,Trace,Normal
2023-01-21,Zahedan,Zahedan,Iran,29.5,60.86,0.2,Trace,Normal
2023-01-27,Zahedan,Zahedan,Iran,29.5,60.86,0.1,Trace,Normal
2023-02-02,Zahedan,Zahedan,Iran,29.5,60.86,0.3,Trace,Normal
2023-02-04,Zahedan,Zahedan,Iran,29.5,60.86,0.2,Trace,Normal
2023-02-09,Zahedan,Zahedan,Iran,29.5,60.86,0.4,Trace,Normal
2023-02-13,Zahedan,Zahedan,Iran,29.5,60.86,0.1,Trace,Normal
2023-02-14,Zahedan,Zahedan,Iran,29.5,60.86,0.1,Trace,Normal
2023-02-15,Zahedan,Zahedan,Iran,29.5,60.86,0.1,Trace,Normal
2023-02-16,Zahedan,Zahedan,Iran,29.5,60.86,0.1,Trace,Normal
2023-02-22,Zahedan,Zahedan,Iran,29.5,60.86,0.2,Trace,Normal
2023-02-26,Zahedan,Zahedan,Iran,29.5,60.86,0.1,Trace,Normal
2023-02-28,Zahedan,Zahedan,Iran,29.5,60.86,0.2,Trace,Normal
2023-03-01,Zahedan,Zahedan,Iran,29.5,60.86,0.2,Trace,Heatwave
2023-03-03,Zahedan,Zahedan,Iran,29.5,60.86,0.3,Trace,Normal
2023-03-08,Zahedan,Zahedan,Iran,29.5,60.86,0.1,Trace,Normal
2023-03-09,Zahedan,Zahedan,Iran,29.5,60.86,0.2,Trace,Normal
2023-03-11,Zahedan,Zahedan,Iran,29.5,60.86,0.2,Trace,Heatwave
2023-03-12,Zahedan,Zahedan,Iran,29.5,60.86,0.2,Trace,Normal
2023-03-20,Zahedan,Zahedan,Iran,29.5,60.86,0.1,Trace,Heatwave
2023-03-21,Zahedan,Zahedan,Iran,29.5,60.86,0.2,Trace,Normal
2023-03-24,Zahedan,Zahedan,Iran,29.5,60.86,0.2,Trace,Heatwave
2023-03-25,Zahedan,Zahedan,Iran,29.5,60.86,0.4,Trace,Heatwave
2023-03-27,Zahedan,Zahedan,Iran,29.5,60.86,0.3,Trace,Heatwave
2023-03-31,Zahedan,Zahedan,Iran,29.5,60.86,0.9,Trace,Heatwave
2023-04-01,Zahedan,Zahedan,Iran,29.5,60.86,0.1,Trace,Heatwave
2023-04-05,Zahedan,Zahedan,Iran,29.5,60.86,0.1,Trace,Normal
2023-04-07,Zahedan,Zahedan,Iran,29.5,60.86,0.3,Trace,Heatwave
2023-04-08,Zahedan,Zahedan,Iran,29.5,60.86,0.3,Trace,Normal
2023-04-11,Zahedan,Zahedan,Iran,29.5,60.86,0.5,Trace,Heatwave
2023-04-14,Zahedan,Zahedan,Iran,29.5,60.86,0.1,Trace,Normal
2023-04-18,Zahedan,Zahedan,Iran,29.5,60.86,0.1,Trace,Heatwave
2023-04-19,Zahedan,Zahedan,Iran,29.5,60.86,0.2,Trace,Heatwave
2023-04-22,Zahedan,Zahedan,Iran,29.5,60.86,0.3,Trace,Heatwave
2023-04-24,Zahedan,Zahedan,Iran,29.5,60.86,0.1,Trace,Heatwave
2023-04-27,Zahedan,Zahedan,Iran,29.5,60.86,0.7,Trace,Heatwave
2023-05-05,Zahedan,Zahedan,Iran,29.5,60.86,0.2,Trace,Heatwave
2023-05-09,Zahedan,Zahedan,Iran,29.5,60.86,0.6,Trace,Normal
2023-05-10,Zahedan,Zahedan,Iran,29.5,60.86,0.2,Trace,Normal
2023-05-13,Zahedan,Zahedan,Iran,29.5,60.86,0.2,Trace,Heatwave
2023-05-19,Zahedan,Zahedan,Iran,29.5,60.86,0.3,Trace,Normal
2023-05-20,Zahedan,Zahedan,Iran,29.5,60.86,0.3,Trace,Normal
2023-05-25,Zahedan,Zahedan,Iran,29.5,60.86,0.1,Trace,Normal
2023-05-28,Zahedan,Zahedan,Iran,29.5,60.86,1.0,Trace,Normal
2023-05-29,Zahedan,Zahedan,Iran,29.5,60.86,0.5,Trace,Normal
2023-06-02,Zahedan,Zahedan,Iran,29.5,60.86,0.1,Trace,Normal
2023-06-04,Zahedan,Zahedan,Iran,29.5,60.86,0.4,Trace,Normal
2023-06-06,Zahedan,Zahedan,Iran,29.5,60.86,0.1,Trace,Normal
2023-06-07,Zahedan,Zahedan,Iran,29.5,60.86,1.1,Trace,Normal
2023-06-09,Zahedan,Zahedan,Iran,29.5,60.86,0.2,Trace,Normal
2023-06-12,Zahedan,Zahedan,Iran,29.5,60.86,0.2,Trace,Normal
2023-06-14,Zahedan,Zahedan,Iran,29.5,60.86,0.5,Trace,Normal
2023-06-15,Zahedan,Zahedan,Iran,29.5,60.86,0.7,Trace,Normal
2023-06-16,Zahedan,Zahedan,Iran,29.5,60.86,0.2,Trace,Normal
2023-06-20,Zahedan,Zahedan,Iran,29.5,60.86,0.2,Trace,Normal
2023-06-21,Zahedan,Zahedan,Iran,29.5,60.86,0.5,Trace,Normal
2023-06-30,Zahedan,Zahedan,Iran,29.5,60.86,0.1,Trace,Normal
2023-07-01,Zahedan,Zahedan,Iran,29.5,60.86,0.5,Trace,Normal
2023-07-03,Zahedan,Zahedan,Iran,29.5,60.86,0.5,Trace,Normal
2023-07-05,Zahedan,Zahedan,Iran,29.5,60.86,0.2,Trace,Normal
2023-07-06,Zahedan,Zahedan,Iran,29.5,60.86,0.1,Trace,Normal
2023-07-09,Zahedan,Zahedan,Iran,29.5,60.86,0.2,Trace,Normal
2023-07-15,Zahedan,Zahedan,Iran,29.5,60.86,0.3,Trace,Normal
2023-07-16,Zahedan,Zahedan,Iran,29.5,60.86,0.4,Trace,Normal
2023-07-17,Zahedan,Zahedan,Iran,29.5,60.86,0.7,Trace,Normal
2023-07-23,Zahedan,Zahedan,Iran,29.5,60.86,0.3,Trace,Normal
2023-07-25,Zahedan,Zahedan,Iran,29.5,60.86,0.2,Trace,Normal
2023-08-01,Zahedan,Zahedan,Iran,29.5,60.86,0.2,Trace,Normal
2023-08-21,Zahedan,Zahedan,Iran,29.5,60.86,0.7,Trace,Normal
2023-08-28,Zahedan,Zahedan,Iran,29.5,60.86,0.3,Trace,Normal
2023-08-31,Zahedan,Zahedan,Iran,29.5,60.86,0.2,Trace,Normal
2023-09-04,Zahedan,Zahedan,Iran,29.5,60.86,0.8,Trace,Normal
2023-09-05,Zahedan,Zahedan,Iran,29.5,60.86,0.1,Trace,Normal
2023-09-10,Zahedan,Zahedan,Iran,29.5,60.86,0.3,Trace,Normal
2023-09-11,Zahedan,Zahedan,Iran,29.5,60.86,0.1,Trace,Normal
2023-09-19,Zahedan,Zahedan,Iran,29.5,60.86,0.3,Trace,Normal
2023-09-23,Zahedan,Zahedan,Iran,29.5,60.86,0.4,Trace,Normal
2023-09-24,Zahedan,Zahedan,Iran,29.5,60.86,0.3,Trace,Normal
2023-09-26,Zahedan,Zahedan,Iran,29.5,60.86,0.2,Trace,Normal
2023-09-27,Zahedan,Zahedan,Iran,29.5,60.86,0.1,Trace,Normal
2023-09-29,Zahedan,Zahedan,Iran,29.5,60.86,0.1,Trace,Normal
2023-10-01,Zahedan,Zahedan,Iran,29.5,60.86,0.3,Trace,Normal
2023-10-04,Zahedan,Zahedan,Iran,29.5,60.86,0.3,Trace,Normal
2023-10-13,Zahedan,Zahedan,Iran,29.5,60.86,0.1,Trace,Normal
2023-10-15,Zahedan,Zahedan,Iran,29.5,60.86,0.1,Trace,Normal
2023-10-19,Zahedan,Zahedan,Iran,29.5,60.86,0.9,Trace,Normal
2023-10-21,Zahedan,Zahedan,Iran,29.5,60.86,2.0,Trace,Normal
2023-10-22,Zahedan,Zahedan,Iran,29.5,60.86,0.4,Trace,Normal
2023-10-23,Zahedan,Zahedan,Iran,29.5,60.86,0.6,Trace,Normal
2023-10-24,Zahedan,Zahedan,Iran,29.5,60.86,0.3,Trace,Normal
2023-10-26,Zahedan,Zahedan,Iran,29.5,60.86,0.2,Trace,Normal
2023-10-30,Zahedan,Zahedan,Iran,29.5,60.86,0.3,Trace,Normal
2023-11-04,Zahedan,Zahedan,Iran,29.5,60.86,0.8,Trace,Normal
2023-11-08,Zahedan,Zahedan,Iran,29.5,60.86,0.3,Trace,Normal
2023-11-10,Zahedan,Zahedan,Iran,29.5,60.86,0.2,Trace,Normal
2023-11-12,Zahedan,Zahedan,Iran,29.5,60.86,0.2,Trace,Normal
2023-11-18,Zahedan,Zahedan,Iran,29.5,60.86,0.3,Trace,Normal
2023-11-21,Zahedan,Zahedan,Iran,29.5,60.86,0.2,Trace,Normal
2023-11-28,Zahedan,Zahedan,Iran,29.5,60.86,1.0,Trace,Normal
2023-11-29,Zahedan,Zahedan,Iran,29.5,60.86,0.1,Trace,Normal
2023-12-07,Zahedan,Zahedan,Iran,29.5,60.86,1.5,Trace,Normal
2023-12-09,Zahedan,Zahedan,Iran,29.5,60.86,1.9,Trace,Normal
2023-12-19,Zahedan,Zahedan,Iran,29.5,60.86,0.6,Trace,Normal
2023-12-24,Zahedan,Zahedan,Iran,29.5,60.86,0.1,Trace,Normal
2023-12-26,Zahedan,Zahedan,Iran,29.5,60.86,0.1,Trace,Normal
2023-12-27,Zahedan,Zahedan,Iran,29.5,60.86,0.1,Trace,Normal
2023-12-30,Zahedan,Zahedan,Iran,29.5,60.86,0.1,Trace,Normal
2022-01-01,Ahvaz,Ahvaz,Iran,31.32,48.67,0.6,Trace,Normal
2022-01-04,Ahvaz,Ahvaz,Iran,31.32,48.67,0.4,Trace,Normal
2022-01-05,Ahvaz,Ahvaz,Iran,31.32,48.67,0.9,Trace,Normal
2022-01-10,Ahvaz,Ahvaz,Iran,31.32,48.67,0.4,Trace,Normal
2022-01-13,Ahvaz,Ahvaz,Iran,31.32,48.67,0.8,Trace,Normal
2022-01-15,Ahvaz,Ahvaz,Iran,31.32,48.67,1.8,Trace,Normal
2022-01-16,Ahvaz,Ahvaz,Iran,31.32,48.67,1.2,Trace,Heatwave
2022-01-18,Ahvaz,Ahvaz,Iran,31.32,48.67,1.3,Trace,Normal
2022-01-22,Ahvaz,Ahvaz,Iran,31.32,48.67,0.1,Trace,Normal
2022-01-25,Ahvaz,Ahvaz,Iran,31.32,48.67,1.1,Trace,Normal
2022-01-27,Ahvaz,Ahvaz,Iran,31.32,48.67,0.6,Trace,Normal
2022-01-30,Ahvaz,Ahvaz,Iran,31.32,48.67,0.2,Trace,Normal
2022-02-04,Ahvaz,Ahvaz,Iran,31.32,48.67,0.8,Trace,Normal
2022-02-07,Ahvaz,Ahvaz,Iran,31.32,48.67,0.1,Trace,Normal
2022-02-09,Ahvaz,Ahvaz,Iran,31.32,48.67,0.1,Trace,Heatwave
2022-02-19,Ahvaz,Ahvaz,Iran,31.32,48.67,0.1,Trace,Heatwave
2022-02-26,Ahvaz,Ahvaz,Iran,31.32,48.67,1.8,Trace,Normal
2022-03-05,Ahvaz,Ahvaz,Iran,31.32,48.67,0.6,Trace,Heatwave
2022-03-12,Ahvaz,Ahvaz,Iran,31.32,48.67,1.1,Trace,Normal
2022-03-15,Ahvaz,Ahvaz,Iran,31.32,48.67,1.6,Trace,Heatwave
2022-03-24,Ahvaz,Ahvaz,Iran,31.32,48.67,0.4,Trace,Heatwave
2022-03-25,Ahvaz,Ahvaz,Iran,31.32,48.67,0.2,Trace,Heatwave
2022-03-27,Ahvaz,Ahvaz,Iran,31.32,48.67,0.8,Trace,Heatwave
2022-03-28,Ahvaz,Ahvaz,Iran,31.32,48.67,1.4,Trace,Heatwave
2022-03-31,Ahvaz,Ahvaz,Iran,31.32,48.67,0.5,Trace,Heatwave
2022-04-02,Ahvaz,Ahvaz,Iran,31.32,48.67,0.2,Trace,Heatwave
2022-04-03,Ahvaz,Ahvaz,Iran,31.32,48.67,0.7,Trace,Heatwave
2022-04-07,Ahvaz,Ahvaz,Iran,31.32,48.67,0.1,Trace,Heatwave
2022-04-10,Ahvaz,Ahvaz,Iran,31.32,48.67,0.3,Trace,Heatwave
2022-04-11,Ahvaz,Ahvaz,Iran,31.32,48.67,0.1,Trace,Heatwave
2022-04-12,Ahvaz,Ahvaz,Iran,31.32,48.67,0.9,Trace,Heatwave
2022-04-15,Ahvaz,Ahvaz,Iran,31.32,48.67,0.5,Trace,Heatwave
2022-04-29,Ahvaz,Ahvaz,Iran,31.32,48.67,0.6,Trace,Heatwave
2022-05-02,Ahvaz,Ahvaz,Iran,31.32,48.67,0.4,Trace,Heatwave
2022-05-03,Ahvaz,Ahvaz,Iran,31.32,48.67,0.5,Trace,Heatwave
2022-05-05,Ahvaz,Ahvaz,Iran,31.32,48.67,0.1,Trace,Heatwave
2022-05-13,Ahvaz,Ahvaz,Iran,31.32,48.67,0.7,Trace,Heatwave
2022-05-14,Ahvaz,Ahvaz,Iran,31.32,48.67,0.5,Trace,Heatwave
2022-05-18,Ahvaz,Ahvaz,Iran,31.32,48.67,0.9,Trace,Heatwave
2022-05-19,Ahvaz,Ahvaz,Iran,31.32,48.67,0.1,Trace,Heatwave
2022-05-20,Ahvaz,Ahvaz,Iran,31.32,48.67,1.0,Trace,Heatwave
2022-05-28,Ahvaz,Ahvaz,Iran,31.32,48.67,0.5,Trace,Heatwave
2022-06-04,Ahvaz,Ahvaz,Iran,31.32,48.67,0.5,Trace,Heatwave
2022-06-05,Ahvaz,Ahvaz,Iran,31.32,48.67,0.4,Trace,Heatwave
2022-06-07,Ahvaz,Ahvaz,Iran,31.32,48.67,0.1,Trace,Normal
2022-06-09,Ahvaz,Ahvaz,Iran,31.32,48.67,0.9,Trace,Heatwave
2022-06-14,Ahvaz,Ahvaz,Iran,31.32,48.67,2.5,Trace,Normal
2022-06-15,Ahvaz,Ahvaz,Iran,31.32,48.67,1.7,Trace,Heatwave
2022-06-16,Ahvaz,Ahvaz,Iran,31.32,48.67,0.8,Trace,Heatwave
2022-06-23,Ahvaz,Ahvaz,Iran,31.32,48.67,0.1,Trace,Heatwave
2022-06-25,Ahvaz,Ahvaz,Iran,31.32,48.67,0.5,Trace,Normal
2022-06-26,Ahvaz,Ahvaz,Iran,31.32,48.67,0.4,Trace,Heatwave
2022-06-29,Ahvaz,Ahvaz,Iran,31.32,48.67,0.1,Trace,Normal
2022-07-03,Ahvaz,Ahvaz,Iran,31.32,48.67,0.1,Trace,Normal
2022-07-04,Ahvaz,Ahvaz,Iran,31.32,48.67,0.5,Trace,Normal
2022-07-05,Ahvaz,Ahvaz,Iran,31.32,48.67,0.3,Trace,Normal
2022-07-08,Ahvaz,Ahvaz,Iran,31.32,48.67,0.5,Trace,Normal
2022-07-09,Ahvaz,Ahvaz,Iran,31.32,48.67,0.4,Trace,Normal
2022-07-11,Ahvaz,Ahvaz,Iran,31.32,48.67,0.6,Trace,Normal
2022-07-12,Ahvaz,Ahvaz,Iran,31.32,48.67,0.1,Trace,Normal
2022-07-13,Ahvaz,Ahvaz,Iran,31.32,48.67,1.7,Trace,Normal
2022-07-14,Ahvaz,Ahvaz,Iran,31.32,48.67,0.2,Trace,Normal
2022-07-19,Ahvaz,Ahvaz,Iran,31.32,48.67,0.5,Trace,Normal
2022-07-21,Ahvaz,Ahvaz,Iran,31.32,48.67,0.4,Trace,Normal
2022-07-22,Ahvaz,Ahvaz,Iran,31.32,48.67,0.1,Trace,Normal
2022-07-23,Ahvaz,Ahvaz,Iran,31.32,48.67,0.1,Trace,Normal
2022-07-24,Ahvaz,Ahvaz,Iran,31.32,48.67,0.4,Trace,Normal
2022-07-26,Ahvaz,Ahvaz,Iran,31.32,48.67,0.8,Trace,Normal
2022-07-28,Ahvaz,Ahvaz,Iran,31.32,48.67,1.0,Trace,Normal
2022-08-04,Ahvaz,Ahvaz,Iran,31.32,48.67,0.4,Trace,Normal
2022-08-05,Ahvaz,Ahvaz,Iran,31.32,48.67,0.5,Trace,Normal
2022-08-09,Ahvaz,Ahvaz,Iran,31.32,48.67,0.1,Trace,Normal
2022-08-12,Ahvaz,Ahvaz,Iran,31.32,48.67,0.1,Trace,Normal
2022-08-15,Ahvaz,Ahvaz,Iran,31.32,48.67,0.1,Trace,Normal
2022-08-16,Ahvaz,Ahvaz,Iran,31.32,48.67,1.8,Trace,Normal
2022-08-19,Ahvaz,Ahvaz,Iran,31.32,48.67,0.2,Trace,Normal
2022-08-22,Ahvaz,Ahvaz,Iran,31.32,48.67,0.1,Trace,Normal
2022-08-25,Ahvaz,Ahvaz,Iran,31.32,48.67,0.4,Trace,Normal
2022-08-30,Ahvaz,Ahvaz,Iran,31.32,48.67,1.8,Trace,Normal
2022-08-31,Ahvaz,Ahvaz,Iran,31.32,48.67,0.9,Trace,Normal
2022-09-01,Ahvaz,Ahvaz,Iran,31.32,48.67,0.5,Trace,Normal
2022-09-02,Ahvaz,Ahvaz,Iran,31.32,48.67,1.2,Trace,Normal
2022-09-03,Ahvaz,Ahvaz,Iran,31.32,48.67,0.1,Trace,Normal
2022-09-06,Ahvaz,Ahvaz,Iran,31.32,48.67,0.4,Trace,Normal
2022-09-17,Ahvaz,Ahvaz,Iran,31.32,48.67,0.6,Trace,Normal
2022-09-19,Ahvaz,Ahvaz,Iran,31.32,48.67,0.2,Trace,Normal
2022-09-23,Ahvaz,Ahvaz,Iran,31.32,48.67,0.2,Trace,Normal
2022-09-27,Ahvaz,Ahvaz,Iran,31.32,48.67,0.7,Trace,Normal
2022-10-05,Ahvaz,Ahvaz,Iran,31.32,48.67,1.5,Trace,Normal
2022-10-06,Ahvaz,Ahvaz,Iran,31.32,48.67,1.0,Trace,Normal
2022-10-07,Ahvaz,Ahvaz,Iran,31.32,48.67,0.6,Trace,Normal
2022-10-09,Ahvaz,Ahvaz,Iran,31.32,48.67,2.9,Trace,Normal
2022-10-11,Ahvaz,Ahvaz,Iran,31.32,48.67,0.2,Trace,Normal
2022-10-13,Ahvaz,Ahvaz,Iran,31.32,48.67,2.1,Trace,Normal
2022-10-17,Ahvaz,Ahvaz,Iran,31.32,48.67,0.8,Trace,Normal
2022-10-21,Ahvaz,Ahvaz,Iran,31.32,48.67,0.9,Trace,Normal
2022-11-02,Ahvaz,Ahvaz,Iran,31.32,48.67,0.5,Trace,Normal
2022-11-07,Ahvaz,Ahvaz,Iran,31.32,48.67,0.5,Trace,Normal
2022-11-08,Ahvaz,Ahvaz,Iran,31.32,48.67,0.7,Trace,Normal
2022-11-13,Ahvaz,Ahvaz,Iran,31.32,48.67,0.1,Trace,Normal
2022-11-14,Ahvaz,Ahvaz,Iran,31.32,48.67,0.5,Trace,Normal
2022-11-16,Ahvaz,Ahvaz,Iran,31.32,48.67,0.4,Trace,Normal
2022-11-17,Ahvaz,Ahvaz,Iran,31.32,48.67,0.6,Trace,Normal
2022-11-24,Ahvaz,Ahvaz,Iran,31.32,48.67,0.6,Trace,Normal
2022-11-27,Ahvaz,Ahvaz,Iran,31.32,48.67,0.2,Trace,Normal
2022-11-30,Ahvaz,Ahvaz,Iran,31.32,48.67,0.6,Trace,Normal
2022-12-01,Ahvaz,Ahvaz,Iran,31.32,48.67,0.5,Trace,Normal
2022-12-10,Ahvaz,Ahvaz,Iran,31.32,48.67,0.4,Trace,Normal
2022-12-15,Ahvaz,Ahvaz,Iran,31.32,48.67,0.4,Trace,Normal
2022-12-16,Ahvaz,Ahvaz,Iran,31.32,48.67,0.4,Trace,Normal
2022-12-18,Ahvaz,Ahvaz,Iran,31.32,48.67,0.4,Trace,Normal
2022-12-21,Ahvaz,Ahvaz,Iran,31.32,48.67,0.3,Trace,Normal
2022-12-31,Ahvaz,Ahvaz,Iran,31.32,48.67,1.2,Trace,Normal
2023-01-03,Ahvaz,Ahvaz,Iran,31.32,48.67,0.4,Trace,Normal
2023-01-06,Ahvaz,Ahvaz,Iran,31.32,48.67,0.2,Trace,Normal
2023-01-07,Ahvaz,Ahvaz,Iran,31.32,48.67,1.7,Trace,Normal
2023-01-10,Ahvaz,Ahvaz,Iran,31.32,48.67,0.6,Trace,Normal
2023-01-14,Ahvaz,Ahvaz,Iran,31.32,48.67,1.1,Trace,Normal
2023-01-15,Ahvaz,Ahvaz,Iran,31.32,48.67,0.2,Trace,Normal
2023-01-19,Ahvaz,Ahvaz,Iran,31.32,48.67,0.1,Trace,Normal
2023-01-27,Ahvaz,Ahvaz,Iran,31.32,48.67,0.5,Trace,Heatwave
2023-01-28,Ahvaz,Ahvaz,Iran,31.32,48.67,0.5,Trace,Normal
2023-01-30,Ahvaz,Ahvaz,Iran,31.32,48.67,0.4,Trace,Normal
2023-01-31,Ahvaz,Ahvaz,Iran,31.32,48.67,0.1,Trace,Normal
2023-02-02,Ahvaz,Ahvaz,Iran,31.32,48.67,0.6,Trace,Normal
2023-02-08,Ahvaz,Ahvaz,Iran,31.32,48.67,0.6,Trace,Heatwave
2023-02-12,Ahvaz,Ahvaz,Iran,31.32,48.67,0.2,Trace,Heatwave
2023-02-15,Ahvaz,Ahvaz,Iran,31.32,48.67,1.1,Trace,Heatwave
2023-02-17,Ahvaz,Ahvaz,Iran,31.32,48.67,0.9,Trace,Heatwave
2023-02-18,Ahvaz,Ahvaz,Iran,31.32,48.67,1.0,Trace,Normal
2023-02-19,Ahvaz,Ahvaz,Iran,31.32,48.67,0.4,Trace,Heatwave
2023-03-01,Ahvaz,Ahvaz,Iran,31.32,48.67,0.4,Trace,Normal
2023-03-06,Ahvaz,Ahvaz,Iran,31.32,48.67,2.5,Trace,Normal
2023-03-10,Ahvaz,Ahvaz,Iran,31.32,48.67,0.1,Trace,Heatwave
2023-03-11,Ahvaz,Ahvaz,Iran,31.32,48.67,0.2,Trace,Heatwave
2023-03-17,Ahvaz,Ahvaz,Iran,31.32,48.67,0.5,Trace,Heatwave
2023-03-22,Ahvaz,Ahvaz,Iran,31.32,48.67,0.7,Trace,Heatwave
2023-03-25,Ahvaz,Ahvaz,Iran,31.32,48.67,0.8,Trace,Heatwave
2023-03-29,Ahvaz,Ahvaz,Iran,31.32,48.67,0.3,Trace,Heatwave
2023-03-30,Ahvaz,Ahvaz,Iran,31.32,48.67,0.3,Trace,Heatwave
2023-03-31,Ahvaz,Ahvaz,Iran,31.32,48.67,0.3,Trace,Heatwave
2023-04-01,Ahvaz,Ahvaz,Iran,31.32,48.67,0.8,Trace,Heatwave
2023-04-03,Ahvaz,Ahvaz,Iran,31.32,48.67,0.2,Trace,Heatwave
2023-04-04,Ahvaz,Ahvaz,Iran,31.32,48.67,0.2,Trace,Heatwave
2023-04-12,Ahvaz,Ahvaz,Iran,31.32,48.67,0.2,Trace,Heatwave
2023-04-16,Ahvaz,Ahvaz,Iran,31.32,48.67,1.3,Trace,Heatwave
2023-04-21,Ahvaz,Ahvaz,Iran,31.32,48.67,0.1,Trace,Heatwave
2023-04-23,Ahvaz,Ahvaz,Iran,31.32,48.67,0.2,Trace,Heatwave
2023-04-25,Ahvaz,Ahvaz,Iran,31.32,48.67,0.4,Trace,Heatwave
2023-04-26,Ahvaz,Ahvaz,Iran,31.32,48.67,0.4,Trace,Heatwave
2023-04-28,Ahvaz,Ahvaz,Iran,31.32,48.67,0.1,Trace,Heatwave
2023-05-04,Ahvaz,Ahvaz,Iran,31.32,48.67,0.2,Trace,Heatwave
2023-05-07,Ahvaz,Ahvaz,Iran,31.32,48.67,0.3,Trace,Heatwave
2023-05-12,Ahvaz,Ahvaz,Iran,31.32,48.67,0.5,Trace,Heatwave
2023-05-14,Ahvaz,Ahvaz,Iran,31.32,48.67,1.0,Trace,Heatwave
2023-05-16,Ahvaz,Ahvaz,Iran,31.32,48.67,0.4,Trace,Heatwave
2023-05-17,Ahvaz,Ahvaz,Iran,31.32,48.67,1.6,Trace,Heatwave
2023-05-25,Ahvaz,Ahvaz,Iran,31.32,48.67,0.2,Trace,Heatwave
2023-05-26,Ahvaz,Ahvaz,Iran,31.32,48.67,0.1,Trace,Heatwave
2023-05-27,Ahvaz,Ahvaz,Iran,31.32,48.67,0.1,Trace,Heatwave
2023-05-29,Ahvaz,Ahvaz,Iran,31.32,48.67,1.1,Trace,Heatwave
2023-06-03,Ahvaz,Ahvaz,Iran,31.32,48.67,0.2,Trace,Heatwave
2023-06-05,Ahvaz,Ahvaz,Iran,31.32,48.67,0.1,Trace,Heatwave
2023-06-12,Ahvaz,Ahvaz,Iran,31.32,48.67,0.4,Trace,Heatwave
2023-06-19,Ahvaz,Ahvaz,Iran,31.32,48.67,1.6,Trace,Heatwave
2023-06-22,Ahvaz,Ahvaz,Iran,31.32,48.67,0.9,Trace,Heatwave
2023-06-27,Ahvaz,Ahvaz,Iran,31.32,48.67,0.3,Trace,Normal
2023-06-28,Ahvaz,Ahvaz,Iran,31.32,48.67,0.5,Trace,Normal
2023-06-29,Ahvaz,Ahvaz,Iran,31.32,48.67,0.8,Trace,Normal
2023-06-30,Ahvaz,Ahvaz,Iran,31.32,48.67,0.3,Trace,Normal
2023-07-02,Ahvaz,Ahvaz,Iran,31.32,48.67,0.2,Trace,Normal
2023-07-12,Ahvaz,Ahvaz,Iran,31.32,48.67,0.5,Trace,Normal
2023-07-16,Ahvaz,Ahvaz,Iran,31.32,48.67,0.8,Trace,Normal
2023-07-18,Ahvaz,Ahvaz,Iran,31.32,48.67,0.7,Trace,Normal
2023-07-19,Ahvaz,Ahvaz,Iran,31.32,48.67,1.2,Trace,Normal
2023-07-24,Ahvaz,Ahvaz,Iran,31.32,48.67,0.2,Trace,Normal
2023-07-25,Ahvaz,Ahvaz,Iran,31.32,48.67,0.8,Trace,Normal
2023-07-26,Ahvaz,Ahvaz,Iran,31.32,48.67,0.4,Trace,Normal
2023-07-27,Ahvaz,Ahvaz,Iran,31.32,48.67,1.2,Trace,Normal
2023-07-31,Ahvaz,Ahvaz,Iran,31.32,48.67,0.1,Trace,Normal
2023-08-07,Ahvaz,Ahvaz,Iran,31.32,48.67,0.4,Trace,Normal
2023-08-09,Ahvaz,Ahvaz,Iran,31.32,48.67,0.8,Trace,Normal
2023-08-11,Ahvaz,Ahvaz,Iran,31.32,48.67,0.4,Trace,Normal
2023-08-12,Ahvaz,Ahvaz,Iran,31.32,48.67,2.0,Trace,Normal
2023-08-14,Ahvaz,Ahvaz,Iran,31.32,48.67,0.4,Trace,Normal
2023-08-15,Ahvaz,Ahvaz,Iran,31.32,48.67,0.1,Trace,Normal
2023-08-17,Ahvaz,Ahvaz,Iran,31.32,48.67,0.4,Trace,Normal
2023-08-20,Ahvaz,Ahvaz,Iran,31.32,48.67,1.4,Trace,Normal
2023-08-25,Ahvaz,Ahvaz,Iran,31.32,48.67,1.3,Trace,Normal
2023-09-04,Ahvaz,Ahvaz,Iran,31.32,48.67,0.4,Trace,Normal
2023-09-19,Ahvaz,Ahvaz,Iran,31.32,48.67,0.3,Trace,Normal
2023-09-21,Ahvaz,Ahvaz,Iran,31.32,48.67,1.4,Trace,Normal
2023-09-26,Ahvaz,Ahvaz,Iran,31.32,48.67,1.9,Trace,Normal
2023-09-28,Ahvaz,Ahvaz,Iran,31.32,48.67,0.5,Trace,Normal
2023-09-29,Ahvaz,Ahvaz,Iran,31.32,48.67,0.2,Trace,Normal
2023-10-02,Ahvaz,Ahvaz,Iran,31.32,48.67,1.6,Trace,Normal
2023-10-11,Ahvaz,Ahvaz,Iran,31.32,48.67,0.1,Trace,Normal
2023-10-18,Ahvaz,Ahvaz,Iran,31.32,48.67,0.1,Trace,Normal
2023-10-19,Ahvaz,Ahvaz,Iran,31.32,48.67,0.1,Trace,Normal
2023-10-21,Ahvaz,Ahvaz,Iran,31.32,48.67,0.5,Trace,Normal
2023-10-22,Ahvaz,Ahvaz,Iran,31.32,48.67,0.5,Trace,Normal
2023-10-24,Ahvaz,Ahvaz,Iran,31.32,48.67,1.5,Trace,Normal
2023-10-26,Ahvaz,Ahvaz,Iran,31.32,48.67,0.4,Trace,Normal
2023-11-03,Ahvaz,Ahvaz,Iran,31.32,48.67,1.2,Trace,Normal
2023-11-07,Ahvaz,Ahvaz,Iran,31.32,48.67,1.0,Trace,Normal
2023-11-08,Ahvaz,Ahvaz,Iran,31.32,48.67,0.4,Trace,Normal
2023-11-13,Ahvaz,Ahvaz,Iran,31.32,48.67,0.4,Trace,Normal
2023-11-14,Ahvaz,Ahvaz,Iran,31.32,48.67,1.1,Trace,Normal
2023-11-17,Ahvaz,Ahvaz,Iran,31.32,48.67,0.3,Trace,Normal
2023-11-19,Ahvaz,Ahvaz,Iran,31.32,48.67,0.3,Trace,Normal
2023-11-22,Ahvaz,Ahvaz,Iran,31.32,48.67,0.5,Trace,Normal
2023-11-23,Ahvaz,Ahvaz,Iran,31.32,48.67,1.9,Trace,Normal
2023-11-25,Ahvaz,Ahvaz,Iran,31.32,48.67,0.4,Trace,Normal
2023-11-26,Ahvaz,Ahvaz,Iran,31.32,48.67,0.8,Trace,Normal
2023-11-29,Ahvaz,Ahvaz,Iran,31.32,48.67,0.6,Trace,Normal
2023-11-30,Ahvaz,Ahvaz,Iran,31.32,48.67,0.2,Trace,Normal
2023-12-03,Ahvaz,Ahvaz,Iran,31.32,48.67,1.5,Trace,Normal
2023-12-09,Ahvaz,Ahvaz,Iran,31.32,48.67,0.1,Trace,Normal
2023-12-10,Ahvaz,Ahvaz,Iran,31.32,48.67,0.3,Trace,Normal
2023-12-11,Ahvaz,Ahvaz,Iran,31.32,48.67,0.6,Trace,Normal
2023-12-17,Ahvaz,Ahvaz,Iran,31.32,48.67,0.2,Trace,Normal
2023-12-18,Ahvaz,Ahvaz,Iran,31.32,48.67,0.1,Trace,Normal
2023-12-19,Ahvaz,Ahvaz,Iran,31.32,48.67,0.1,Trace,Normal
2023-12-22,Ahvaz,Ahvaz,Iran,31.32,48.67,1.6,Trace,Normal
2023-12-26,Ahvaz,Ahvaz,Iran,31.32,48.67,0.5,Trace,Normal
2022-01-01,Urumqi,Urumqi,China,43.82,87.62,0.4,Trace,Normal
2022-01-02,Urumqi,Urumqi,China,43.82,87.62,1.3,Trace,Normal
2022-01-11,Urumqi,Urumqi,China,43.82,87.62,0.4,Trace,Normal
2022-01-12,Urumqi,Urumqi,China,43.82,87.62,1.3,Trace,Normal
2022-01-14,Urumqi,Urumqi,China,43.82,87.62,0.4,Trace,Normal
2022-01-15,Urumqi,Urumqi,China,43.82,87.62,0.5,Trace,Normal
2022-01-18,Urumqi,Urumqi,China,43.82,87.62,0.5,Trace,Normal
2022-01-26,Urumqi,Urumqi,China,43.82,87.62,0.9,Trace,Normal
2022-01-29,Urumqi,Urumqi,China,43.82,87.62,1.6,Trace,Normal
2022-01-31,Urumqi,Urumqi,China,43.82,87.62,0.3,Trace,Normal
2022-02-01,Urumqi,Urumqi,China,43.82,87.62,0.1,Trace,Normal
2022-02-02,Urumqi,Urumqi,China,43.82,87.62,1.3,Trace,Normal
2022-02-03,Urumqi,Urumqi,China,43.82,87.62,1.1,Trace,Normal
2022-02-09,Urumqi,Urumqi,China,43.82,87.62,0.1,Trace,Normal
2022-02-11,Urumqi,Urumqi,China,43.82,87.62,1.6,Trace,Normal
2022-02-14,Urumqi,Urumqi,China,43.82,87.62,0.7,Trace,Normal
2022-02-20,Urumqi,Urumqi,China,43.82,87.62,0.1,Trace,Normal
2022-02-27,Urumqi,Urumqi,China,43.82,87.62,0.7,Trace,Normal
2022-02-28,Urumqi,Urumqi,China,43.82,87.62,0.3,Trace,Normal
2022-03-01,Urumqi,Urumqi,China,43.82,87.62,0.9,Trace,Normal
2022-03-02,Urumqi,Urumqi,China,43.82,87.62,0.2,Trace,Normal
2022-03-08,Urumqi,Urumqi,China,43.82,87.62,0.2,Trace,Normal
2022-03-11,Urumqi,Urumqi,China,43.82,87.62,0.3,Trace,Normal
2022-03-15,Urumqi,Urumqi,China,43.82,87.62,0.1,Trace,Normal
2022-03-19,Urumqi,Urumqi,China,43.82,87.62,0.3,Trace,Normal
2022-03-21,Urumqi,Urumqi,China,43.82,87.62,0.6,Trace,Normal
2022-03-23,Urumqi,Urumqi,China,43.82,87.62,0.1,Trace,Normal
2022-03-30,Urumqi,Urumqi,China,43.82,87.62,0.4,Trace,Normal
2022-04-01,Urumqi,Urumqi,China,43.82,87.62,0.1,Trace,Normal
2022-04-02,Urumqi,Urumqi,China,43.82,87.62,1.3,Trace,Normal
2022-04-04,Urumqi,Urumqi,China,43.82,87.62,0.1,Trace,Normal
2022-04-08,Urumqi,Urumqi,China,43.82,87.62,0.1,Trace,Normal
2022-04-10,Urumqi,Urumqi,China,43.82,87.62,0.9,Trace,Normal
2022-04-13,Urumqi,Urumqi,China,43.82,87.62,0.5,Trace,Normal
2022-04-15,Urumqi,Urumqi,China,43.82,87.62,1.0,Trace,Normal
2022-04-16,Urumqi,Urumqi,China,43.82,87.62,0.8,Trace,Normal
2022-04-21,Urumqi,Urumqi,China,43.82,87.62,1.4,Trace,Normal
2022-04-27,Urumqi,Urumqi,China,43.82,87.62,0.4,Trace,Normal
2022-05-01,Urumqi,Urumqi,China,43.82,87.62,0.2,Trace,Normal
2022-05-04,Urumqi,Urumqi,China,43.82,87.62,1.3,Trace,Normal
2022-05-06,Urumqi,Urumqi,China,43.82,87.62,0.5,Trace,Normal
2022-05-08,Urumqi,Urumqi,China,43.82,87.62,0.7,Trace,Normal
2022-05-09,Urumqi,Urumqi,China,43.82,87.62,0.8,Trace,Normal
2022-05-12,Urumqi,Urumqi,China,43.82,87.62,0.2,Trace,Normal
2022-05-13,Urumqi,Urumqi,China,43.82,87.62,0.9,Trace,Normal
2022-05-17,Urumqi,Urumqi,China,43.82,87.62,0.7,Trace,Normal
2022-05-27,Urumqi,Urumqi,China,43.82,87.62,0.2,Trace,Normal
2022-06-01,Urumqi,Urumqi,China,43.82,87.62,1.2,Trace,Normal
2022-06-06,Urumqi,Urumqi,China,43.82,87.62,0.1,Trace,Normal
2022-06-09,Urumqi,Urumqi,China,43.82,87.62,0.2,Trace,Normal
2022-06-10,Urumqi,Urumqi,China,43.82,87.62,0.2,Trace,Normal
2022-06-12,Urumqi,Urumqi,China,43.82,87.62,0.1,Trace,Normal
2022-06-14,Urumqi,Urumqi,China,43.82,87.62,0.9,Trace,Normal
2022-06-22,Urumqi,Urumqi,China,43.82,87.62,0.3,Trace,Normal
2022-06-23,Urumqi,Urumqi,China,43.82,87.62,0.1,Trace,Normal
2022-06-24,Urumqi,Urumqi,China,43.82,87.62,0.7,Trace,Normal
2022-06-29,Urumqi,Urumqi,China,43.82,87.62,0.9,Trace,Normal
2022-06-30,Urumqi,Urumqi,China,43.82,87.62,0.1,Trace,Normal
2022-07-01,Urumqi,Urumqi,China,43.82,87.62,0.3,Trace,Normal
2022-07-05,Urumqi,Urumqi,China,43.82,87.62,1.4,Trace,Normal
2022-07-08,Urumqi,Urumqi,China,43.82,87.62,1.7,Trace,Normal
2022-07-11,Urumqi,Urumqi,China,43.82,87.62,0.1,Trace,Normal
2022-07-13,Urumqi,Urumqi,China,43.82,87.62,0.4,Trace,Normal
2022-07-14,Urumqi,Urumqi,China,43.82,87.62,0.2,Trace,Normal
2022-07-26,Urumqi,Urumqi,China,43.82,87.62,0.1,Trace,Normal
2022-07-30,Urumqi,Urumqi,China,43.82,87.62,1.2,Trace,Normal
2022-07-31,Urumqi,Urumqi,China,43.82,87.62,0.4,Trace,Normal
2022-08-12,Urumqi,Urumqi,China,43.82,87.62,0.1,Trace,Normal
2022-08-16,Urumqi,Urumqi,China,43.82,87.62,0.8,Trace,Normal
2022-08-17,Urumqi,Urumqi,China,43.82,87.62,1.1,Trace,Normal
2022-08-19,Urumqi,Urumqi,China,43.82,87.62,0.1,Trace,Normal
2022-08-22,Urumqi,Urumqi,China,43.82,87.62,0.3,Trace,Normal
2022-08-23,Urumqi,Urumqi,China,43.82,87.62,0.2,Trace,Normal
2022-08-24,Urumqi,Urumqi,China,43.82,87.62,0.3,Trace,Normal
2022-08-28,Urumqi,Urumqi,China,43.82,87.62,0.5,Trace,Normal
2022-09-06,Urumqi,Urumqi,China,43.82,87.62,2.1,Trace,Normal
2022-09-07,Urumqi,Urumqi,China,43.82,87.62,0.2,Trace,Normal
2022-09-08,Urumqi,Urumqi,China,43.82,87.62,0.3,Trace,Normal
2022-09-10,Urumqi,Urumqi,China,43.82,87.62,0.4,Trace,Normal
2022-09-13,Urumqi,Urumqi,China,43.82,87.62,0.1,Trace,Normal
2022-09-16,Urumqi,Urumqi,China,43.82,87.62,0.8,Trace,Normal
2022-09-17,Urumqi,Urumqi,China,43.82,87.62,0.4,Trace,Normal
2022-09-20,Urumqi,Urumqi,China,43.82,87.62,0.1,Trace,Normal
2022-09-25,Urumqi,Urumqi,China,43.82,87.62,0.8,Trace,Normal
2022-09-29,Urumqi,Urumqi,China,43.82,87.62,0.6,Trace,Normal
2022-09-30,Urumqi,Urumqi,China,43.82,87.62,0.1,Trace,Normal
2022-10-06,Urumqi,Urumqi,China,43.82,87.62,1.7,Trace,Normal
2022-10-07,Urumqi,Urumqi,China,43.82,87.62,1.1,Trace,Normal
2022-10-09,Urumqi,Urumqi,China,43.82,87.62,1.4,Trace,Normal
2022-10-14,Urumqi,Urumqi,China,43.82,87.62,1.7,Trace,Normal
2022-10-15,Urumqi,Urumqi,China,43.82,87.62,0.2,Trace,Normal
2022-10-18,Urumqi,Urumqi,China,43.82,87.62,0.8,Trace,Normal
2022-10-19,Urumqi,Urumqi,China,43.82,87.62,0.3,Trace,Normal
2022-10-21,Urumqi,Urumqi,China,43.82,87.62,0.9,Trace,Normal
2022-10-24,Urumqi,Urumqi,China,43.82,87.62,0.2,Trace,Normal
2022-10-25,Urumqi,Urumqi,China,43.82,87.62,1.1,Trace,Normal
2022-10-28,Urumqi,Urumqi,China,43.82,87.62,0.8,Trace,Normal
2022-11-06,Urumqi,Urumqi,China,43.82,87.62,0.3,Trace,Normal
2022-11-08,Urumqi,Urumqi,China,43.82,87.62,1.0,Trace,Normal
2022-11-11,Urumqi,Urumqi,China,43.82,87.62,0.2,Trace,Normal
2022-11-14,Urumqi,Urumqi,China,43.82,87.62,0.2,Trace,Normal
2022-11-15,Urumqi,Urumqi,China,43.82,87.62,1.0,Trace,Normal
2022-11-16,Urumqi,Urumqi,China,43.82,87.62,0.1,Trace,Normal
2022-11-17,Urumqi,Urumqi,China,43.82,87.62,0.2,Trace,Normal
2022-11-18,Urumqi,Urumqi,China,43.82,87.62,0.5,Trace,Normal
2022-11-20,Urumqi,Urumqi,China,43.82,87.62,0.7,Trace,Normal
2022-11-22,Urumqi,Urumqi,China,43.82,87.62,0.2,Trace,Normal
2022-11-23,Urumqi,Urumqi,China,43.82,87.62,0.5,Trace,Normal
2022-11-26,Urumqi,Urumqi,China,43.82,87.62,0.2,Trace,Normal
2022-11-28,Urumqi,Urumqi,China,43.82,87.62,0.1,Trace,Normal
2022-11-29,Urumqi,Urumqi,China,43.82,87.62,1.5,Trace,Normal
2022-12-06,Urumqi,Urumqi,China,43.82,87.62,1.1,Trace,Normal
2022-12-09,Urumqi,Urumqi,China,43.82,87.62,0.5,Trace,Normal
2022-12-23,Urumqi,Urumqi,China,43.82,87.62,0.3,Trace,Normal
2022-12-29,Urumqi,Urumqi,China,43.82,87.62,0.4,Trace,Normal
2023-01-01,Urumqi,Urumqi,China,43.82,87.62,0.2,Trace,Normal
2023-01-02,Urumqi,Urumqi,China,43.82,87.62,0.2,Trace,Normal
2023-01-05,Urumqi,Urumqi,China,43.82,87.62,0.3,Trace,Normal
2023-01-09,Urumqi,Urumqi,China,43.82,87.62,0.2,Trace,Normal
2023-01-10,Urumqi,Urumqi,China,43.82,87.62,0.6,Trace,Normal
2023-01-11,Urumqi,Urumqi,China,43.82,87.62,0.8,Trace,Normal
2023-01-17,Urumqi,Urumqi,China,43.82,87.62,0.4,Trace,Normal
2023-01-21,Urumqi,Urumqi,China,43.82,87.62,0.3,Trace,Normal
2023-01-22,Urumqi,Urumqi,China,43.82,87.62,1.0,Trace,Normal
2023-01-23,Urumqi,Urumqi,China,43.82,87.62,0.2,Trace,Normal
2023-01-24,Urumqi,Urumqi,China,43.82,87.62,1.3,Trace,Normal
2023-01-25,Urumqi,Urumqi,China,43.82,87.62,0.2,Trace,Normal
2023-01-26,Urumqi,Urumqi,China,43.82,87.62,0.3,Trace,Normal
2023-01-28,Urumqi,Urumqi,China,43.82,87.62,1.3,Trace,Normal
2023-01-30,Urumqi,Urumqi,China,43.82,87.62,0.8,Trace,Normal
2023-02-02,Urumqi,Urumqi,China,43.82,87.62,0.5,Trace,Normal
2023-02-05,Urumqi,Urumqi,China,43.82,87.62,0.7,Trace,Normal
2023-02-10,Urumqi,Urumqi,China,43.82,87.62,0.3,Trace,Normal
2023-02-12,Urumqi,Urumqi,China,43.82,87.62,0.5,Trace,Normal
2023-02-16,Urumqi,Urumqi,China,43.82,87.62,1.2,Trace,Normal
2023-02-18,Urumqi,Urumqi,China,43.82,87.62,1.1,Trace,Normal
2023-02-19,Urumqi,Urumqi,China,43.82,87.62,1.1,Trace,Normal
2023-02-20,Urumqi,Urumqi,China,43.82,87.62,0.7,Trace,Normal
2023-02-22,Urumqi,Urumqi,China,43.82,87.62,1.7,Trace,Normal
2023-02-24,Urumqi,Urumqi,China,43.82,87.62,0.1,Trace,Normal
2023-02-25,Urumqi,Urumqi,China,43.82,87.62,0.1,Trace,Normal
2023-03-05,Urumqi,Urumqi,China,43.82,87.62,1.1,Trace,Normal
2023-03-11,Urumqi,Urumqi,China,43.82,87.62,0.3,Trace,Normal
2023-03-18,Urumqi,Urumqi,China,43.82,87.62,0.2,Trace,Normal
2023-03-20,Urumqi,Urumqi,China,43.82,87.62,0.3,Trace,Normal
2023-03-30,Urumqi,Urumqi,China,43.82,87.62,0.2,Trace,Normal
2023-04-06,Urumqi,Urumqi,China,43.82,87.62,0.1,Trace,Normal
2023-04-10,Urumqi,Urumqi,China,43.82,87.62,0.2,Trace,Normal
2023-04-12,Urumqi,Urumqi,China,43.82,87.62,0.6,Trace,Normal
2023-04-16,Urumqi,Urumqi,China,43.82,87.62,0.1,Trace,Normal
2023-04-21,Urumqi,Urumqi,China,43.82,87.62,0.2,Trace,Normal
2023-04-23,Urumqi,Urumqi,China,43.82,87.62,0.7,Trace,Normal
2023-04-24,Urumqi,Urumqi,China,43.82,87.62,0.3,Trace,Normal
2023-04-25,Urumqi,Urumqi,China,43.82,87.62,0.1,Trace,Normal
2023-05-05,Urumqi,Urumqi,China,43.82,87.62,0.3,Trace,Normal
2023-05-06,Urumqi,Urumqi,China,43.82,87.62,1.0,Trace,Normal
2023-05-08,Urumqi,Urumqi,China,43.82,87.62,0.1,Trace,Normal
2023-05-13,Urumqi,Urumqi,China,43.82,87.62,0.1,Trace,Normal
2023-05-17,Urumqi,Urumqi,China,43.82,87.62,0.3,Trace,Normal
2023-05-20,Urumqi,Urumqi,China,43.82,87.62,0.8,Trace,Normal
2023-05-21,Urumqi,Urumqi,China,43.82,87.62,0.9,Trace,Normal
2023-05-23,Urumqi,Urumqi,China,43.82,87.62,0.1,Trace,Normal
2023-05-25,Urumqi,Urumqi,China,43.82,87.62,0.5,Trace,Normal
2023-05-27,Urumqi,Urumqi,China,43.82,87.62,0.4,Trace,Normal
2023-05-28,Urumqi,Urumqi,China,43.82,87.62,0.1,Trace,Normal
2023-06-01,Urumqi,Urumqi,China,43.82,87.62,0.6,Trace,Normal
2023-06-04,Urumqi,Urumqi,China,43.82,87.62,0.1,Trace,Normal
2023-06-05,Urumqi,Urumqi,China,43.82,87.62,0.2,Trace,Normal
2023-06-08,Urumqi,Urumqi,China,43.82,87.62,0.1,Trace,Normal
2023-06-15,Urumqi,Urumqi,China,43.82,87.62,0.3,Trace,Normal
2023-06-25,Urumqi,Urumqi,China,43.82,87.62,0.1,Trace,Normal
2023-06-27,Urumqi,Urumqi,China,43.82,87.62,0.2,Trace,Normal
2023-06-28,Urumqi,Urumqi,China,43.82,87.62,0.4,Trace,Normal
2023-06-30,Urumqi,Urumqi,China,43.82,87.62,0.1,Trace,Normal
2023-07-12,Urumqi,Urumqi,China,43.82,87.62,0.3,Trace,Normal
2023-07-23,Urumqi,Urumqi,China,43.82,87.62,0.5,Trace,Normal
2023-07-25,Urumqi,Urumqi,China,43.82,87.62,0.6,Trace,Normal
2023-07-30,Urumqi,Urumqi,China,43.82,87.62,0.7,Trace,Normal
2023-08-03,Urumqi,Urumqi,China,43.82,87.62,0.3,Trace,Normal
2023-08-10,Urumqi,Urumqi,China,43.82,87.62,0.2,Trace,Normal
2023-08-16,Urumqi,Urumqi,China,43.82,87.62,1.6,Trace,Normal
2023-08-20,Urumqi,Urumqi,China,43.82,87.62,0.3,Trace,Normal
2023-08-22,Urumqi,Urumqi,China,43.82,87.62,0.3,Trace,Normal
2023-08-23,Urumqi,Urumqi,China,43.82,87.62,0.5,Trace,Normal
2023-08-25,Urumqi,Urumqi,China,43.82,87.62,1.2,Trace,Normal
2023-08-27,Urumqi,Urumqi,China,43.82,87.62,0.9,Trace,Normal
2023-08-28,Urumqi,Urumqi,China,43.82,87.62,0.2,Trace,Normal
2023-09-06,Urumqi,Urumqi,China,43.82,87.62,0.2,Trace,Normal
2023-09-07,Urumqi,Urumqi,China,43.82,87.62,0.7,Trace,Normal
2023-09-08,Urumqi,Urumqi,China,43.82,87.62,0.3,Trace,Normal
2023-09-09,Urumqi,Urumqi,China,43.82,87.62,0.3,Trace,Normal
2023-09-11,Urumqi,Urumqi,China,43.82,87.62,0.8,Trace,Normal
2023-09-18,Urumqi,Urumqi,China,43.82,87.62,0.6,Trace,Normal
2023-09-19,Urumqi,Urumqi,China,43.82,87.62,0.3,Trace,Normal
2023-09-22,Urumqi,Urumqi,China,43.82,87.62,0.9,Trace,Normal
2023-09-24,Urumqi,Urumqi,China,43.82,87.62,1.2,Trace,Normal
2023-09-26,Urumqi,Urumqi,China,43.82,87.62,0.2,Trace,Normal
2023-09-29,Urumqi,Urumqi,China,43.82,87.62,1.1,Trace,Normal
2023-10-02,Urumqi,Urumqi,China,43.82,87.62,0.1,Trace,Normal
2023-10-05,Urumqi,Urumqi,China,43.82,87.62,0.3,Trace,Normal
2023-10-13,Urumqi,Urumqi,China,43.82,87.62,0.2,Trace,Normal
2023-10-14,Urumqi,Urumqi,China,43.82,87.62,0.7,Trace,Normal
2023-10-16,Urumqi,Urumqi,China,43.82,87.62,0.8,Trace,Normal
2023-10-24,Urumqi,Urumqi,China,43.82,87.62,0.2,Trace,Normal
2023-10-25,Urumqi,Urumqi,China,43.82,87.62,0.6,Trace,Normal
2023-10-27,Urumqi,Urumqi,China,43.82,87.62,1.0,Trace,Normal
2023-10-29,Urumqi,Urumqi,China,43.82,87.62,0.3,Trace,Normal
2023-11-01,Urumqi,Urumqi,China,43.82,87.62,0.6,Trace,Normal
2023-11-04,Urumqi,Urumqi,China,43.82,87.62,0.1,Trace,Normal
2023-11-08,Urumqi,Urumqi,China,43.82,87.62,0.1,Trace,Normal
2023-11-10,Urumqi,Urumqi,China,43.82,87.62,0.2,Trace,Normal
2023-11-11,Urumqi,Urumqi,China,43.82,87.62,0.5,Trace,Normal
2023-11-12,Urumqi,Urumqi,China,43.82,87.62,0.1,Trace,Normal
2023-11-15,Urumqi,Urumqi,China,43.82,87.62,1.3,Trace,Normal
2023-11-16,Urumqi,Urumqi,China,43.82,87.62,3.4,Trace,Normal
2023-11-17,Urumqi,Urumqi,China,43.82,87.62,0.1,Trace,Normal
2023-11-18,Urumqi,Urumqi,China,43.82,87.62,0.5,Trace,Normal
2023-11-19,Urumqi,Urumqi,China,43.82,87.62,0.2,Trace,Normal
2023-11-21,Urumqi,Urumqi,China,43.82,87.62,0.5,Trace,Normal
2023-11-23,Urumqi,Urumqi,China,43.82,87.62,0.3,Trace,Normal
2023-11-25,Urumqi,Urumqi,China,43.82,87.62,0.1,Trace,Normal
2023-11-27,Urumqi,Urumqi,China,43.82,87.62,0.1,Trace,Normal
2023-12-03,Urumqi,Urumqi,China,43.82,87.62,0.1,Trace,Normal
2023-12-06,Urumqi,Urumqi,China,43.82,87.62,0.5,Trace,Normal
2023-12-07,Urumqi,Urumqi,China,43.82,87.62,0.2,Trace,Normal
2023-12-08,Urumqi,Urumqi,China,43.82,87.62,0.4,Trace,Normal
2023-12-14,Urumqi,Urumqi,China,43.82,87.62,0.3,Trace,Normal
2023-12-16,Urumqi,Urumqi,China,43.82,87.62,0.8,Trace,Normal
2023-12-17,Urumqi,Urumqi,China,43.82,87.62,0.1,Trace,Normal
2023-12-23,Urumqi,Urumqi,China,43.82,87.62,1.3,Trace,Normal
2023-12-24,Urumqi,Urumqi,China,43.82,87.62,1.8,Trace,Normal
2023-12-30,Urumqi,Urumqi,China,43.82,87.62,0.9,Trace,Normal
2022-01-02,Kashgar,Kashgar,China,39.47,75.99,0.6,Trace,Normal
2022-01-05,Kashgar,Kashgar,China,39.47,75.99,0.2,Trace,Normal
2022-01-09,Kashgar,Kashgar,China,39.47,75.99,0.1,Trace,Normal
2022-01-10,Kashgar,Kashgar,China,39.47,75.99,0.1,Trace,Normal
2022-01-19,Kashgar,Kashgar,China,39.47,75.99,0.3,Trace,Normal
2022-01-21,Kashgar,Kashgar,China,39.47,75.99,0.3,Trace,Normal
2022-01-23,Kashgar,Kashgar,China,39.47,75.99,0.4,Trace,Normal
2022-01-26,Kashgar,Kashgar,China,39.47,75.99,0.6,Trace,Normal
2022-01-28,Kashgar,Kashgar,China,39.47,75.99,0.1,Trace,Normal
2022-01-31,Kashgar,Kashgar,China,39.47,75.99,0.1,Trace,Normal
2022-02-02,Kashgar,Kashgar,China,39.47,75.99,0.2,Trace,Normal
2022-02-05,Kashgar,Kashgar,China,39.47,75.99,0.1,Trace,Normal
2022-02-09,Kashgar,Kashgar,China,39.47,75.99,0.2,Trace,Normal
2022-02-11,Kashgar,Kashgar,China,39.47,75.99,0.3,Trace,Normal
2022-02-15,Kashgar,Kashgar,China,39.47,75.99,0.6,Trace,Normal
2022-02-19,Kashgar,Kashgar,China,39.47,75.99,0.4,Trace,Normal
2022-02-24,Kashgar,Kashgar,China,39.47,75.99,0.1,Trace,Heatwave
2022-03-04,Kashgar,Kashgar,China,39.47,75.99,0.1,Trace,Normal
2022-03-06,Kashgar,Kashgar,China,39.47,75.99,0.2,Trace,Normal
2022-03-07,Kashgar,Kashgar,China,39.47,75.99,0.2,Trace,Normal
2022-03-09,Kashgar,Kashgar,China,39.47,75.99,0.2,Trace,Normal
2022-03-14,Kashgar,Kashgar,China,39.47,75.99,0.1,Trace,Normal
2022-03-16,Kashgar,Kashgar,China,39.47,75.99,0.2,Trace,Heatwave
2022-03-17,Kashgar,Kashgar,China,39.47,75.99,0.1,Trace,Normal
2022-03-19,Kashgar,Kashgar,China,39.47,75.99,0.2,Trace,Normal
2022-03-20,Kashgar,Kashgar,China,39.47,75.99,0.3,Trace,Normal
2022-03-31,Kashgar,Kashgar,China,39.47,75.99,0.2,Trace,Heatwave
2022-04-08,Kashgar,Kashgar,China,39.47,75.99,0.1,Trace,Normal
2022-04-12,Kashgar,Kashgar,China,39.47,75.99,1.2,Trace,Normal
2022-04-13,Kashgar,Kashgar,China,39.47,75.99,0.5,Trace,Heatwave
2022-04-19,Kashgar,Kashgar,China,39.47,75.99,0.1,Trace,Normal
2022-04-22,Kashgar,Kashgar,China,39.47,75.99,0.2,Trace,Heatwave
2022-04-23,Kashgar,Kashgar,China,39.47,75.99,0.1,Trace,Normal
2022-04-25,Kashgar,Kashgar,China,39.47,75.99,0.1,Trace,Normal
2022-04-30,Kashgar,Kashgar,China,39.47,75.99,0.3,Trace,Normal
2022-05-05,Kashgar,Kashgar,China,39.47,75.99,0.2,Trace,Normal
2022-05-15,Kashgar,Kashgar,China,39.47,75.99,0.2,Trace,Heatwave
2022-05-19,Kashgar,Kashgar,China,39.47,75.99,0.1,Trace,Heatwave
2022-05-21,Kashgar,Kashgar,China,39.47,75.99,0.2,Trace,Normal
2022-05-23,Kashgar,Kashgar,China,39.47,75.99,0.2,Trace,Normal
2022-05-24,Kashgar,Kashgar,China,39.47,75.99,0.2,Trace,Normal
2022-05-31,Kashgar,Kashgar,China,39.47,75.99,0.3,Trace,Normal
2022-06-02,Kashgar,Kashgar,China,39.47,75.99,0.2,Trace,Normal
2022-06-03,Kashgar,Kashgar,China,39.47,75.99,0.2,Trace,Normal
2022-06-08,Kashgar,Kashgar,China,39.47,75.99,0.2,Trace,Normal
2022-06-12,Kashgar,Kashgar,China,39.47,75.99,0.2,Trace,Normal
2022-06-15,Kashgar,Kashgar,China,39.47,75.99,0.1,Trace,Normal
2022-06-25,Kashgar,Kashgar,China,39.47,75.99,0.1,Trace,Normal
2022-07-02,Kashgar,Kashgar,China,39.47,75.99,0.4,Trace,Normal
2022-07-06,Kashgar,Kashgar,China,39.47,75.99,0.4,Trace,Normal
2022-07-07,Kashgar,Kashgar,China,39.47,75.99,0.2,Trace,Normal
2022-07-09,Kashgar,Kashgar,China,39.47,75.99,0.3,Trace,Normal
2022-07-10,Kashgar,Kashgar,China,39.47,75.99,0.3,Trace,Normal
2022-07-11,Kashgar,Kashgar,China,39.47,75.99,0.2,Trace,Normal
2022-07-13,Kashgar,Kashgar,China,39.47,75.99,0.1,Trace,Normal
2022-07-16,Kashgar,Kashgar,China,39.47,75.99,0.3,Trace,Normal
2022-07-20,Kashgar,Kashgar,China,39.47,75.99,0.1,Trace,Normal
2022-07-21,Kashgar,Kashgar,China,39.47,75.99,0.2,Trace,Normal
2022-07-22,Kashgar,Kashgar,China,39.47,75.99,0.6,Trace,Normal
2022-07-24,Kashgar,Kashgar,China,39.47,75.99,0.4,Trace,Normal
2022-07-26,Kashgar,Kashgar,China,39.47,75.99,0.3,Trace,Normal
2022-07-30,Kashgar,Kashgar,China,39.47,75.99,0.4,Trace,Normal
2022-08-04,Kashgar,Kashgar,China,39.47,75.99,0.1,Trace,Normal
2022-08-12,Kashgar,Kashgar,China,39.47,75.99,0.1,Trace,Normal
2022-08-18,Kashgar,Kashgar,China,39.47,75.99,0.1,Trace,Normal
2022-08-21,Kashgar,Kashgar,China,39.47,75.99,0.1,Trace,Normal
2022-08-28,Kashgar,Kashgar,China,39.47,75.99,0.1,Trace,Normal
2022-08-29,Kashgar,Kashgar,China,39.47,75.99,0.1,Trace,Normal
2022-08-31,Kashgar,Kashgar,China,39.47,75.99,0.1,Trace,Normal
2022-09-01,Kashgar,Kashgar,China,39.47,75.99,0.1,Trace,Normal
2022-09-02,Kashgar,Kashgar,China,39.47,75.99,0.2,Trace,Normal
2022-09-04,Kashgar,Kashgar,China,39.47,75.99,0.2,Trace,Normal
2022-09-08,Kashgar,Kashgar,China,39.47,75.99,0.5,Trace,Normal
2022-09-12,Kashgar,Kashgar,China,39.47,75.99,0.2,Trace,Normal
2022-09-15,Kashgar,Kashgar,China,39.47,75.99,0.1,Trace,Normal
2022-09-22,Kashgar,Kashgar,China,39.47,75.99,0.5,Trace,Normal
2022-09-23,Kashgar,Kashgar,China,39.47,75.99,0.7,Trace,Normal
2022-09-28,Kashgar,Kashgar,China,39.47,75.99,0.5,Trace,Normal
2022-09-30,Kashgar,Kashgar,China,39.47,75.99,0.4,Trace,Normal
2022-10-03,Kashgar,Kashgar,China,39.47,75.99,0.2,Trace,Normal
2022-10-04,Kashgar,Kashgar,China,39.47,75.99,0.9,Trace,Normal
2022-10-05,Kashgar,Kashgar,China,39.47,75.99,0.1,Trace,Normal
2022-10-07,Kashgar,Kashgar,China,39.47,75.99,0.3,Trace,Normal
2022-10-08,Kashgar,Kashgar,China,39.47,75.99,0.2,Trace,Normal
2022-10-14,Kashgar,Kashgar,China,39.47,75.99,0.1,Trace,Normal
2022-10-23,Kashgar,Kashgar,China,39.47,75.99,0.4,Trace,Normal
2022-10-25,Kashgar,Kashgar,China,39.47,75.99,0.1,Trace,Normal
2022-10-30,Kashgar,Kashgar,China,39.47,75.99,0.1,Trace,Normal
2022-11-07,Kashgar,Kashgar,China,39.47,75.99,0.1,Trace,Normal
2022-11-12,Kashgar,Kashgar,China,39.47,75.99,0.1,Trace,Normal
2022-11-13,Kashgar,Kashgar,China,39.47,75.99,0.2,Trace,Normal
2022-11-19,Kashgar,Kashgar,China,39.47,75.99,0.1,Trace,Normal
2022-11-20,Kashgar,Kashgar,China,39.47,75.99,0.1,Trace,Normal
2022-11-21,Kashgar,Kashgar,China,39.47,75.99,0.1,Trace,Normal
2022-11-23,Kashgar,Kashgar,China,39.47,75.99,1.0,Trace,Normal
2022-11-27,Kashgar,Kashgar,China,39.47,75.99,0.1,Trace,Normal
2022-11-29,Kashgar,Kashgar,China,39.47,75.99,0.2,Trace,Normal
2022-12-02,Kashgar,Kashgar,China,39.47,75.99,0.2,Trace,Normal
2022-12-03,Kashgar,Kashgar,China,39.47,75.99,1.0,Trace,Normal
2022-12-08,Kashgar,Kashgar,China,39.47,75.99,0.1,Trace,Normal
2022-12-09,Kashgar,Kashgar,China,39.47,75.99,0.1,Trace,Normal
2022-12-10,Kashgar,Kashgar,China,39.47,75.99,0.3,Trace,Normal
2022-12-14,Kashgar,Kashgar,China,39.47,75.99,0.9,Trace,Normal
2022-12-19,Kashgar,Kashgar,China,39.47,75.99,0.1,Trace,Normal
2022-12-24,Kashgar,Kashgar,China,39.47,75.99,0.1,Trace,Normal
2022-12-30,Kashgar,Kashgar,China,39.47,75.99,0.1,Trace,Normal
2023-01-08,Kashgar,Kashgar,China,39.47,75.99,0.1,Trace,Normal
2023-01-09,Kashgar,Kashgar,China,39.47,75.99,0.3,Trace,Normal
2023-01-10,Kashgar,Kashgar,China,39.47,75.99,0.1,Trace,Normal
2023-01-11,Kashgar,Kashgar,China,39.47,75.99,0.4,Trace,Normal
2023-01-14,Kashgar,Kashgar,China,39.47,75.99,0.5,Trace,Normal
2023-01-23,Kashgar,Kashgar,China,39.47,75.99,0.7,Trace,Normal
2023-01-28,Kashgar,Kashgar,China,39.47,75.99,0.1,Trace,Normal
2023-01-29,Kashgar,Kashgar,China,39.47,75.99,0.2,Trace,Normal
2023-02-03,Kashgar,Kashgar,China,39.47,75.99,0.2,Trace,Normal
2023-02-12,Kashgar,Kashgar,China,39.47,75.99,0.2,Trace,Normal
2023-02-13,Kashgar,Kashgar,China,39.47,75.99,0.1,Trace,Normal
2023-02-21,Kashgar,Kashgar,China,39.47,75.99,0.1,Trace,Normal
2023-02-23,Kashgar,Kashgar,China,39.47,75.99,0.1,Trace,Normal
2023-03-01,Kashgar,Kashgar,China,39.47,75.99,0.6,Trace,Normal
2023-03-03,Kashgar,Kashgar,China,39.47,75.99,0.4,Trace,Normal
2023-03-05,Kashgar,Kashgar,China,39.47,75.99,0.2,Trace,Normal
2023-03-06,Kashgar,Kashgar,China,39.47,75.99,0.1,Trace,Normal
2023-03-08,Kashgar,Kashgar,China,39.47,75.99,0.4,Trace,Normal
2023-03-11,Kashgar,Kashgar,China,39.47,75.99,0.2,Trace,Normal
2023-03-16,Kashgar,Kashgar,China,39.47,75.99,0.1,Trace,Normal
2023-03-18,Kashgar,Kashgar,China,39.47,75.99,0.4,Trace,Normal
2023-03-21,Kashgar,Kashgar,China,39.47,75.99,0.1,Trace,Heatwave
2023-03-23,Kashgar,Kashgar,China,39.47,75.99,0.8,Trace,Normal
2023-03-27,Kashgar,Kashgar,China,39.47,75.99,0.8,Trace,Normal
2023-04-04,Kashgar,Kashgar,China,39.47,75.99,0.2,Trace,Normal
2023-04-06,Kashgar,Kashgar,China,39.47,75.99,0.1,Trace,Normal
2023-04-08,Kashgar,Kashgar,China,39.47,75.99,0.1,Trace,Heatwave
2023-04-14,Kashgar,Kashgar,China,39.47,75.99,0.7,Trace,Heatwave
2023-04-18,Kashgar,Kashgar,China,39.47,75.99,0.6,Trace,Normal
2023-04-21,Kashgar,Kashgar,China,39.47,75.99,0.4,Trace,Normal
2023-04-27,Kashgar,Kashgar,China,39.47,75.99,0.1,Trace,Normal
2023-04-29,Kashgar,Kashgar,China,39.47,75.99,0.1,Trace,Normal
2023-05-03,Kashgar,Kashgar,China,39.47,75.99,0.3,Trace,Normal
2023-05-23,Kashgar,Kashgar,China,39.47,75.99,0.7,Trace,Normal
2023-05-25,Kashgar,Kashgar,China,39.47,75.99,0.1,Trace,Normal
2023-05-30,Kashgar,Kashgar,China,39.47,75.99,0.1,Trace,Normal
2023-06-01,Kashgar,Kashgar,China,39.47,75.99,0.3,Trace,Normal
2023-06-03,Kashgar,Kashgar,China,39.47,75.99,0.3,Trace,Normal
2023-06-05,Kashgar,Kashgar,China,39.47,75.99,0.3,Trace,Normal
2023-06-12,Kashgar,Kashgar,China,39.47,75.99,0.2,Trace,Normal
2023-06-15,Kashgar,Kashgar,China,39.47,75.99,0.3,Trace,Normal
2023-06-23,Kashgar,Kashgar,China,39.47,75.99,0.3,Trace,Normal
2023-06-24,Kashgar,Kashgar,China,39.47,75.99,0.1,Trace,Normal
2023-06-25,Kashgar,Kashgar,China,39.47,75.99,0.1,Trace,Normal
2023-07-03,Kashgar,Kashgar,China,39.47,75.99,0.6,Trace,Normal
2023-07-11,Kashgar,Kashgar,China,39.47,75.99,0.4,Trace,Normal
2023-07-12,Kashgar,Kashgar,China,39.47,75.99,0.7,Trace,Normal
2023-07-14,Kashgar,Kashgar,China,39.47,75.99,0.5,Trace,Normal
2023-07-17,Kashgar,Kashgar,China,39.47,75.99,0.3,Trace,Normal
2023-07-23,Kashgar,Kashgar,China,39.47,75.99,0.1,Trace,Normal
2023-07-24,Kashgar,Kashgar,China,39.47,75.99,0.1,Trace,Normal
2023-07-31,Kashgar,Kashgar,China,39.47,75.99,0.1,Trace,Normal
2023-08-01,Kashgar,Kashgar,China,39.47,75.99,0.5,Trace,Normal
2023-08-04,Kashgar,Kashgar,China,39.47,75.99,0.2,Trace,Normal
2023-08-06,Kashgar,Kashgar,China,39.47,75.99,0.1,Trace,Normal
2023-08-07,Kashgar,Kashgar,China,39.47,75.99,0.1,Trace,Normal
2023-08-11,Kashgar,Kashgar,China,39.47,75.99,0.2,Trace,Normal
2023-08-14,Kashgar,Kashgar,China,39.47,75.99,0.2,Trace,Normal
2023-08-20,Kashgar,Kashgar,China,39.47,75.99,0.1,Trace,Normal
2023-08-23,Kashgar,Kashgar,China,39.47,75.99,0.3,Trace,Normal
2023-08-26,Kashgar,Kashgar,China,39.47,75.99,0.3,Trace,Normal
2023-08-28,Kashgar,Kashgar,China,39.47,75.99,0.1,Trace,Normal
2023-08-30,Kashgar,Kashgar,China,39.47,75.99,0.2,Trace,Normal
2023-08-31,Kashgar,Kashgar,China,39.47,75.99,0.1,Trace,Normal
2023-09-01,Kashgar,Kashgar,China,39.47,75.99,0.4,Trace,Normal
2023-09-03,Kashgar,Kashgar,China,39.47,75.99,0.1,Trace,Normal
2023-09-20,Kashgar,Kashgar,China,39.47,75.99,0.5,Trace,Normal
2023-09-27,Kashgar,Kashgar,China,39.47,75.99,0.2,Trace,Normal
2023-09-29,Kashgar,Kashgar,China,39.47,75.99,0.5,Trace,Normal
2023-10-06,Kashgar,Kashgar,China,39.47,75.99,0.3,Trace,Normal
2023-10-20,Kashgar,Kashgar,China,39.47,75.99,0.2,Trace,Normal
2023-10-25,Kashgar,Kashgar,China,39.47,75.99,0.1,Trace,Normal
2023-10-28,Kashgar,Kashgar,China,39.47,75.99,0.1,Trace,Normal
2023-10-30,Kashgar,Kashgar,China,39.47,75.99,0.2,Trace,Normal
2023-11-05,Kashgar,Kashgar,China,39.47,75.99,0.6,Trace,Normal
2023-11-06,Kashgar,Kashgar,China,39.47,75.99,0.4,Trace,Normal
2023-11-07,Kashgar,Kashgar,China,39.47,75.99,0.1,Trace,Normal
2023-11-13,Kashgar,Kashgar,China,39.47,75.99,0.1,Trace,Normal
2023-11-19,Kashgar,Kashgar,China,39.47,75.99,0.2,Trace,Normal
2023-11-25,Kashgar,Kashgar,China,39.47,75.99,0.3,Trace,Normal
2023-11-28,Kashgar,Kashgar,China,39.47,75.99,0.1,Trace,Normal
2023-11-30,Kashgar,Kashgar,China,39.47,75.99,0.1,Trace,Normal
2023-12-02,Kashgar,Kashgar,China,39.47,75.99,0.3,Trace,Normal
2023-12-05,Kashgar,Kashgar,China,39.47,75.99,0.1,Trace,Normal
2023-12-12,Kashgar,Kashgar,China,39.47,75.99,0.3,Trace,Normal
2023-12-15,Kashgar,Kashgar,China,39.47,75.99,0.1,Trace,Normal
2023-12-18,Kashgar,Kashgar,China,39.47,75.99,0.2,Trace,Normal
2023-12-20,Kashgar,Kashgar,China,39.47,75.99,0.3,Trace,Normal
2023-12-27,Kashgar,Kashgar,China,39.47,75.99,0.3,Trace,Normal
2023-12-29,Kashgar,Kashgar,China,39.47,75.99,0.6,Trace,Normal
2022-01-12,Hotan,Hotan,China,37.11,79.92,0.1,Trace,Normal
2022-01-15,Hotan,Hotan,China,37.11,79.92,0.1,Trace,Normal
2022-01-21,Hotan,Hotan,China,37.11,79.92,0.3,Trace,Normal
2022-01-22,Hotan,Hotan,China,37.11,79.92,0.1,Trace,Normal
2022-01-25,Hotan,Hotan,China,37.11,79.92,0.2,Trace,Normal
2022-01-27,Hotan,Hotan,China,37.11,79.92,0.1,Trace,Normal
2022-02-10,Hotan,Hotan,China,37.11,79.92,0.1,Trace,Normal
2022-02-27,Hotan,Hotan,China,37.11,79.92,0.1,Trace,Normal
2022-03-08,Hotan,Hotan,China,37.11,79.92,0.1,Trace,Normal
2022-03-10,Hotan,Hotan,China,37.11,79.92,0.1,Trace,Normal
2022-03-14,Hotan,Hotan,China,37.11,79.92,0.1,Trace,Normal
2022-03-16,Hotan,Hotan,China,37.11,79.92,0.1,Trace,Normal
2022-04-02,Hotan,Hotan,China,37.11,79.92,0.6,Trace,Normal
2022-04-03,Hotan,Hotan,China,37.11,79.92,0.1,Trace,Normal
2022-04-04,Hotan,Hotan,China,37.11,79.92,0.2,Trace,Normal
2022-04-07,Hotan,Hotan,China,37.11,79.92,0.1,Trace,Heatwave
2022-04-11,Hotan,Hotan,China,37.11,79.92,0.1,Trace,Heatwave
2022-04-19,Hotan,Hotan,China,37.11,79.92,0.1,Trace,Normal
2022-04-24,Hotan,Hotan,China,37.11,79.92,0.1,Trace,Heatwave
2022-05-04,Hotan,Hotan,China,37.11,79.92,0.1,Trace,Normal
2022-05-15,Hotan,Hotan,China,37.11,79.92,0.1,Trace,Normal
2022-05-16,Hotan,Hotan,China,37.11,79.92,0.1,Trace,Heatwave
2022-05-19,Hotan,Hotan,China,37.11,79.92,0.1,Trace,Normal
2022-05-26,Hotan,Hotan,China,37.11,79.92,0.1,Trace,Heatwave
2022-05-28,Hotan,Hotan,China,37.11,79.92,0.3,Trace,Normal
2022-05-30,Hotan,Hotan,China,37.11,79.92,0.4,Trace,Normal
2022-06-03,Hotan,Hotan,China,37.11,79.92,0.1,Trace,Heatwave
2022-06-05,Hotan,Hotan,China,37.11,79.92,0.3,Trace,Normal
2022-06-12,Hotan,Hotan,China,37.11,79.92,0.2,Trace,Heatwave
2022-06-18,Hotan,Hotan,China,37.11,79.92,0.3,Trace,Normal
2022-06-20,Hotan,Hotan,China,37.11,79.92,0.1,Trace,Normal
2022-07-03,Hotan,Hotan,China,37.11,79.92,0.1,Trace,Normal
2022-07-05,Hotan,Hotan,China,37.11,79.92,0.1,Trace,Normal
2022-07-08,Hotan,Hotan,China,37.11,79.92,0.1,Trace,Normal
2022-07-16,Hotan,Hotan,China,37.11,79.92,0.1,Trace,Normal
2022-07-17,Hotan,Hotan,China,37.11,79.92,0.2,Trace,Normal
2022-07-20,Hotan,Hotan,China,37.11,79.92,0.1,Trace,Normal
2022-07-21,Hotan,Hotan,China,37.11,79.92,0.1,Trace,Normal
2022-07-25,Hotan,Hotan,China,37.11,79.92,0.1,Trace,Normal
2022-07-27,Hotan,Hotan,China,37.11,79.92,0.1,Trace,Normal
2022-07-29,Hotan,Hotan,China,37.11,79.92,0.1,Trace,Normal
2022-08-07,Hotan,Hotan,China,37.11,79.92,0.1,Trace,Normal
2022-08-08,Hotan,Hotan,China,37.11,79.92,0.1,Trace,Normal
2022-08-11,Hotan,Hotan,China,37.11,79.92,0.1,Trace,Normal
2022-08-20,Hotan,Hotan,China,37.11,79.92,0.1,Trace,Normal
2022-08-23,Hotan,Hotan,China,37.11,79.92,0.1,Trace,Normal
2022-08-24,Hotan,Hotan,China,37.11,79.92,0.1,Trace,Normal
2022-08-26,Hotan,Hotan,China,37.11,79.92,0.1,Trace,Normal
2022-08-29,Hotan,Hotan,China,37.11,79.92,0.2,Trace,Normal
2022-09-12,Hotan,Hotan,China,37.11,79.92,0.1,Trace,Normal
2022-09-15,Hotan,Hotan,China,37.11,79.92,0.1,Trace,Normal
2022-09-18,Hotan,Hotan,China,37.11,79.92,0.2,Trace,Normal
2022-09-25,Hotan,Hotan,China,37.11,79.92,0.1,Trace,Normal
2022-09-29,Hotan,Hotan,China,37.11,79.92,0.2,Trace,Normal
2022-10-02,Hotan,Hotan,China,37.11,79.92,0.1,Trace,Normal
2022-10-12,Hotan,Hotan,China,37.11,79.92,0.2,Trace,Normal
2022-10-14,Hotan,Hotan,China,37.11,79.92,0.2,Trace,Normal
2022-10-17,Hotan,Hotan,China,37.11,79.92,0.1,Trace,Normal
2022-10-21,Hotan,Hotan,China,37.11,79.92,0.1,Trace,Normal
2022-10-23,Hotan,Hotan,China,37.11,79.92,0.3,Trace,Normal
2022-10-29,Hotan,Hotan,China,37.11,79.92,0.1,Trace,Normal
2022-11-01,Hotan,Hotan,China,37.11,79.92,0.2,Trace,Normal
2022-11-03,Hotan,Hotan,China,37.11,79.92,0.1,Trace,Normal
2022-11-19,Hotan,Hotan,China,37.11,79.92,0.1,Trace,Normal
2022-11-25,Hotan,Hotan,China,37.11,79.92,0.3,Trace,Normal
2022-11-28,Hotan,Hotan,China,37.11,79.92,0.1,Trace,Normal
2022-11-29,Hotan,Hotan,China,37.11,79.92,0.2,Trace,Normal
2022-12-01,Hotan,Hotan,China,37.11,79.92,0.1,Trace,Normal
2022-12-07,Hotan,Hotan,China,37.11,79.92,0.2,Trace,Normal
2022-12-11,Hotan,Hotan,China,37.11,79.92,0.1,Trace,Normal
2022-12-16,Hotan,Hotan,China,37.11,79.92,0.1,Trace,Normal
2022-12-17,Hotan,Hotan,China,37.11,79.92,0.1,Trace,Normal
2022-12-24,Hotan,Hotan,China,37.11,79.92,0.1,Trace,Normal
2022-12-28,Hotan,Hotan,China,37.11,79.92,0.1,Trace,Normal
2023-01-05,Hotan,Hotan,China,37.11,79.92,0.2,Trace,Normal
2023-01-09,Hotan,Hotan,China,37.11,79.92,0.3,Trace,Normal
2023-01-16,Hotan,Hotan,China,37.11,79.92,0.1,Trace,Normal
2023-01-17,Hotan,Hotan,China,37.11,79.92,0.1,Trace,Normal
2023-01-22,Hotan,Hotan,China,37.11,79.92,0.1,Trace,Normal
2023-01-23,Hotan,Hotan,China,37.11,79.92,0.1,Trace,Normal
2023-01-25,Hotan,Hotan,China,37.11,79.92,0.2,Trace,Normal
2023-01-28,Hotan,Hotan,China,37.11,79.92,0.2,Trace,Normal
2023-01-31,Hotan,Hotan,China,37.11,79.92,0.1,Trace,Normal
2023-02-02,Hotan,Hotan,China,37.11,79.92,0.4,Trace,Normal
2023-02-12,Hotan,Hotan,China,37.11,79.92,0.1,Trace,Normal
2023-02-20,Hotan,Hotan,China,37.11,79.92,0.1,Trace,Normal
2023-03-01,Hotan,Hotan,China,37.11,79.92,0.1,Trace,Normal
2023-03-03,Hotan,Hotan,China,37.11,79.92,0.1,Trace,Normal
2023-03-14,Hotan,Hotan,China,37.11,79.92,0.2,Trace,Normal
2023-03-16,Hotan,Hotan,China,37.11,79.92,0.1,Trace,Normal
2023-03-22,Hotan,Hotan,China,37.11,79.92,0.2,Trace,Heatwave
2023-03-25,Hotan,Hotan,China,37.11,79.92,0.2,Trace,Heatwave
2023-03-31,Hotan,Hotan,China,37.11,79.92,0.1,Trace,Heatwave
2023-04-01,Hotan,Hotan,China,37.11,79.92,0.1,Trace,Normal
2023-04-02,Hotan,Hotan,China,37.11,79.92,0.2,Trace,Normal
2023-04-04,Hotan,Hotan,China,37.11,79.92,0.3,Trace,Normal
2023-04-06,Hotan,Hotan,China,37.11,79.92,0.2,Trace,Heatwave
2023-04-08,Hotan,Hotan,China,37.11,79.92,0.1,Trace,Heatwave
2023-04-10,Hotan,Hotan,China,37.11,79.92,0.4,Trace,Heatwave
2023-04-14,Hotan,Hotan,China,37.11,79.92,0.1,Trace,Heatwave
2023-04-15,Hotan,Hotan,China,37.11,79.92,0.3,Trace,Heatwave
2023-04-16,Hotan,Hotan,China,37.11,79.92,0.1,Trace,Normal
2023-04-19,Hotan,Hotan,China,37.11,79.92,0.2,Trace,Normal
2023-04-20,Hotan,Hotan,China,37.11,79.92,0.1,Trace,Normal
2023-04-23,Hotan,Hotan,China,37.11,79.92,0.1,Trace,Heatwave
2023-05-05,Hotan,Hotan,China,37.11,79.92,0.2,Trace,Normal
2023-05-12,Hotan,Hotan,China,37.11,79.92,0.3,Trace,Normal
2023-05-20,Hotan,Hotan,China,37.11,79.92,0.1,Trace,Heatwave
2023-05-28,Hotan,Hotan,China,37.11,79.92,0.2,Trace,Normal
2023-05-31,Hotan,Hotan,China,37.11,79.92,0.1,Trace,Normal
2023-06-02,Hotan,Hotan,China,37.11,79.92,0.1,Trace,Normal
2023-06-03,Hotan,Hotan,China,37.11,79.92,0.1,Trace,Normal
2023-06-06,Hotan,Hotan,China,37.11,79.92,0.2,Trace,Normal
2023-06-11,Hotan,Hotan,China,37.11,79.92,0.1,Trace,Heatwave
2023-06-13,Hotan,Hotan,China,37.11,79.92,0.1,Trace,Normal
2023-06-16,Hotan,Hotan,China,37.11,79.92,0.2,Trace,Heatwave
2023-06-17,Hotan,Hotan,China,37.11,79.92,0.1,Trace,Normal
2023-07-03,Hotan,Hotan,China,37.11,79.92,0.2,Trace,Normal
2023-07-06,Hotan,Hotan,China,37.11,79.92,0.1,Trace,Normal
2023-07-12,Hotan,Hotan,China,37.11,79.92,0.2,Trace,Normal
2023-07-14,Hotan,Hotan,China,37.11,79.92,0.1,Trace,Normal
2023-07-20,Hotan,Hotan,China,37.11,79.92,0.1,Trace,Normal
2023-07-21,Hotan,Hotan,China,37.11,79.92,0.1,Trace,Normal
2023-07-29,Hotan,Hotan,China,37.11,79.92,0.1,Trace,Normal
2023-08-04,Hotan,Hotan,China,37.11,79.92,0.2,Trace,Normal
2023-08-07,Hotan,Hotan,China,37.11,79.92,0.1,Trace,Normal
2023-08-08,Hotan,Hotan,China,37.11,79.92,0.1,Trace,Normal
2023-08-12,Hotan,Hotan,China,37.11,79.92,0.2,Trace,Normal
2023-08-16,Hotan,Hotan,China,37.11,79.92,0.1,Trace,Normal
2023-08-22,Hotan,Hotan,China,37.11,79.92,0.1,Trace,Normal
2023-09-01,Hotan,Hotan,China,37.11,79.92,0.2,Trace,Normal
2023-09-10,Hotan,Hotan,China,37.11,79.92,0.3,Trace,Normal
2023-09-12,Hotan,Hotan,China,37.11,79.92,0.3,Trace,Normal
2023-09-13,Hotan,Hotan,China,37.11,79.92,0.1,Trace,Normal
2023-09-15,Hotan,Hotan,China,37.11,79.92,0.2,Trace,Normal
2023-09-21,Hotan,Hotan,China,37.11,79.92,0.1,Trace,Normal
2023-10-02,Hotan,Hotan,China,37.11,79.92,0.2,Trace,Normal
2023-10-06,Hotan,Hotan,China,37.11,79.92,0.4,Trace,Normal
2023-10-15,Hotan,Hotan,China,37.11,79.92,0.2,Trace,Normal
2023-10-16,Hotan,Hotan,China,37.11,79.92,0.1,Trace,Normal
2023-10-19,Hotan,Hotan,China,37.11,79.92,0.1,Trace,Normal
2023-10-22,Hotan,Hotan,China,37.11,79.92,0.1,Trace,Normal
2023-10-28,Hotan,Hotan,China,37.11,79.92,0.1,Trace,Normal
2023-10-30,Hotan,Hotan,China,37.11,79.92,0.1,Trace,Normal
2023-10-31,Hotan,Hotan,China,37.11,79.92,0.1,Trace,Normal
2023-11-08,Hotan,Hotan,China,37.11,79.92,0.4,Trace,Normal
2023-11-10,Hotan,Hotan,China,37.11,79.92,0.1,Trace,Normal
2023-12-01,Hotan,Hotan,China,37.11,79.92,0.1,Trace,Normal
2023-12-04,Hotan,Hotan,China,37.11,79.92,0.1,Trace,Normal
2023-12-06,Hotan,Hotan,China,37.11,79.92,0.4,Trace,Normal
2023-12-09,Hotan,Hotan,China,37.11,79.92,0.2,Trace,Normal
2023-12-12,Hotan,Hotan,China,37.11,79.92,0.1,Trace,Normal
2023-12-16,Hotan,Hotan,China,37.11,79.92,0.1,Trace,Normal
2023-12-18,Hotan,Hotan,China,37.11,79.92,0.1,Trace,Normal
2023-12-21,Hotan,Hotan,China,37.11,79.92,0.2,Trace,Normal
2023-12-24,Hotan,Hotan,China,37.11,79.92,0.2,Trace,Normal
2023-12-26,Hotan,Hotan,China,37.11,79.92,0.1,Trace,Normal
2023-12-27,Hotan,Hotan,China,37.11,79.92,0.3,Trace,Normal
2023-12-31,Hotan,Hotan,China,37.11,79.92,0.1,Trace,Normal
