date,city,district,country,lat,lon,wind_speed_kmh,winddirection_10m_dominant,severity,event_type
2022-01-02,Karachi,Karachi,Pakistan,24.86,67.01,29.7,118.0,Breezy,Normal
2022-01-04,Karachi,Karachi,Pakistan,24.86,67.01,23.2,328.0,Breezy,Normal
2022-01-10,Karachi,Karachi,Pakistan,24.86,67.01,26.7,266.0,Breezy,Normal
2022-01-12,Karachi,Karachi,Pakistan,24.86,67.01,47.8,237.0,Windy,Normal
2022-01-14,Karachi,Karachi,Pakistan,24.86,67.01,20.7,82.0,Breezy,Normal
2022-01-15,Karachi,Karachi,Pakistan,24.86,67.01,31.8,319.0,Breezy,Normal
2022-01-19,Karachi,Karachi,Pakistan,24.86,67.01,42.2,212.0,Windy,Normal
2022-01-21,Karachi,Karachi,Pakistan,24.86,67.01,27.6,209.0,Breezy,Normal
2022-01-22,Karachi,Karachi,Pakistan,24.86,67.01,21.5,79.0,Breezy,Heatwave
2022-01-25,Karachi,Karachi,Pakistan,24.86,67.01,26.3,276.0,Breezy,Normal
2022-01-26,Karachi,Karachi,Pakistan,24.86,67.01,31.7,15.0,Breezy,Normal
2022-02-01,Karachi,Karachi,Pakistan,24.86,67.01,36.6,150.0,Breezy,Normal
2022-02-02,Karachi,Karachi,Pakistan,24.86,67.01,20.6,197.0,Breezy,Heatwave
2022-02-03,Karachi,Karachi,Pakistan,24.86,67.01,25.7,323.0,Breezy,Heatwave
2022-02-09,Karachi,Karachi,Pakistan,24.86,67.01,35.7,237.0,Breezy,Heatwave
2022-02-14,Karachi,Karachi,Pakistan,24.86,67.01,21.8,242.0,Breezy,Heatwave
2022-02-23,Karachi,Karachi,Pakistan,24.86,67.01,27.8,74.0,Breezy,Heatwave
2022-02-25,Karachi,Karachi,Pakistan,24.86,67.01,23.0,102.0,Breezy,Heatwave
2022-02-28,Karachi,Karachi,Pakistan,24.86,67.01,35.0,180.0,Breezy,Heatwave
2022-03-05,Karachi,Karachi,Pakistan,24.86,67.01,32.9,245.0,Breezy,Heatwave
2022-03-07,Karachi,Karachi,Pakistan,24.86,67.01,35.8,218.0,Breezy,Heatwave
2022-03-10,Karachi,Karachi,Pakistan,24.86,67.01,46.0,7.0,Windy,Heatwave
2022-03-13,Karachi,Karachi,Pakistan,24.86,67.01,33.9,340.0,Breezy,Heatwave
2022-03-16,Karachi,Karachi,Pakistan,24.86,67.01,29.5,146.0,Breezy,Heatwave
2022-03-18,Karachi,Karachi,Pakistan,24.86,67.01,25.5,265.0,Breezy,Heatwave
2022-03-21,Karachi,Karachi,Pakistan,24.86,67.01,28.9,103.0,Breezy,Heatwave
2022-03-24,Karachi,Karachi,Pakistan,24.86,67.01,24.2,72.0,Breezy,Heatwave
2022-03-28,Karachi,Karachi,Pakistan,24.86,67.01,37.5,100.0,Breezy,Heatwave
2022-03-30,Karachi,Karachi,Pakistan,24.86,67.01,21.0,356.0,Breezy,Heatwave
2022-03-31,Karachi,Karachi,Pakistan,24.86,67.01,30.2,97.0,Breezy,Heatwave
2022-04-02,Karachi,Karachi,Pakistan,24.86,67.01,21.0,157.0,Breezy,Heatwave
2022-04-05,Karachi,Karachi,Pakistan,24.86,67.01,35.2,284.0,Breezy,Heatwave
2022-04-06,Karachi,Karachi,Pakistan,24.86,67.01,22.0,74.0,Breezy,Heatwave
2022-04-10,Karachi,Karachi,Pakistan,24.86,67.01,26.0,219.0,Breezy,Heatwave
2022-04-18,Karachi,Karachi,Pakistan,24.86,67.01,24.7,224.0,Breezy,Heatwave
2022-04-20,Karachi,Karachi,Pakistan,24.86,67.01,26.8,307.0,Breezy,Heatwave
2022-04-21,Karachi,Karachi,Pakistan,24.86,67.01,20.6,273.0,Breezy,Heatwave
2022-04-22,Karachi,Karachi,Pakistan,24.86,67.01,38.8,1.0,Breezy,Heatwave
2022-04-23,Karachi,Karachi,Pakistan,24.86,67.01,28.1,288.0,Breezy,Heatwave
2022-04-25,Karachi,Karachi,Pakistan,24.86,67.01,22.9,303.0,Breezy,Heatwave
2022-04-26,Karachi,Karachi,Pakistan,24.86,67.01,23.4,147.0,Breezy,Heatwave
2022-04-27,Karachi,Karachi,Pakistan,24.86,67.01,20.7,115.0,Breezy,Heatwave
2022-04-28,Karachi,Karachi,Pakistan,24.86,67.01,39.2,214.0,Breezy,Heatwave
2022-04-29,Karachi,Karachi,Pakistan,24.86,67.01,34.2,175.0,Breezy,Heatwave
2022-04-30,Karachi,Karachi,Pakistan,24.86,67.01,31.7,105.0,Breezy,Heatwave
2022-05-01,Karachi,Karachi,Pakistan,24.86,67.01,25.1,70.0,Breezy,Heatwave
2022-05-06,Karachi,Karachi,Pakistan,24.86,67.01,20.5,139.0,Breezy,Heatwave
2022-05-08,Karachi,Karachi,Pakistan,24.86,67.01,26.2,103.0,Breezy,Heatwave
2022-05-09,Karachi,Karachi,Pakistan,24.86,67.01,48.7,104.0,Windy,Heatwave
2022-05-11,Karachi,Karachi,Pakistan,24.86,67.01,37.9,38.0,Breezy,Heatwave
2022-05-15,Karachi,Karachi,Pakistan,24.86,67.01,23.4,275.0,Breezy,Heatwave
2022-05-16,Karachi,Karachi,Pakistan,24.86,67.01,22.8,276.0,Breezy,Heatwave
2022-05-18,Karachi,Karachi,Pakistan,24.86,67.01,20.3,214.0,Breezy,Heatwave
2022-05-21,Karachi,Karachi,Pakistan,24.86,67.01,24.2,282.0,Breezy,Heatwave
2022-05-24,Karachi,Karachi,Pakistan,24.86,67.01,27.9,209.0,Breezy,Heatwave
2022-05-25,Karachi,Karachi,Pakistan,24.86,67.01,42.2,196.0,Windy,Heatwave
2022-05-26,Karachi,Karachi,Pakistan,24.86,67.01,23.7,12.0,Breezy,Heatwave
2022-05-27,Karachi,Karachi,Pakistan,24.86,67.01,25.2,17.0,Breezy,Heatwave
2022-05-30,Karachi,Karachi,Pakistan,24.86,67.01,26.2,90.0,Breezy,Heatwave
2022-06-01,Karachi,Karachi,Pakistan,24.86,67.01,28.2,316.0,Breezy,Heatwave
2022-06-02,Karachi,Karachi,Pakistan,24.86,67.01,31.5,74.0,Breezy,Heatwave
2022-06-04,Karachi,Karachi,Pakistan,24.86,67.01,22.5,356.0,Breezy,Heatwave
2022-06-05,Karachi,Karachi,Pakistan,24.86,67.01,35.1,130.0,Breezy,Heatwave
2022-06-08,Karachi,Karachi,Pakistan,24.86,67.01,31.9,203.0,Breezy,Heatwave
2022-06-12,Karachi,Karachi,Pakistan,24.86,67.01,30.0,267.0,Breezy,Heatwave
2022-06-13,Karachi,Karachi,Pakistan,24.86,67.01,23.7,4.0,Breezy,Heatwave
2022-06-17,Karachi,Karachi,Pakistan,24.86,67.01,23.1,200.0,Breezy,Heatwave
2022-06-18,Karachi,Karachi,Pakistan,24.86,67.01,24.4,189.0,Breezy,Heatwave
2022-06-19,Karachi,Karachi,Pakistan,24.86,67.01,30.4,211.0,Breezy,Heatwave
2022-06-22,Karachi,Karachi,Pakistan,24.86,67.01,25.9,226.0,Breezy,Heatwave
2022-06-24,Karachi,Karachi,Pakistan,24.86,67.01,37.8,75.0,Breezy,Heatwave
2022-06-27,Karachi,Karachi,Pakistan,24.86,67.01,21.2,154.0,Breezy,Normal
2022-06-28,Karachi,Karachi,Pakistan,24.86,67.01,35.8,100.0,Breezy,Heatwave
2022-07-01,Karachi,Karachi,Pakistan,24.86,67.01,30.7,355.0,Breezy,Normal
2022-07-02,Karachi,Karachi,Pakistan,24.86,67.01,26.2,342.0,Breezy,Normal
2022-07-06,Karachi,Karachi,Pakistan,24.86,67.01,25.1,304.0,Breezy,Normal
2022-07-07,Karachi,Karachi,Pakistan,24.86,67.01,20.1,184.0,Breezy,Heatwave
2022-07-08,Karachi,Karachi,Pakistan,24.86,67.01,27.0,60.0,Breezy,Normal
2022-07-09,Karachi,Karachi,Pakistan,24.86,67.01,23.8,316.0,Breezy,Normal
2022-07-10,Karachi,Karachi,Pakistan,24.86,67.01,34.3,354.0,Breezy,Normal
2022-07-12,Karachi,Karachi,Pakistan,24.86,67.01,21.1,209.0,Breezy,Normal
2022-07-14,Karachi,Karachi,Pakistan,24.86,67.01,30.6,59.0,Breezy,Normal
2022-07-15,Karachi,Karachi,Pakistan,24.86,67.01,20.9,68.0,Breezy,Normal
2022-07-19,Karachi,Karachi,Pakistan,24.86,67.01,32.8,96.0,Breezy,Normal
2022-07-20,Karachi,Karachi,Pakistan,24.86,67.01,26.1,356.0,Breezy,Normal
2022-07-21,Karachi,Karachi,Pakistan,24.86,67.01,26.7,37.0,Breezy,Normal
2022-07-24,Karachi,Karachi,Pakistan,24.86,67.01,37.3,332.0,Breezy,Normal
2022-07-28,Karachi,Karachi,Pakistan,24.86,67.01,24.9,123.0,Breezy,Normal
2022-07-30,Karachi,Karachi,Pakistan,24.86,67.01,41.7,116.0,Windy,Normal
2022-07-31,Karachi,Karachi,Pakistan,24.86,67.01,31.5,315.0,Breezy,Normal
2022-08-03,Karachi,Karachi,Pakistan,24.86,67.01,33.4,150.0,Breezy,Normal
2022-08-08,Karachi,Karachi,Pakistan,24.86,67.01,30.3,260.0,Breezy,Normal
2022-08-10,Karachi,Karachi,Pakistan,24.86,67.01,32.1,238.0,Breezy,Normal
2022-08-11,Karachi,Karachi,Pakistan,24.86,67.01,34.8,344.0,Breezy,Normal
2022-08-15,Karachi,Karachi,Pakistan,24.86,67.01,21.1,172.0,Breezy,Normal
2022-08-21,Karachi,Karachi,Pakistan,24.86,67.01,34.3,202.0,Breezy,Normal
2022-08-24,Karachi,Karachi,Pakistan,24.86,67.01,25.0,299.0,Breezy,Normal
2022-08-27,Karachi,Karachi,Pakistan,24.86,67.01,21.2,323.0,Breezy,Normal
2022-08-28,Karachi,Karachi,Pakistan,24.86,67.01,28.8,265.0,Breezy,Normal
2022-08-29,Karachi,Karachi,Pakistan,24.86,67.01,22.5,39.0,Breezy,Normal
2022-08-30,Karachi,Karachi,Pakistan,24.86,67.01,21.9,90.0,Breezy,Normal
2022-09-05,Karachi,Karachi,Pakistan,24.86,67.01,24.0,9.0,Breezy,Normal
2022-09-06,Karachi,Karachi,Pakistan,24.86,67.01,38.7,272.0,Breezy,Normal
2022-09-08,Karachi,Karachi,Pakistan,24.86,67.01,26.4,283.0,Breezy,Normal
2022-09-09,Karachi,Karachi,Pakistan,24.86,67.01,20.7,159.0,Breezy,Normal
2022-09-11,Karachi,Karachi,Pakistan,24.86,67.01,22.1,26.0,Breezy,Normal
2022-09-12,Karachi,Karachi,Pakistan,24.86,67.01,23.6,302.0,Breezy,Normal
2022-09-13,Karachi,Karachi,Pakistan,24.86,67.01,23.7,41.0,Breezy,Normal
2022-09-14,Karachi,Karachi,Pakistan,24.86,67.01,30.6,304.0,Breezy,Normal
2022-09-16,Karachi,Karachi,Pakistan,24.86,67.01,20.3,247.0,Breezy,Normal
2022-09-22,Karachi,Karachi,Pakistan,24.86,67.01,28.0,268.0,Breezy,Normal
2022-09-25,Karachi,Karachi,Pakistan,24.86,67.01,27.9,282.0,Breezy,Normal
2022-09-27,Karachi,Karachi,Pakistan,24.86,67.01,23.7,352.0,Breezy,Normal
2022-09-28,Karachi,Karachi,Pakistan,24.86,67.01,38.9,21.0,Breezy,Normal
2022-10-03,Karachi,Karachi,Pakistan,24.86,67.01,28.1,256.0,Breezy,Normal
2022-10-04,Karachi,Karachi,Pakistan,24.86,67.01,33.3,274.0,Breezy,Normal
2022-10-07,Karachi,Karachi,Pakistan,24.86,67.01,29.2,178.0,Breezy,Normal
2022-10-10,Karachi,Karachi,Pakistan,24.86,67.01,23.2,235.0,Breezy,Normal
2022-10-13,Karachi,Karachi,Pakistan,24.86,67.01,36.3,66.0,Breezy,Normal
2022-10-15,Karachi,Karachi,Pakistan,24.86,67.01,30.5,143.0,Breezy,Normal
2022-10-16,Karachi,Karachi,Pakistan,24.86,67.01,25.7,268.0,Breezy,Normal
2022-10-21,Karachi,Karachi,Pakistan,24.86,67.01,24.6,19.0,Breezy,Normal
2022-10-22,Karachi,Karachi,Pakistan,24.86,67.01,25.2,330.0,Breezy,Normal
2022-10-25,Karachi,Karachi,Pakistan,24.86,67.01,26.9,86.0,Breezy,Normal
2022-10-28,Karachi,Karachi,Pakistan,24.86,67.01,24.9,151.0,Breezy,Normal
2022-10-29,Karachi,Karachi,Pakistan,24.86,67.01,25.3,285.0,Breezy,Normal
2022-11-01,Karachi,Karachi,Pakistan,24.86,67.01,31.6,201.0,Breezy,Normal
2022-11-03,Karachi,Karachi,Pakistan,24.86,67.01,32.8,206.0,Breezy,Normal
2022-11-05,Karachi,Karachi,Pakistan,24.86,67.01,24.3,74.0,Breezy,Normal
2022-11-07,Karachi,Karachi,Pakistan,24.86,67.01,24.5,234.0,Breezy,Normal
2022-11-08,Karachi,Karachi,Pakistan,24.86,67.01,20.6,133.0,Breezy,Normal
2022-11-12,Karachi,Karachi,Pakistan,24.86,67.01,41.7,175.0,Windy,Normal
2022-11-19,Karachi,Karachi,Pakistan,24.86,67.01,41.5,330.0,Windy,Normal
2022-11-22,Karachi,Karachi,Pakistan,24.86,67.01,27.0,275.0,Breezy,Normal
2022-11-23,Karachi,Karachi,Pakistan,24.86,67.01,25.4,139.0,Breezy,Normal
2022-11-25,Karachi,Karachi,Pakistan,24.86,67.01,40.1,309.0,Windy,Normal
2022-11-26,Karachi,Karachi,Pakistan,24.86,67.01,22.2,184.0,Breezy,Normal
2022-11-27,Karachi,Karachi,Pakistan,24.86,67.01,25.9,292.0,Breezy,Normal
2022-12-02,Karachi,Karachi,Pakistan,24.86,67.01,20.1,249.0,Breezy,Normal
2022-12-03,Karachi,Karachi,Pakistan,24.86,67.01,33.5,152.0,Breezy,Normal
2022-12-04,Karachi,Karachi,Pakistan,24.86,67.01,29.6,109.0,Breezy,Normal
2022-12-07,Karachi,Karachi,Pakistan,24.86,67.01,24.0,51.0,Breezy,Normal
2022-12-08,Karachi,Karachi,Pakistan,24.86,67.01,20.8,22.0,Breezy,Normal
2022-12-09,Karachi,Karachi,Pakistan,24.86,67.01,21.8,146.0,Breezy,Normal
2022-12-10,Karachi,Karachi,Pakistan,24.86,67.01,29.2,168.0,Breezy,Normal
2022-12-15,Karachi,Karachi,Pakistan,24.86,67.01,24.9,274.0,Breezy,Normal
2022-12-17,Karachi,Karachi,Pakistan,24.86,67.01,34.4,125.0,Breezy,Normal
2022-12-18,Karachi,Karachi,Pakistan,24.86,67.01,33.0,27.0,Breezy,Normal
2022-12-19,Karachi,Karachi,Pakistan,24.86,67.01,26.0,66.0,Breezy,Normal
2022-12-20,Karachi,Karachi,Pakistan,24.86,67.01,34.1,71.0,Breezy,Normal
2022-12-22,Karachi,Karachi,Pakistan,24.86,67.01,23.0,246.0,Breezy,Normal
2022-12-26,Karachi,Karachi,Pakistan,24.86,67.01,38.4,257.0,Breezy,Normal
2022-12-28,Karachi,Karachi,Pakistan,24.86,67.01,23.2,254.0,Breezy,Normal
2022-12-30,Karachi,Karachi,Pakistan,24.86,67.01,22.5,248.0,Breezy,Normal
2023-01-01,Karachi,Karachi,Pakistan,24.86,67.01,26.4,321.0,Breezy,Normal
2023-01-02,Karachi,Karachi,Pakistan,24.86,67.01,31.4,31.0,Breezy,Normal
2023-01-03,Karachi,Karachi,Pakistan,24.86,67.01,24.0,3.0,Breezy,Normal
2023-01-06,Karachi,Karachi,Pakistan,24.86,67.01,25.1,146.0,Breezy,Normal
2023-01-07,Karachi,Karachi,Pakistan,24.86,67.01,25.5,296.0,Breezy,Normal
2023-01-09,Karachi,Karachi,Pakistan,24.86,67.01,33.3,305.0,Breezy,Normal
2023-01-10,Karachi,Karachi,Pakistan,24.86,67.01,23.4,208.0,Breezy,Normal
2023-01-14,Karachi,Karachi,Pakistan,24.86,67.01,29.2,279.0,Breezy,Normal
2023-01-16,Karachi,Karachi,Pakistan,24.86,67.01,22.7,310.0,Breezy,Normal
2023-01-18,Karachi,Karachi,Pakistan,24.86,67.01,26.8,230.0,Breezy,Normal
2023-01-19,Karachi,Karachi,Pakistan,24.86,67.01,29.2,87.0,Breezy,Normal
2023-01-20,Karachi,Karachi,Pakistan,24.86,67.01,32.1,50.0,Breezy,Normal
2023-01-26,Karachi,Karachi,Pakistan,24.86,67.01,26.8,68.0,Breezy,Heatwave
2023-01-30,Karachi,Karachi,Pakistan,24.86,67.01,25.5,220.0,Breezy,Heatwave
2023-02-01,Karachi,Karachi,Pakistan,24.86,67.01,27.5,69.0,Breezy,Heatwave
2023-02-02,Karachi,Karachi,Pakistan,24.86,67.01,32.8,131.0,Breezy,Heatwave
2023-02-04,Karachi,Karachi,Pakistan,24.86,67.01,20.8,84.0,Breezy,Heatwave
2023-02-07,Karachi,Karachi,Pakistan,24.86,67.01,50.5,5.0,Windy,Heatwave
2023-02-08,Karachi,Karachi,Pakistan,24.86,67.01,36.4,117.0,Breezy,Normal
2023-02-10,Karachi,Karachi,Pakistan,24.86,67.01,20.6,299.0,Breezy,Heatwave
2023-02-12,Karachi,Karachi,Pakistan,24.86,67.01,25.1,118.0,Breezy,Heatwave
2023-02-17,Karachi,Karachi,Pakistan,24.86,67.01,30.3,70.0,Breezy,Heatwave
2023-02-18,Karachi,Karachi,Pakistan,24.86,67.01,22.7,75.0,Breezy,Heatwave
2023-02-20,Karachi,Karachi,Pakistan,24.86,67.01,28.6,351.0,Breezy,Heatwave
2023-02-21,Karachi,Karachi,Pakistan,24.86,67.01,30.1,304.0,Breezy,Heatwave
2023-02-22,Karachi,Karachi,Pakistan,24.86,67.01,21.7,153.0,Breezy,Heatwave
2023-02-26,Karachi,Karachi,Pakistan,24.86,67.01,35.5,335.0,Breezy,Heatwave
2023-02-28,Karachi,Karachi,Pakistan,24.86,67.01,23.4,172.0,Breezy,Heatwave
2023-03-01,Karachi,Karachi,Pakistan,24.86,67.01,24.1,137.0,Breezy,Heatwave
2023-03-11,Karachi,Karachi,Pakistan,24.86,67.01,24.0,330.0,Breezy,Heatwave
2023-03-13,Karachi,Karachi,Pakistan,24.86,67.01,30.5,199.0,Breezy,Heatwave
2023-03-14,Karachi,Karachi,Pakistan,24.86,67.01,33.5,137.0,Breezy,Heatwave
2023-03-16,Karachi,Karachi,Pakistan,24.86,67.01,23.1,45.0,Breezy,Heatwave
2023-03-21,Karachi,Karachi,Pakistan,24.86,67.01,30.0,39.0,Breezy,Heatwave
2023-03-22,Karachi,Karachi,Pakistan,24.86,67.01,34.3,224.0,Breezy,Heatwave
2023-03-23,Karachi,Karachi,Pakistan,24.86,67.01,21.6,308.0,Breezy,Heatwave
2023-03-26,Karachi,Karachi,Pakistan,24.86,67.01,39.4,79.0,Breezy,Heatwave
2023-03-30,Karachi,Karachi,Pakistan,24.86,67.01,21.0,309.0,Breezy,Heatwave
2023-03-31,Karachi,Karachi,Pakistan,24.86,67.01,25.8,343.0,Breezy,Heatwave
2023-04-02,Karachi,Karachi,Pakistan,24.86,67.01,22.9,229.0,Breezy,Heatwave
2023-04-03,Karachi,Karachi,Pakistan,24.86,67.01,20.9,294.0,Breezy,Heatwave
2023-04-06,Karachi,Karachi,Pakistan,24.86,67.01,27.1,325.0,Breezy,Heatwave
2023-04-07,Karachi,Karachi,Pakistan,24.86,67.01,30.0,236.0,Breezy,Heatwave
2023-04-10,Karachi,Karachi,Pakistan,24.86,67.01,20.2,148.0,Breezy,Heatwave
2023-04-13,Karachi,Karachi,Pakistan,24.86,67.01,23.7,271.0,Breezy,Heatwave
2023-04-20,Karachi,Karachi,Pakistan,24.86,67.01,21.6,16.0,Breezy,Heatwave
2023-04-22,Karachi,Karachi,Pakistan,24.86,67.01,25.8,12.0,Breezy,Heatwave
2023-04-23,Karachi,Karachi,Pakistan,24.86,67.01,22.4,358.0,Breezy,Heatwave
2023-04-26,Karachi,Karachi,Pakistan,24.86,67.01,24.2,306.0,Breezy,Heatwave
2023-04-27,Karachi,Karachi,Pakistan,24.86,67.01,27.5,359.0,Breezy,Heatwave
2023-04-28,Karachi,Karachi,Pakistan,24.86,67.01,28.1,134.0,Breezy,Heatwave
2023-05-03,Karachi,Karachi,Pakistan,24.86,67.01,21.9,28.0,Breezy,Heatwave
2023-05-05,Karachi,Karachi,Pakistan,24.86,67.01,21.6,208.0,Breezy,Heatwave
2023-05-07,Karachi,Karachi,Pakistan,24.86,67.01,21.8,107.0,Breezy,Heatwave
2023-05-18,Karachi,Karachi,Pakistan,24.86,67.01,22.4,105.0,Breezy,Heatwave
2023-05-19,Karachi,Karachi,Pakistan,24.86,67.01,36.3,83.0,Breezy,Heatwave
2023-05-20,Karachi,Karachi,Pakistan,24.86,67.01,42.0,285.0,Windy,Heatwave
2023-05-22,Karachi,Karachi,Pakistan,24.86,67.01,32.7,360.0,Breezy,Heatwave
2023-05-24,Karachi,Karachi,Pakistan,24.86,67.01,26.8,253.0,Breezy,Heatwave
2023-05-25,Karachi,Karachi,Pakistan,24.86,67.01,23.7,102.0,Breezy,Heatwave
2023-05-27,Karachi,Karachi,Pakistan,24.86,67.01,20.9,241.0,Breezy,Heatwave
2023-05-29,Karachi,Karachi,Pakistan,24.86,67.01,24.3,272.0,Breezy,Heatwave
2023-05-30,Karachi,Karachi,Pakistan,24.86,67.01,24.0,319.0,Breezy,Heatwave
2023-06-03,Karachi,Karachi,Pakistan,24.86,67.01,31.8,342.0,Breezy,Heatwave
2023-06-09,Karachi,Karachi,Pakistan,24.86,67.01,20.3,122.0,Breezy,Heatwave
2023-06-15,Karachi,Karachi,Pakistan,24.86,67.01,34.2,117.0,Breezy,Heatwave
2023-06-17,Karachi,Karachi,Pakistan,24.86,67.01,33.4,292.0,Breezy,Heatwave
2023-06-18,Karachi,Karachi,Pakistan,24.86,67.01,21.3,327.0,Breezy,Heatwave
2023-06-19,Karachi,Karachi,Pakistan,24.86,67.01,37.0,157.0,Breezy,Heatwave
2023-06-20,Karachi,Karachi,Pakistan,24.86,67.01,24.9,132.0,Breezy,Heatwave
2023-06-22,Karachi,Karachi,Pakistan,24.86,67.01,23.7,192.0,Breezy,Heatwave
2023-06-23,Karachi,Karachi,Pakistan,24.86,67.01,26.5,315.0,Breezy,Heatwave
2023-06-24,Karachi,Karachi,Pakistan,24.86,67.01,24.0,330.0,Breezy,Normal
2023-06-27,Karachi,Karachi,Pakistan,24.86,67.01,32.3,34.0,Breezy,Heatwave
2023-06-28,Karachi,Karachi,Pakistan,24.86,67.01,33.9,28.0,Breezy,Heatwave
2023-06-29,Karachi,Karachi,Pakistan,24.86,67.01,21.1,295.0,Breezy,Heatwave
2023-06-30,Karachi,Karachi,Pakistan,24.86,67.01,31.2,120.0,Breezy,Heatwave
2023-07-03,Karachi,Karachi,Pakistan,24.86,67.01,27.1,85.0,Breezy,Heatwave
2023-07-07,Karachi,Karachi,Pakistan,24.86,67.01,28.1,121.0,Breezy,Normal
2023-07-09,Karachi,Karachi,Pakistan,24.86,67.01,26.4,138.0,Breezy,Normal
2023-07-11,Karachi,Karachi,Pakistan,24.86,67.01,20.4,16.0,Breezy,Normal
2023-07-12,Karachi,Karachi,Pakistan,24.86,67.01,25.7,150.0,Breezy,Normal
2023-07-17,Karachi,Karachi,Pakistan,24.86,67.01,20.9,186.0,Breezy,Normal
2023-07-19,Karachi,Karachi,Pakistan,24.86,67.01,21.8,189.0,Breezy,Normal
2023-07-21,Karachi,Karachi,Pakistan,24.86,67.01,21.1,129.0,Breezy,Normal
2023-07-22,Karachi,Karachi,Pakistan,24.86,67.01,25.7,287.0,Breezy,Normal
2023-07-25,Karachi,Karachi,Pakistan,24.86,67.01,26.7,94.0,Breezy,Normal
2023-07-29,Karachi,Karachi,Pakistan,24.86,67.01,21.9,24.0,Breezy,Normal
2023-07-31,Karachi,Karachi,Pakistan,24.86,67.01,27.4,297.0,Breezy,Normal
2023-08-06,Karachi,Karachi,Pakistan,24.86,67.01,25.6,210.0,Breezy,Normal
2023-08-10,Karachi,Karachi,Pakistan,24.86,67.01,23.9,77.0,Breezy,Normal
2023-08-16,Karachi,Karachi,Pakistan,24.86,67.01,30.9,153.0,Breezy,Normal
2023-08-19,Karachi,Karachi,Pakistan,24.86,67.01,30.7,166.0,Breezy,Normal
2023-08-26,Karachi,Karachi,Pakistan,24.86,67.01,27.9,16.0,Breezy,Normal
2023-08-28,Karachi,Karachi,Pakistan,24.86,67.01,29.3,320.0,Breezy,Normal
2023-08-29,Karachi,Karachi,Pakistan,24.86,67.01,27.3,101.0,Breezy,Normal
2023-08-31,Karachi,Karachi,Pakistan,24.86,67.01,21.2,90.0,Breezy,Normal
2023-09-01,Karachi,Karachi,Pakistan,24.86,67.01,30.6,147.0,Breezy,Normal
2023-09-02,Karachi,Karachi,Pakistan,24.86,67.01,31.2,186.0,Breezy,Normal
2023-09-05,Karachi,Karachi,Pakistan,24.86,67.01,23.1,48.0,Breezy,Normal
2023-09-07,Karachi,Karachi,Pakistan,24.86,67.01,25.9,44.0,Breezy,Normal
2023-09-08,Karachi,Karachi,Pakistan,24.86,67.01,21.4,69.0,Breezy,Normal
2023-09-11,Karachi,Karachi,Pakistan,24.86,67.01,30.2,355.0,Breezy,Normal
2023-09-13,Karachi,Karachi,Pakistan,24.86,67.01,21.2,141.0,Breezy,Normal
2023-09-19,Karachi,Karachi,Pakistan,24.86,67.01,33.3,194.0,Breezy,Normal
2023-09-21,Karachi,Karachi,Pakistan,24.86,67.01,34.7,274.0,Breezy,Normal
2023-09-25,Karachi,Karachi,Pakistan,24.86,67.01,26.9,147.0,Breezy,Normal
2023-09-29,Karachi,Karachi,Pakistan,24.86,67.01,39.7,87.0,Breezy,Normal
2023-09-30,Karachi,Karachi,Pakistan,24.86,67.01,28.2,222.0,Breezy,Normal
2023-10-01,Karachi,Karachi,Pakistan,24.86,67.01,20.3,191.0,Breezy,Normal
2023-10-02,Karachi,Karachi,Pakistan,24.86,67.01,28.0,20.0,Breezy,Normal
2023-10-04,Karachi,Karachi,Pakistan,24.86,67.01,20.9,183.0,Breezy,Normal
2023-10-07,Karachi,Karachi,Pakistan,24.86,67.01,23.9,309.0,Breezy,Normal
2023-10-08,Karachi,Karachi,Pakistan,24.86,67.01,22.8,311.0,Breezy,Normal
2023-10-09,Karachi,Karachi,Pakistan,24.86,67.01,27.4,144.0,Breezy,Normal
2023-10-11,Karachi,Karachi,Pakistan,24.86,67.01,24.7,319.0,Breezy,Normal
2023-10-17,Karachi,Karachi,Pakistan,24.86,67.01,29.8,243.0,Breezy,Normal
2023-10-20,Karachi,Karachi,Pakistan,24.86,67.01,28.3,138.0,Breezy,Normal
2023-10-22,Karachi,Karachi,Pakistan,24.86,67.01,28.4,232.0,Breezy,Normal
2023-10-23,Karachi,Karachi,Pakistan,24.86,67.01,23.0,180.0,Breezy,Normal
2023-10-26,Karachi,Karachi,Pakistan,24.86,67.01,20.4,292.0,Breezy,Normal
2023-10-30,Karachi,Karachi,Pakistan,24.86,67.01,31.9,131.0,Breezy,Normal
2023-11-04,Karachi,Karachi,Pakistan,24.86,67.01,30.0,31.0,Breezy,Normal
2023-11-06,Karachi,Karachi,Pakistan,24.86,67.01,32.2,277.0,Breezy,Normal
2023-11-07,Karachi,Karachi,Pakistan,24.86,67.01,26.0,300.0,Breezy,Normal
2023-11-09,Karachi,Karachi,Pakistan,24.86,67.01,21.3,105.0,Breezy,Normal
2023-11-10,Karachi,Karachi,Pakistan,24.86,67.01,22.8,294.0,Breezy,Normal
2023-11-12,Karachi,Karachi,Pakistan,24.86,67.01,46.1,332.0,Windy,Normal
2023-11-13,Karachi,Karachi,Pakistan,24.86,67.01,26.3,129.0,Breezy,Normal
2023-11-17,Karachi,Karachi,Pakistan,24.86,67.01,20.2,1.0,Breezy,Normal
2023-11-19,Karachi,Karachi,Pakistan,24.86,67.01,24.8,91.0,Breezy,Normal
2023-11-21,Karachi,Karachi,Pakistan,24.86,67.01,33.0,281.0,Breezy,Normal
2023-11-22,Karachi,Karachi,Pakistan,24.86,67.01,23.3,354.0,Breezy,Normal
2023-11-28,Karachi,Karachi,Pakistan,24.86,67.01,21.6,226.0,Breezy,Normal
2023-11-29,Karachi,Karachi,Pakistan,24.86,67.01,27.5,332.0,Breezy,Normal
2023-12-02,Karachi,Karachi,Pakistan,24.86,67.01,22.6,273.0,Breezy,Normal
2023-12-06,Karachi,Karachi,Pakistan,24.86,67.01,23.4,352.0,Breezy,Normal
2023-12-07,Karachi,Karachi,Pakistan,24.86,67.01,23.0,8.0,Breezy,Normal
2023-12-09,Karachi,Karachi,Pakistan,24.86,67.01,29.9,297.0,Breezy,Normal
2023-12-10,Karachi,Karachi,Pakistan,24.86,67.01,25.7,273.0,Breezy,Normal
2023-12-12,Karachi,Karachi,Pakistan,24.86,67.01,26.1,125.0,Breezy,Normal
2023-12-14,Karachi,Karachi,Pakistan,24.86,67.01,23.1,246.0,Breezy,Normal
2023-12-15,Karachi,Karachi,Pakistan,24.86,67.01,22.4,127.0,Breezy,Normal
2023-12-16,Karachi,Karachi,Pakistan,24.86,67.01,21.0,89.0,Breezy,Normal
2023-12-19,Karachi,Karachi,Pakistan,24.86,67.01,20.6,207.0,Breezy,Normal
2023-12-21,Karachi,Karachi,Pakistan,24.86,67.01,26.8,33.0,Breezy,Normal
2023-12-22,Karachi,Karachi,Pakistan,24.86,67.01,46.6,43.0,Windy,Normal
2023-12-23,Karachi,Karachi,Pakistan,24.86,67.01,25.1,107.0,Breezy,Normal
2023-12-24,Karachi,Karachi,Pakistan,24.86,67.01,21.8,70.0,Breezy,Normal
2023-12-25,Karachi,Karachi,Pakistan,24.86,67.01,20.3,341.0,Breezy,Normal
2023-12-27,Karachi,Karachi,Pakistan,24.86,67.01,23.6,59.0,Breezy,Normal
2023-12-29,Karachi,Karachi,Pakistan,24.86,67.01,39.6,75.0,Breezy,Normal
2023-12-30,Karachi,Karachi,Pakistan,24.86,67.01,21.3,184.0,Breezy,Normal
2022-01-03,Lahore,Lahore,Pakistan,31.55,74.35,22.3,329.0,Breezy,Normal
2022-01-07,Lahore,Lahore,Pakistan,31.55,74.35,24.0,247.0,Breezy,Normal
2022-01-10,Lahore,Lahore,Pakistan,31.55,74.35,23.1,271.0,Breezy,Normal
2022-01-14,Lahore,Lahore,Pakistan,31.55,74.35,20.8,219.0,Breezy,Normal
2022-01-17,Lahore,Lahore,Pakistan,31.55,74.35,21.9,50.0,Breezy,Normal
2022-01-21,Lahore,Lahore,Pakistan,31.55,74.35,25.5,340.0,Breezy,Normal
2022-02-24,Lahore,Lahore,Pakistan,31.55,74.35,22.6,74.0,Breezy,Heatwave
2022-03-04,Lahore,Lahore,Pakistan,31.55,74.35,21.4,358.0,Breezy,Heatwave
2022-03-12,Lahore,Lahore,Pakistan,31.55,74.35,25.1,330.0,Breezy,Heatwave
2022-03-16,Lahore,Lahore,Pakistan,31.55,74.35,28.1,52.0,Breezy,Heatwave
2022-03-18,Lahore,Lahore,Pakistan,31.55,74.35,24.8,113.0,Breezy,Heatwave
2022-03-28,Lahore,Lahore,Pakistan,31.55,74.35,24.7,351.0,Breezy,Heatwave
2022-04-04,Lahore,Lahore,Pakistan,31.55,74.35,20.9,273.0,Breezy,Heatwave
2022-04-10,Lahore,Lahore,Pakistan,31.55,74.35,24.8,121.0,Breezy,Heatwave
2022-04-16,Lahore,Lahore,Pakistan,31.55,74.35,23.9,60.0,Breezy,Heatwave
2022-04-25,Lahore,Lahore,Pakistan,31.55,74.35,26.8,178.0,Breezy,Heatwave
2022-04-26,Lahore,Lahore,Pakistan,31.55,74.35,28.1,173.0,Breezy,Heatwave
2022-05-22,Lahore,Lahore,Pakistan,31.55,74.35,26.9,265.0,Breezy,Heatwave
2022-05-27,Lahore,Lahore,Pakistan,31.55,74.35,20.4,167.0,Breezy,Heatwave
2022-06-04,Lahore,Lahore,Pakistan,31.55,74.35,20.8,303.0,Breezy,Heatwave
2022-06-19,Lahore,Lahore,Pakistan,31.55,74.35,24.0,91.0,Breezy,Heatwave
2022-06-29,Lahore,Lahore,Pakistan,31.55,74.35,20.2,15.0,Breezy,Normal
2022-07-08,Lahore,Lahore,Pakistan,31.55,74.35,28.5,270.0,Breezy,Normal
2022-07-20,Lahore,Lahore,Pakistan,31.55,74.35,27.5,72.0,Breezy,Normal
2022-07-21,Lahore,Lahore,Pakistan,31.55,74.35,25.6,258.0,Breezy,Normal
2022-07-24,Lahore,Lahore,Pakistan,31.55,74.35,23.9,164.0,Breezy,Normal
2022-07-25,Lahore,Lahore,Pakistan,31.55,74.35,20.1,314.0,Breezy,Normal
2022-08-22,Lahore,Lahore,Pakistan,31.55,74.35,20.7,177.0,Breezy,Normal
2022-08-24,Lahore,Lahore,Pakistan,31.55,74.35,25.4,10.0,Breezy,Normal
2022-08-27,Lahore,Lahore,Pakistan,31.55,74.35,20.4,60.0,Breezy,Normal
2022-08-31,Lahore,Lahore,Pakistan,31.55,74.35,29.8,207.0,Breezy,Normal
2022-09-01,Lahore,Lahore,Pakistan,31.55,74.35,22.2,57.0,Breezy,Normal
2022-09-07,Lahore,Lahore,Pakistan,31.55,74.35,24.1,176.0,Breezy,Normal
2022-09-13,Lahore,Lahore,Pakistan,31.55,74.35,20.1,242.0,Breezy,Normal
2022-09-28,Lahore,Lahore,Pakistan,31.55,74.35,21.2,228.0,Breezy,Normal
2022-09-30,Lahore,Lahore,Pakistan,31.55,74.35,21.9,140.0,Breezy,Normal
2022-10-16,Lahore,Lahore,Pakistan,31.55,74.35,23.3,316.0,Breezy,Normal
2022-10-27,Lahore,Lahore,Pakistan,31.55,74.35,23.3,80.0,Breezy,Normal
2022-10-30,Lahore,Lahore,Pakistan,31.55,74.35,28.6,65.0,Breezy,Normal
2022-11-09,Lahore,Lahore,Pakistan,31.55,74.35,26.0,151.0,Breezy,Normal
2022-11-29,Lahore,Lahore,Pakistan,31.55,74.35,25.7,244.0,Breezy,Normal
2022-12-01,Lahore,Lahore,Pakistan,31.55,74.35,21.7,74.0,Breezy,Normal
2022-12-10,Lahore,Lahore,Pakistan,31.55,74.35,20.2,205.0,Breezy,Normal
2022-12-23,Lahore,Lahore,Pakistan,31.55,74.35,33.0,154.0,Breezy,Normal
2022-12-24,Lahore,Lahore,Pakistan,31.55,74.35,27.4,261.0,Breezy,Normal
2022-12-26,Lahore,Lahore,Pakistan,31.55,74.35,21.2,298.0,Breezy,Normal
2022-12-31,Lahore,Lahore,Pakistan,31.55,74.35,27.3,265.0,Breezy,Normal
2023-01-10,Lahore,Lahore,Pakistan,31.55,74.35,23.0,335.0,Breezy,Normal
2023-02-08,Lahore,Lahore,Pakistan,31.55,74.35,24.2,204.0,Breezy,Heatwave
2023-02-27,Lahore,Lahore,Pakistan,31.55,74.35,20.1,284.0,Breezy,Normal
2023-03-01,Lahore,Lahore,Pakistan,31.55,74.35,20.3,248.0,Breezy,Heatwave
2023-03-08,Lahore,Lahore,Pakistan,31.55,74.35,21.2,322.0,Breezy,Heatwave
2023-03-26,Lahore,Lahore,Pakistan,31.55,74.35,26.0,193.0,Breezy,Heatwave
2023-03-30,Lahore,Lahore,Pakistan,31.55,74.35,23.3,302.0,Breezy,Heatwave
2023-04-09,Lahore,Lahore,Pakistan,31.55,74.35,20.7,333.0,Breezy,Heatwave
2023-04-16,Lahore,Lahore,Pakistan,31.55,74.35,23.0,169.0,Breezy,Heatwave
2023-04-21,Lahore,Lahore,Pakistan,31.55,74.35,27.4,246.0,Breezy,Heatwave
2023-05-18,Lahore,Lahore,Pakistan,31.55,74.35,20.7,79.0,Breezy,Heatwave
2023-05-22,Lahore,Lahore,Pakistan,31.55,74.35,27.4,304.0,Breezy,Heatwave
2023-05-23,Lahore,Lahore,Pakistan,31.55,74.35,22.3,104.0,Breezy,Heatwave
2023-05-27,Lahore,Lahore,Pakistan,31.55,74.35,22.3,74.0,Breezy,Heatwave
2023-06-10,Lahore,Lahore,Pakistan,31.55,74.35,21.8,229.0,Breezy,Heatwave
2023-06-17,Lahore,Lahore,Pakistan,31.55,74.35,20.4,289.0,Breezy,Heatwave
2023-06-19,Lahore,Lahore,Pakistan,31.55,74.35,20.6,189.0,Breezy,Heatwave
2023-07-05,Lahore,Lahore,Pakistan,31.55,74.35,24.2,92.0,Breezy,Normal
2023-07-14,Lahore,Lahore,Pakistan,31.55,74.35,20.1,149.0,Breezy,Normal
2023-07-18,Lahore,Lahore,Pakistan,31.55,74.35,23.6,186.0,Breezy,Normal
2023-08-08,Lahore,Lahore,Pakistan,31.55,74.35,23.7,116.0,Breezy,Normal
2023-08-09,Lahore,Lahore,Pakistan,31.55,74.35,29.3,272.0,Breezy,Normal
2023-08-12,Lahore,Lahore,Pakistan,31.55,74.35,22.8,286.0,Breezy,Normal
2023-08-19,Lahore,Lahore,Pakistan,31.55,74.35,23.7,314.0,Breezy,Normal
2023-08-22,Lahore,Lahore,Pakistan,31.55,74.35,25.0,173.0,Breezy,Normal
2023-08-27,Lahore,Lahore,Pakistan,31.55,74.35,20.3,47.0,Breezy,Normal
2023-09-03,Lahore,Lahore,Pakistan,31.55,74.35,21.7,121.0,Breezy,Normal
2023-09-04,Lahore,Lahore,Pakistan,31.55,74.35,23.5,216.0,Breezy,Normal
2023-09-15,Lahore,Lahore,Pakistan,31.55,74.35,21.2,254.0,Breezy,Normal
2023-09-19,Lahore,Lahore,Pakistan,31.55,74.35,22.2,73.0,Breezy,Normal
2023-09-21,Lahore,Lahore,Pakistan,31.55,74.35,20.8,237.0,Breezy,Normal
2023-09-30,Lahore,Lahore,Pakistan,31.55,74.35,21.6,230.0,Breezy,Normal
2023-10-14,Lahore,Lahore,Pakistan,31.55,74.35,23.4,119.0,Breezy,Normal
2023-10-18,Lahore,Lahore,Pakistan,31.55,74.35,21.0,117.0,Breezy,Normal
2023-10-19,Lahore,Lahore,Pakistan,31.55,74.35,27.2,222.0,Breezy,Normal
2023-10-22,Lahore,Lahore,Pakistan,31.55,74.35,24.3,197.0,Breezy,Normal
2023-10-25,Lahore,Lahore,Pakistan,31.55,74.35,20.8,141.0,Breezy,Normal
2023-11-07,Lahore,Lahore,Pakistan,31.55,74.35,25.7,124.0,Breezy,Normal
2023-11-10,Lahore,Lahore,Pakistan,31.55,74.35,25.9,22.0,Breezy,Normal
2023-11-17,Lahore,Lahore,Pakistan,31.55,74.35,20.5,312.0,Breezy,Normal
2023-11-26,Lahore,Lahore,Pakistan,31.55,74.35,24.4,327.0,Breezy,Normal
2023-12-01,Lahore,Lahore,Pakistan,31.55,74.35,23.2,271.0,Breezy,Normal
2023-12-13,Lahore,Lahore,Pakistan,31.55,74.35,22.5,220.0,Breezy,Normal
2023-12-14,Lahore,Lahore,Pakistan,31.55,74.35,20.2,245.0,Breezy,Normal
2023-12-19,Lahore,Lahore,Pakistan,31.55,74.35,26.7,29.0,Breezy,Normal
2023-12-20,Lahore,Lahore,Pakistan,31.55,74.35,25.7,358.0,Breezy,Normal
2022-01-06,Islamabad,Islamabad,Pakistan,33.72,73.04,26.2,225.0,Breezy,Normal
2022-01-10,Islamabad,Islamabad,Pakistan,33.72,73.04,23.6,191.0,Breezy,Normal
2022-01-11,Islamabad,Islamabad,Pakistan,33.72,73.04,22.6,298.0,Breezy,Normal
2022-01-16,Islamabad,Islamabad,Pakistan,33.72,73.04,21.9,312.0,Breezy,Normal
2022-01-17,Islamabad,Islamabad,Pakistan,33.72,73.04,25.1,146.0,Breezy,Normal
2022-01-21,Islamabad,Islamabad,Pakistan,33.72,73.04,31.3,346.0,Breezy,Normal
2022-01-22,Islamabad,Islamabad,Pakistan,33.72,73.04,31.4,213.0,Breezy,Normal
2022-01-27,Islamabad,Islamabad,Pakistan,33.72,73.04,28.0,23.0,Breezy,Normal
2022-01-30,Islamabad,Islamabad,Pakistan,33.72,73.04,27.8,141.0,Breezy,Normal
2022-02-01,Islamabad,Islamabad,Pakistan,33.72,73.04,33.7,340.0,Breezy,Normal
2022-02-02,Islamabad,Islamabad,Pakistan,33.72,73.04,22.6,302.0,Breezy,Normal
2022-02-03,Islamabad,Islamabad,Pakistan,33.72,73.04,24.1,358.0,Breezy,Normal
2022-02-11,Islamabad,Islamabad,Pakistan,33.72,73.04,26.6,55.0,Breezy,Normal
2022-02-18,Islamabad,Islamabad,Pakistan,33.72,73.04,32.4,102.0,Breezy,Normal
2022-02-19,Islamabad,Islamabad,Pakistan,33.72,73.04,22.0,134.0,Breezy,Normal
2022-02-26,Islamabad,Islamabad,Pakistan,33.72,73.04,30.8,129.0,Breezy,Normal
2022-02-27,Islamabad,Islamabad,Pakistan,33.72,73.04,23.7,192.0,Breezy,Heatwave
2022-03-01,Islamabad,Islamabad,Pakistan,33.72,73.04,21.2,229.0,Breezy,Normal
2022-03-02,Islamabad,Islamabad,Pakistan,33.72,73.04,25.1,112.0,Breezy,Heatwave
2022-03-16,Islamabad,Islamabad,Pakistan,33.72,73.04,28.4,58.0,Breezy,Heatwave
2022-03-17,Islamabad,Islamabad,Pakistan,33.72,73.04,28.0,193.0,Breezy,Heatwave
2022-03-22,Islamabad,Islamabad,Pakistan,33.72,73.04,21.7,320.0,Breezy,Heatwave
2022-03-26,Islamabad,Islamabad,Pakistan,33.72,73.04,23.4,309.0,Breezy,Heatwave
2022-03-28,Islamabad,Islamabad,Pakistan,33.72,73.04,28.5,77.0,Breezy,Heatwave
2022-04-01,Islamabad,Islamabad,Pakistan,33.72,73.04,22.2,47.0,Breezy,Heatwave
2022-04-16,Islamabad,Islamabad,Pakistan,33.72,73.04,27.9,109.0,Breezy,Heatwave
2022-04-19,Islamabad,Islamabad,Pakistan,33.72,73.04,20.7,352.0,Breezy,Heatwave
2022-04-20,Islamabad,Islamabad,Pakistan,33.72,73.04,23.0,318.0,Breezy,Heatwave
2022-04-25,Islamabad,Islamabad,Pakistan,33.72,73.04,36.0,16.0,Breezy,Heatwave
2022-04-30,Islamabad,Islamabad,Pakistan,33.72,73.04,25.2,88.0,Breezy,Heatwave
2022-05-01,Islamabad,Islamabad,Pakistan,33.72,73.04,24.3,261.0,Breezy,Heatwave
2022-05-09,Islamabad,Islamabad,Pakistan,33.72,73.04,24.4,199.0,Breezy,Heatwave
2022-05-14,Islamabad,Islamabad,Pakistan,33.72,73.04,28.1,47.0,Breezy,Heatwave
2022-05-17,Islamabad,Islamabad,Pakistan,33.72,73.04,22.5,271.0,Breezy,Normal
2022-05-18,Islamabad,Islamabad,Pakistan,33.72,73.04,21.6,190.0,Breezy,Heatwave
2022-05-20,Islamabad,Islamabad,Pakistan,33.72,73.04,21.0,209.0,Breezy,Heatwave
2022-05-22,Islamabad,Islamabad,Pakistan,33.72,73.04,21.8,225.0,Breezy,Heatwave
2022-05-27,Islamabad,Islamabad,Pakistan,33.72,73.04,22.2,179.0,Breezy,Heatwave
2022-05-29,Islamabad,Islamabad,Pakistan,33.72,73.04,20.3,243.0,Breezy,Normal
2022-06-03,Islamabad,Islamabad,Pakistan,33.72,73.04,20.9,205.0,Breezy,Normal
2022-06-07,Islamabad,Islamabad,Pakistan,33.72,73.04,23.5,133.0,Breezy,Normal
2022-06-10,Islamabad,Islamabad,Pakistan,33.72,73.04,24.9,154.0,Breezy,Normal
2022-06-28,Islamabad,Islamabad,Pakistan,33.72,73.04,35.0,235.0,Breezy,Normal
2022-07-03,Islamabad,Islamabad,Pakistan,33.72,73.04,29.6,19.0,Breezy,Normal
2022-07-11,Islamabad,Islamabad,Pakistan,33.72,73.04,27.1,73.0,Breezy,Normal
2022-07-12,Islamabad,Islamabad,Pakistan,33.72,73.04,26.4,110.0,Breezy,Normal
2022-07-13,Islamabad,Islamabad,Pakistan,33.72,73.04,21.1,235.0,Breezy,Normal
2022-07-18,Islamabad,Islamabad,Pakistan,33.72,73.04,23.8,3.0,Breezy,Normal
2022-07-25,Islamabad,Islamabad,Pakistan,33.72,73.04,24.7,253.0,Breezy,Normal
2022-07-30,Islamabad,Islamabad,Pakistan,33.72,73.04,23.0,87.0,Breezy,Normal
2022-07-31,Islamabad,Islamabad,Pakistan,33.72,73.04,20.5,174.0,Breezy,Normal
2022-08-01,Islamabad,Islamabad,Pakistan,33.72,73.04,27.4,322.0,Breezy,Normal
2022-08-15,Islamabad,Islamabad,Pakistan,33.72,73.04,21.9,289.0,Breezy,Normal
2022-08-21,Islamabad,Islamabad,Pakistan,33.72,73.04,27.1,168.0,Breezy,Normal
2022-08-25,Islamabad,Islamabad,Pakistan,33.72,73.04,20.5,178.0,Breezy,Normal
2022-08-26,Islamabad,Islamabad,Pakistan,33.72,73.04,21.0,323.0,Breezy,Normal
2022-09-09,Islamabad,Islamabad,Pakistan,33.72,73.04,22.9,148.0,Breezy,Normal
2022-09-13,Islamabad,Islamabad,Pakistan,33.72,73.04,25.9,73.0,Breezy,Normal
2022-09-16,Islamabad,Islamabad,Pakistan,33.72,73.04,21.7,54.0,Breezy,Normal
2022-09-17,Islamabad,Islamabad,Pakistan,33.72,73.04,33.0,11.0,Breezy,Normal
2022-09-27,Islamabad,Islamabad,Pakistan,33.72,73.04,21.1,338.0,Breezy,Normal
2022-09-28,Islamabad,Islamabad,Pakistan,33.72,73.04,26.6,33.0,Breezy,Normal
2022-10-01,Islamabad,Islamabad,Pakistan,33.72,73.04,29.3,292.0,Breezy,Normal
2022-10-02,Islamabad,Islamabad,Pakistan,33.72,73.04,21.0,355.0,Breezy,Normal
2022-10-06,Islamabad,Islamabad,Pakistan,33.72,73.04,28.8,205.0,Breezy,Normal
2022-10-08,Islamabad,Islamabad,Pakistan,33.72,73.04,34.9,187.0,Breezy,Normal
2022-10-09,Islamabad,Islamabad,Pakistan,33.72,73.04,21.1,262.0,Breezy,Normal
2022-10-13,Islamabad,Islamabad,Pakistan,33.72,73.04,28.1,38.0,Breezy,Normal
2022-10-14,Islamabad,Islamabad,Pakistan,33.72,73.04,21.5,165.0,Breezy,Normal
2022-10-16,Islamabad,Islamabad,Pakistan,33.72,73.04,29.2,288.0,Breezy,Normal
2022-10-18,Islamabad,Islamabad,Pakistan,33.72,73.04,22.2,273.0,Breezy,Normal
2022-10-28,Islamabad,Islamabad,Pakistan,33.72,73.04,24.1,286.0,Breezy,Normal
2022-10-29,Islamabad,Islamabad,Pakistan,33.72,73.04,21.4,184.0,Breezy,Normal
2022-11-06,Islamabad,Islamabad,Pakistan,33.72,73.04,20.8,193.0,Breezy,Normal
2022-11-09,Islamabad,Islamabad,Pakistan,33.72,73.04,25.4,44.0,Breezy,Normal
2022-11-14,Islamabad,Islamabad,Pakistan,33.72,73.04,25.9,354.0,Breezy,Normal
2022-11-17,Islamabad,Islamabad,Pakistan,33.72,73.04,25.3,262.0,Breezy,Normal
2022-11-21,Islamabad,Islamabad,Pakistan,33.72,73.04,23.5,220.0,Breezy,Normal
2022-11-23,Islamabad,Islamabad,Pakistan,33.72,73.04,20.5,273.0,Breezy,Normal
2022-11-25,Islamabad,Islamabad,Pakistan,33.72,73.04,26.3,277.0,Breezy,Normal
2022-11-26,Islamabad,Islamabad,Pakistan,33.72,73.04,22.0,315.0,Breezy,Normal
2022-12-03,Islamabad,Islamabad,Pakistan,33.72,73.04,25.3,206.0,Breezy,Normal
2022-12-05,Islamabad,Islamabad,Pakistan,33.72,73.04,25.0,26.0,Breezy,Normal
2022-12-09,Islamabad,Islamabad,Pakistan,33.72,73.04,22.1,160.0,Breezy,Normal
2022-12-12,Islamabad,Islamabad,Pakistan,33.72,73.04,23.8,230.0,Breezy,Normal
2022-12-19,Islamabad,Islamabad,Pakistan,33.72,73.04,31.4,322.0,Breezy,Normal
2022-12-20,Islamabad,Islamabad,Pakistan,33.72,73.04,23.7,115.0,Breezy,Normal
2022-12-27,Islamabad,Islamabad,Pakistan,33.72,73.04,24.0,331.0,Breezy,Normal
2023-01-05,Islamabad,Islamabad,Pakistan,33.72,73.04,25.4,353.0,Breezy,Normal
2023-01-17,Islamabad,Islamabad,Pakistan,33.72,73.04,22.5,295.0,Breezy,Normal
2023-01-22,Islamabad,Islamabad,Pakistan,33.72,73.04,20.3,192.0,Breezy,Normal
2023-01-23,Islamabad,Islamabad,Pakistan,33.72,73.04,20.7,148.0,Breezy,Normal
2023-01-26,Islamabad,Islamabad,Pakistan,33.72,73.04,20.9,152.0,Breezy,Normal
2023-01-27,Islamabad,Islamabad,Pakistan,33.72,73.04,24.1,211.0,Breezy,Normal
2023-01-30,Islamabad,Islamabad,Pakistan,33.72,73.04,28.2,302.0,Breezy,Normal
2023-01-31,Islamabad,Islamabad,Pakistan,33.72,73.04,24.5,288.0,Breezy,Normal
2023-02-02,Islamabad,Islamabad,Pakistan,33.72,73.04,24.7,1.0,Breezy,Normal
2023-02-06,Islamabad,Islamabad,Pakistan,33.72,73.04,40.7,35.0,Windy,Normal
2023-02-08,Islamabad,Islamabad,Pakistan,33.72,73.04,22.5,94.0,Breezy,Normal
2023-02-09,Islamabad,Islamabad,Pakistan,33.72,73.04,28.9,352.0,Breezy,Normal
2023-02-10,Islamabad,Islamabad,Pakistan,33.72,73.04,20.3,148.0,Breezy,Normal
2023-02-13,Islamabad,Islamabad,Pakistan,33.72,73.04,24.9,276.0,Breezy,Normal
2023-02-20,Islamabad,Islamabad,Pakistan,33.72,73.04,24.0,230.0,Breezy,Heatwave
2023-02-27,Islamabad,Islamabad,Pakistan,33.72,73.04,25.4,281.0,Breezy,Normal
2023-03-01,Islamabad,Islamabad,Pakistan,33.72,73.04,21.4,135.0,Breezy,Normal
2023-03-03,Islamabad,Islamabad,Pakistan,33.72,73.04,30.5,290.0,Breezy,Heatwave
2023-03-04,Islamabad,Islamabad,Pakistan,33.72,73.04,21.3,250.0,Breezy,Normal
2023-03-07,Islamabad,Islamabad,Pakistan,33.72,73.04,33.7,8.0,Breezy,Heatwave
2023-03-11,Islamabad,Islamabad,Pakistan,33.72,73.04,22.3,143.0,Breezy,Normal
2023-03-13,Islamabad,Islamabad,Pakistan,33.72,73.04,22.3,153.0,Breezy,Heatwave
2023-03-16,Islamabad,Islamabad,Pakistan,33.72,73.04,22.7,110.0,Breezy,Heatwave
2023-03-28,Islamabad,Islamabad,Pakistan,33.72,73.04,21.2,331.0,Breezy,Heatwave
2023-04-02,Islamabad,Islamabad,Pakistan,33.72,73.04,26.0,303.0,Breezy,Heatwave
2023-04-05,Islamabad,Islamabad,Pakistan,33.72,73.04,36.2,234.0,Breezy,Heatwave
2023-04-07,Islamabad,Islamabad,Pakistan,33.72,73.04,23.5,332.0,Breezy,Heatwave
2023-04-09,Islamabad,Islamabad,Pakistan,33.72,73.04,24.7,147.0,Breezy,Heatwave
2023-04-13,Islamabad,Islamabad,Pakistan,33.72,73.04,25.6,115.0,Breezy,Heatwave
2023-04-19,Islamabad,Islamabad,Pakistan,33.72,73.04,25.3,15.0,Breezy,Heatwave
2023-04-22,Islamabad,Islamabad,Pakistan,33.72,73.04,27.9,97.0,Breezy,Heatwave
2023-04-25,Islamabad,Islamabad,Pakistan,33.72,73.04,27.7,139.0,Breezy,Heatwave
2023-04-26,Islamabad,Islamabad,Pakistan,33.72,73.04,31.0,316.0,Breezy,Heatwave
2023-05-03,Islamabad,Islamabad,Pakistan,33.72,73.04,21.7,98.0,Breezy,Heatwave
2023-05-16,Islamabad,Islamabad,Pakistan,33.72,73.04,20.6,103.0,Breezy,Normal
2023-05-18,Islamabad,Islamabad,Pakistan,33.72,73.04,27.9,136.0,Breezy,Heatwave
2023-05-20,Islamabad,Islamabad,Pakistan,33.72,73.04,23.4,149.0,Breezy,Normal
2023-05-23,Islamabad,Islamabad,Pakistan,33.72,73.04,20.5,254.0,Breezy,Normal
2023-06-04,Islamabad,Islamabad,Pakistan,33.72,73.04,36.6,88.0,Breezy,Normal
2023-06-06,Islamabad,Islamabad,Pakistan,33.72,73.04,29.6,63.0,Breezy,Normal
2023-06-13,Islamabad,Islamabad,Pakistan,33.72,73.04,28.5,332.0,Breezy,Normal
2023-06-14,Islamabad,Islamabad,Pakistan,33.72,73.04,22.0,270.0,Breezy,Normal
2023-06-16,Islamabad,Islamabad,Pakistan,33.72,73.04,24.0,84.0,Breezy,Normal
2023-06-17,Islamabad,Islamabad,Pakistan,33.72,73.04,25.2,78.0,Breezy,Normal
2023-06-21,Islamabad,Islamabad,Pakistan,33.72,73.04,24.8,266.0,Breezy,Normal
2023-06-28,Islamabad,Islamabad,Pakistan,33.72,73.04,25.2,246.0,Breezy,Normal
2023-06-29,Islamabad,Islamabad,Pakistan,33.72,73.04,21.4,238.0,Breezy,Normal
2023-06-30,Islamabad,Islamabad,Pakistan,33.72,73.04,37.6,348.0,Breezy,Normal
2023-07-02,Islamabad,Islamabad,Pakistan,33.72,73.04,29.4,187.0,Breezy,Normal
2023-07-07,Islamabad,Islamabad,Pakistan,33.72,73.04,28.6,212.0,Breezy,Normal
2023-07-18,Islamabad,Islamabad,Pakistan,33.72,73.04,21.3,46.0,Breezy,Normal
2023-08-01,Islamabad,Islamabad,Pakistan,33.72,73.04,26.0,183.0,Breezy,Normal
2023-08-02,Islamabad,Islamabad,Pakistan,33.72,73.04,24.3,107.0,Breezy,Normal
2023-08-04,Islamabad,Islamabad,Pakistan,33.72,73.04,25.4,84.0,Breezy,Normal
2023-08-08,Islamabad,Islamabad,Pakistan,33.72,73.04,22.6,74.0,Breezy,Normal
2023-08-09,Islamabad,Islamabad,Pakistan,33.72,73.04,24.3,65.0,Breezy,Normal
2023-08-10,Islamabad,Islamabad,Pakistan,33.72,73.04,24.9,221.0,Breezy,Normal
2023-08-11,Islamabad,Islamabad,Pakistan,33.72,73.04,29.3,60.0,Breezy,Normal
2023-08-17,Islamabad,Islamabad,Pakistan,33.72,73.04,20.8,350.0,Breezy,Normal
2023-08-18,Islamabad,Islamabad,Pakistan,33.72,73.04,23.8,68.0,Breezy,Normal
2023-08-21,Islamabad,Islamabad,Pakistan,33.72,73.04,21.0,69.0,Breezy,Normal
2023-08-22,Islamabad,Islamabad,Pakistan,33.72,73.04,21.2,16.0,Breezy,Normal
2023-08-25,Islamabad,Islamabad,Pakistan,33.72,73.04,20.5,255.0,Breezy,Normal
2023-08-29,Islamabad,Islamabad,Pakistan,33.72,73.04,20.5,236.0,Breezy,Normal
2023-08-31,Islamabad,Islamabad,Pakistan,33.72,73.04,33.9,57.0,Breezy,Normal
2023-09-04,Islamabad,Islamabad,Pakistan,33.72,73.04,30.9,330.0,Breezy,Normal
2023-09-08,Islamabad,Islamabad,Pakistan,33.72,73.04,20.8,311.0,Breezy,Normal
2023-09-13,Islamabad,Islamabad,Pakistan,33.72,73.04,27.5,333.0,Breezy,Normal
2023-09-16,Islamabad,Islamabad,Pakistan,33.72,73.04,32.9,263.0,Breezy,Normal
2023-09-21,Islamabad,Islamabad,Pakistan,33.72,73.04,29.0,153.0,Breezy,Normal
2023-09-25,Islamabad,Islamabad,Pakistan,33.72,73.04,20.6,37.0,Breezy,Normal
2023-09-27,Islamabad,Islamabad,Pakistan,33.72,73.04,22.3,283.0,Breezy,Normal
2023-09-28,Islamabad,Islamabad,Pakistan,33.72,73.04,26.4,115.0,Breezy,Normal
2023-10-02,Islamabad,Islamabad,Pakistan,33.72,73.04,24.8,238.0,Breezy,Normal
2023-10-04,Islamabad,Islamabad,Pakistan,33.72,73.04,27.0,55.0,Breezy,Normal
2023-10-16,Islamabad,Islamabad,Pakistan,33.72,73.04,27.6,301.0,Breezy,Normal
2023-10-20,Islamabad,Islamabad,Pakistan,33.72,73.04,28.0,130.0,Breezy,Normal
2023-10-28,Islamabad,Islamabad,Pakistan,33.72,73.04,22.8,112.0,Breezy,Normal
2023-10-30,Islamabad,Islamabad,Pakistan,33.72,73.04,26.2,336.0,Breezy,Normal
2023-11-02,Islamabad,Islamabad,Pakistan,33.72,73.04,21.3,248.0,Breezy,Normal
2023-11-06,Islamabad,Islamabad,Pakistan,33.72,73.04,21.3,148.0,Breezy,Normal
2023-11-15,Islamabad,Islamabad,Pakistan,33.72,73.04,33.4,277.0,Breezy,Normal
2023-11-16,Islamabad,Islamabad,Pakistan,33.72,73.04,24.2,177.0,Breezy,Normal
2023-11-18,Islamabad,Islamabad,Pakistan,33.72,73.04,22.4,228.0,Breezy,Normal
2023-12-01,Islamabad,Islamabad,Pakistan,33.72,73.04,21.2,269.0,Breezy,Normal
2023-12-06,Islamabad,Islamabad,Pakistan,33.72,73.04,25.5,253.0,Breezy,Normal
2023-12-08,Islamabad,Islamabad,Pakistan,33.72,73.04,24.8,152.0,Breezy,Normal
2023-12-10,Islamabad,Islamabad,Pakistan,33.72,73.04,20.5,202.0,Breezy,Normal
2023-12-12,Islamabad,Islamabad,Pakistan,33.72,73.04,22.8,253.0,Breezy,Normal
2023-12-18,Islamabad,Islamabad,Pakistan,33.72,73.04,25.3,48.0,Breezy,Normal
2023-12-19,Islamabad,Islamabad,Pakistan,33.72,73.04,20.5,14.0,Breezy,Normal
2023-12-24,Islamabad,Islamabad,Pakistan,33.72,73.04,22.5,131.0,Breezy,Normal
2023-12-26,Islamabad,Islamabad,Pakistan,33.72,73.04,20.1,5.0,Breezy,Normal
2023-12-27,Islamabad,Islamabad,Pakistan,33.72,73.04,26.7,126.0,Breezy,Normal
2023-12-30,Islamabad,Islamabad,Pakistan,33.72,73.04,20.6,99.0,Breezy,Normal
2022-01-11,Peshawar,Peshawar,Pakistan,34.01,71.58,27.8,125.0,Breezy,Normal
2022-01-12,Peshawar,Peshawar,Pakistan,34.01,71.58,26.1,162.0,Breezy,Normal
2022-01-15,Peshawar,Peshawar,Pakistan,34.01,71.58,20.3,122.0,Breezy,Normal
2022-01-26,Peshawar,Peshawar,Pakistan,34.01,71.58,25.5,140.0,Breezy,Normal
2022-01-27,Peshawar,Peshawar,Pakistan,34.01,71.58,24.8,174.0,Breezy,Heatwave
2022-01-30,Peshawar,Peshawar,Pakistan,34.01,71.58,26.7,105.0,Breezy,Normal
2022-02-01,Peshawar,Peshawar,Pakistan,34.01,71.58,26.9,216.0,Breezy,Normal
2022-02-11,Peshawar,Peshawar,Pakistan,34.01,71.58,28.8,109.0,Breezy,Heatwave
2022-02-12,Peshawar,Peshawar,Pakistan,34.01,71.58,24.9,175.0,Breezy,Normal
2022-02-17,Peshawar,Peshawar,Pakistan,34.01,71.58,28.9,298.0,Breezy,Heatwave
2022-02-19,Peshawar,Peshawar,Pakistan,34.01,71.58,27.6,102.0,Breezy,Normal
2022-02-28,Peshawar,Peshawar,Pakistan,34.01,71.58,28.8,72.0,Breezy,Normal
2022-03-04,Peshawar,Peshawar,Pakistan,34.01,71.58,34.0,163.0,Breezy,Heatwave
2022-03-06,Peshawar,Peshawar,Pakistan,34.01,71.58,24.5,1.0,Breezy,Heatwave
2022-03-10,Peshawar,Peshawar,Pakistan,34.01,71.58,24.4,336.0,Breezy,Heatwave
2022-03-12,Peshawar,Peshawar,Pakistan,34.01,71.58,26.5,107.0,Breezy,Heatwave
2022-03-14,Peshawar,Peshawar,Pakistan,34.01,71.58,25.8,229.0,Breezy,Heatwave
2022-04-08,Peshawar,Peshawar,Pakistan,34.01,71.58,24.7,209.0,Breezy,Heatwave
2022-04-09,Peshawar,Peshawar,Pakistan,34.01,71.58,28.6,299.0,Breezy,Heatwave
2022-04-13,Peshawar,Peshawar,Pakistan,34.01,71.58,27.3,196.0,Breezy,Heatwave
2022-04-17,Peshawar,Peshawar,Pakistan,34.01,71.58,25.7,300.0,Breezy,Heatwave
2022-04-23,Peshawar,Peshawar,Pakistan,34.01,71.58,22.2,171.0,Breezy,Heatwave
2022-04-26,Peshawar,Peshawar,Pakistan,34.01,71.58,27.3,182.0,Breezy,Heatwave
2022-05-06,Peshawar,Peshawar,Pakistan,34.01,71.58,22.4,60.0,Breezy,Heatwave
2022-05-09,Peshawar,Peshawar,Pakistan,34.01,71.58,22.1,284.0,Breezy,Heatwave
2022-05-17,Peshawar,Peshawar,Pakistan,34.01,71.58,27.6,210.0,Breezy,Heatwave
2022-05-22,Peshawar,Peshawar,Pakistan,34.01,71.58,22.5,126.0,Breezy,Normal
2022-05-23,Peshawar,Peshawar,Pakistan,34.01,71.58,29.4,262.0,Breezy,Heatwave
2022-06-06,Peshawar,Peshawar,Pakistan,34.01,71.58,27.0,36.0,Breezy,Heatwave
2022-06-08,Peshawar,Peshawar,Pakistan,34.01,71.58,23.2,49.0,Breezy,Heatwave
2022-06-14,Peshawar,Peshawar,Pakistan,34.01,71.58,24.5,46.0,Breezy,Heatwave
2022-06-21,Peshawar,Peshawar,Pakistan,34.01,71.58,28.0,37.0,Breezy,Normal
2022-06-26,Peshawar,Peshawar,Pakistan,34.01,71.58,20.3,144.0,Breezy,Heatwave
2022-07-02,Peshawar,Peshawar,Pakistan,34.01,71.58,23.3,111.0,Breezy,Normal
2022-07-11,Peshawar,Peshawar,Pakistan,34.01,71.58,21.2,208.0,Breezy,Normal
2022-07-23,Peshawar,Peshawar,Pakistan,34.01,71.58,25.5,228.0,Breezy,Normal
2022-07-24,Peshawar,Peshawar,Pakistan,34.01,71.58,20.1,92.0,Breezy,Normal
2022-07-26,Peshawar,Peshawar,Pakistan,34.01,71.58,33.3,151.0,Breezy,Normal
2022-07-31,Peshawar,Peshawar,Pakistan,34.01,71.58,22.1,154.0,Breezy,Normal
2022-08-04,Peshawar,Peshawar,Pakistan,34.01,71.58,20.1,10.0,Breezy,Normal
2022-08-08,Peshawar,Peshawar,Pakistan,34.01,71.58,23.7,18.0,Breezy,Normal
2022-08-24,Peshawar,Peshawar,Pakistan,34.01,71.58,20.3,43.0,Breezy,Normal
2022-08-26,Peshawar,Peshawar,Pakistan,34.01,71.58,32.3,210.0,Breezy,Normal
2022-08-29,Peshawar,Peshawar,Pakistan,34.01,71.58,27.4,256.0,Breezy,Normal
2022-09-01,Peshawar,Peshawar,Pakistan,34.01,71.58,20.4,146.0,Breezy,Normal
2022-09-03,Peshawar,Peshawar,Pakistan,34.01,71.58,20.4,191.0,Breezy,Normal
2022-09-11,Peshawar,Peshawar,Pakistan,34.01,71.58,35.9,267.0,Breezy,Normal
2022-09-12,Peshawar,Peshawar,Pakistan,34.01,71.58,31.0,75.0,Breezy,Normal
2022-09-20,Peshawar,Peshawar,Pakistan,34.01,71.58,21.1,206.0,Breezy,Normal
2022-09-23,Peshawar,Peshawar,Pakistan,34.01,71.58,21.7,168.0,Breezy,Normal
2022-09-29,Peshawar,Peshawar,Pakistan,34.01,71.58,23.8,245.0,Breezy,Normal
2022-10-07,Peshawar,Peshawar,Pakistan,34.01,71.58,20.2,259.0,Breezy,Normal
2022-10-14,Peshawar,Peshawar,Pakistan,34.01,71.58,23.7,88.0,Breezy,Normal
2022-10-21,Peshawar,Peshawar,Pakistan,34.01,71.58,23.9,8.0,Breezy,Normal
2022-10-23,Peshawar,Peshawar,Pakistan,34.01,71.58,25.2,286.0,Breezy,Normal
2022-10-25,Peshawar,Peshawar,Pakistan,34.01,71.58,27.5,154.0,Breezy,Normal
2022-10-27,Peshawar,Peshawar,Pakistan,34.01,71.58,29.1,5.0,Breezy,Normal
2022-11-02,Peshawar,Peshawar,Pakistan,34.01,71.58,20.5,13.0,Breezy,Normal
2022-11-09,Peshawar,Peshawar,Pakistan,34.01,71.58,24.7,150.0,Breezy,Normal
2022-11-10,Peshawar,Peshawar,Pakistan,34.01,71.58,22.0,225.0,Breezy,Normal
2022-11-22,Peshawar,Peshawar,Pakistan,34.01,71.58,21.0,92.0,Breezy,Normal
2022-11-23,Peshawar,Peshawar,Pakistan,34.01,71.58,22.2,15.0,Breezy,Normal
2022-11-24,Peshawar,Peshawar,Pakistan,34.01,71.58,21.8,288.0,Breezy,Normal
2022-11-25,Peshawar,Peshawar,Pakistan,34.01,71.58,24.0,176.0,Breezy,Normal
2022-11-26,Peshawar,Peshawar,Pakistan,34.01,71.58,27.7,360.0,Breezy,Normal
2022-11-28,Peshawar,Peshawar,Pakistan,34.01,71.58,21.9,351.0,Breezy,Normal
2022-12-13,Peshawar,Peshawar,Pakistan,34.01,71.58,27.2,78.0,Breezy,Normal
2022-12-19,Peshawar,Peshawar,Pakistan,34.01,71.58,22.4,265.0,Breezy,Normal
2022-12-21,Peshawar,Peshawar,Pakistan,34.01,71.58,20.1,32.0,Breezy,Normal
2022-12-28,Peshawar,Peshawar,Pakistan,34.01,71.58,25.9,283.0,Breezy,Normal
2023-01-04,Peshawar,Peshawar,Pakistan,34.01,71.58,27.9,294.0,Breezy,Normal
2023-01-08,Peshawar,Peshawar,Pakistan,34.01,71.58,22.5,124.0,Breezy,Normal
2023-01-09,Peshawar,Peshawar,Pakistan,34.01,71.58,23.0,338.0,Breezy,Normal
2023-01-16,Peshawar,Peshawar,Pakistan,34.01,71.58,20.1,11.0,Breezy,Normal
2023-01-18,Peshawar,Peshawar,Pakistan,34.01,71.58,21.5,212.0,Breezy,Normal
2023-01-20,Peshawar,Peshawar,Pakistan,34.01,71.58,26.8,347.0,Breezy,Normal
2023-01-21,Peshawar,Peshawar,Pakistan,34.01,71.58,21.9,205.0,Breezy,Normal
2023-02-02,Peshawar,Peshawar,Pakistan,34.01,71.58,20.2,79.0,Breezy,Normal
2023-02-04,Peshawar,Peshawar,Pakistan,34.01,71.58,27.6,317.0,Breezy,Normal
2023-02-07,Peshawar,Peshawar,Pakistan,34.01,71.58,23.8,33.0,Breezy,Normal
2023-02-08,Peshawar,Peshawar,Pakistan,34.01,71.58,42.2,112.0,Windy,Normal
2023-02-13,Peshawar,Peshawar,Pakistan,34.01,71.58,28.2,126.0,Breezy,Normal
2023-02-18,Peshawar,Peshawar,Pakistan,34.01,71.58,20.5,327.0,Breezy,Heatwave
2023-02-21,Peshawar,Peshawar,Pakistan,34.01,71.58,24.1,359.0,Breezy,Heatwave
2023-02-25,Peshawar,Peshawar,Pakistan,34.01,71.58,27.4,145.0,Breezy,Heatwave
2023-03-09,Peshawar,Peshawar,Pakistan,34.01,71.58,25.0,64.0,Breezy,Heatwave
2023-03-27,Peshawar,Peshawar,Pakistan,34.01,71.58,26.9,110.0,Breezy,Heatwave
2023-04-02,Peshawar,Peshawar,Pakistan,34.01,71.58,21.5,136.0,Breezy,Heatwave
2023-04-11,Peshawar,Peshawar,Pakistan,34.01,71.58,30.4,181.0,Breezy,Heatwave
2023-04-17,Peshawar,Peshawar,Pakistan,34.01,71.58,22.5,237.0,Breezy,Heatwave
2023-04-27,Peshawar,Peshawar,Pakistan,34.01,71.58,26.9,328.0,Breezy,Heatwave
2023-06-01,Peshawar,Peshawar,Pakistan,34.01,71.58,20.4,100.0,Breezy,Normal
2023-06-02,Peshawar,Peshawar,Pakistan,34.01,71.58,21.3,233.0,Breezy,Heatwave
2023-06-11,Peshawar,Peshawar,Pakistan,34.01,71.58,27.4,91.0,Breezy,Heatwave
2023-06-14,Peshawar,Peshawar,Pakistan,34.01,71.58,22.8,225.0,Breezy,Normal
2023-06-22,Peshawar,Peshawar,Pakistan,34.01,71.58,26.5,213.0,Breezy,Heatwave
2023-06-29,Peshawar,Peshawar,Pakistan,34.01,71.58,20.4,134.0,Breezy,Normal
2023-07-16,Peshawar,Peshawar,Pakistan,34.01,71.58,22.1,154.0,Breezy,Normal
2023-07-18,Peshawar,Peshawar,Pakistan,34.01,71.58,23.5,103.0,Breezy,Normal
2023-07-20,Peshawar,Peshawar,Pakistan,34.01,71.58,22.5,41.0,Breezy,Normal
2023-07-25,Peshawar,Peshawar,Pakistan,34.01,71.58,24.1,13.0,Breezy,Normal
2023-08-01,Peshawar,Peshawar,Pakistan,34.01,71.58,22.9,79.0,Breezy,Normal
2023-08-10,Peshawar,Peshawar,Pakistan,34.01,71.58,27.9,308.0,Breezy,Normal
2023-08-26,Peshawar,Peshawar,Pakistan,34.01,71.58,22.9,103.0,Breezy,Normal
2023-08-29,Peshawar,Peshawar,Pakistan,34.01,71.58,26.0,238.0,Breezy,Normal
2023-09-01,Peshawar,Peshawar,Pakistan,34.01,71.58,25.0,87.0,Breezy,Normal
2023-09-06,Peshawar,Peshawar,Pakistan,34.01,71.58,22.6,191.0,Breezy,Normal
2023-09-13,Peshawar,Peshawar,Pakistan,34.01,71.58,34.1,72.0,Breezy,Normal
2023-09-15,Peshawar,Peshawar,Pakistan,34.01,71.58,22.4,124.0,Breezy,Normal
2023-09-17,Peshawar,Peshawar,Pakistan,34.01,71.58,22.9,49.0,Breezy,Normal
2023-09-26,Peshawar,Peshawar,Pakistan,34.01,71.58,23.1,77.0,Breezy,Normal
2023-10-03,Peshawar,Peshawar,Pakistan,34.01,71.58,25.0,349.0,Breezy,Normal
2023-10-13,Peshawar,Peshawar,Pakistan,34.01,71.58,27.6,119.0,Breezy,Normal
2023-10-14,Peshawar,Peshawar,Pakistan,34.01,71.58,20.4,122.0,Breezy,Normal
2023-10-17,Peshawar,Peshawar,Pakistan,34.01,71.58,23.3,255.0,Breezy,Normal
2023-10-24,Peshawar,Peshawar,Pakistan,34.01,71.58,28.6,144.0,Breezy,Normal
2023-10-29,Peshawar,Peshawar,Pakistan,34.01,71.58,25.4,300.0,Breezy,Normal
2023-11-05,Peshawar,Peshawar,Pakistan,34.01,71.58,23.2,350.0,Breezy,Normal
2023-11-17,Peshawar,Peshawar,Pakistan,34.01,71.58,27.2,2.0,Breezy,Normal
2023-11-19,Peshawar,Peshawar,Pakistan,34.01,71.58,35.2,208.0,Breezy,Normal
2023-11-20,Peshawar,Peshawar,Pakistan,34.01,71.58,22.7,12.0,Breezy,Normal
2023-11-21,Peshawar,Peshawar,Pakistan,34.01,71.58,23.2,224.0,Breezy,Normal
2023-11-29,Peshawar,Peshawar,Pakistan,34.01,71.58,20.8,81.0,Breezy,Normal
2023-12-04,Peshawar,Peshawar,Pakistan,34.01,71.58,20.5,244.0,Breezy,Normal
2023-12-09,Peshawar,Peshawar,Pakistan,34.01,71.58,34.7,265.0,Breezy,Normal
2023-12-15,Peshawar,Peshawar,Pakistan,34.01,71.58,21.9,275.0,Breezy,Normal
2023-12-17,Peshawar,Peshawar,Pakistan,34.01,71.58,24.9,221.0,Breezy,Normal
2023-12-20,Peshawar,Peshawar,Pakistan,34.01,71.58,32.6,283.0,Breezy,Normal
2023-12-23,Peshawar,Peshawar,Pakistan,34.01,71.58,28.1,9.0,Breezy,Normal
2023-12-27,Peshawar,Peshawar,Pakistan,34.01,71.58,23.5,59.0,Breezy,Normal
2023-12-31,Peshawar,Peshawar,Pakistan,34.01,71.58,20.3,155.0,Breezy,Normal
2022-01-02,Quetta,Quetta,Pakistan,30.19,67.01,23.4,321.0,Breezy,Normal
2022-01-08,Quetta,Quetta,Pakistan,30.19,67.01,43.5,236.0,Windy,Normal
2022-01-09,Quetta,Quetta,Pakistan,30.19,67.01,28.8,280.0,Breezy,Normal
2022-01-12,Quetta,Quetta,Pakistan,30.19,67.01,28.3,273.0,Breezy,Normal
2022-01-15,Quetta,Quetta,Pakistan,30.19,67.01,24.5,161.0,Breezy,Normal
2022-01-17,Quetta,Quetta,Pakistan,30.19,67.01,20.1,201.0,Breezy,Normal
2022-01-25,Quetta,Quetta,Pakistan,30.19,67.01,26.5,289.0,Breezy,Normal
2022-01-26,Quetta,Quetta,Pakistan,30.19,67.01,29.8,346.0,Breezy,Normal
2022-01-27,Quetta,Quetta,Pakistan,30.19,67.01,27.6,264.0,Breezy,Normal
2022-01-29,Quetta,Quetta,Pakistan,30.19,67.01,20.1,168.0,Breezy,Normal
2022-02-01,Quetta,Quetta,Pakistan,30.19,67.01,20.8,6.0,Breezy,Normal
2022-02-02,Quetta,Quetta,Pakistan,30.19,67.01,23.5,147.0,Breezy,Normal
2022-02-03,Quetta,Quetta,Pakistan,30.19,67.01,21.5,18.0,Breezy,Normal
2022-02-04,Quetta,Quetta,Pakistan,30.19,67.01,24.2,81.0,Breezy,Normal
2022-02-13,Quetta,Quetta,Pakistan,30.19,67.01,29.9,69.0,Breezy,Normal
2022-02-14,Quetta,Quetta,Pakistan,30.19,67.01,27.5,36.0,Breezy,Normal
2022-02-18,Quetta,Quetta,Pakistan,30.19,67.01,25.0,16.0,Breezy,Normal
2022-02-23,Quetta,Quetta,Pakistan,30.19,67.01,37.7,8.0,Breezy,Normal
2022-02-24,Quetta,Quetta,Pakistan,30.19,67.01,21.3,212.0,Breezy,Normal
2022-02-25,Quetta,Quetta,Pakistan,30.19,67.01,22.2,245.0,Breezy,Normal
2022-02-26,Quetta,Quetta,Pakistan,30.19,67.01,28.0,145.0,Breezy,Normal
2022-02-28,Quetta,Quetta,Pakistan,30.19,67.01,31.1,0.0,Breezy,Normal
2022-03-08,Quetta,Quetta,Pakistan,30.19,67.01,22.5,342.0,Breezy,Heatwave
2022-03-19,Quetta,Quetta,Pakistan,30.19,67.01,21.4,222.0,Breezy,Heatwave
2022-03-22,Quetta,Quetta,Pakistan,30.19,67.01,34.2,152.0,Breezy,Heatwave
2022-03-23,Quetta,Quetta,Pakistan,30.19,67.01,41.9,146.0,Windy,Normal
2022-03-25,Quetta,Quetta,Pakistan,30.19,67.01,24.9,245.0,Breezy,Normal
2022-03-27,Quetta,Quetta,Pakistan,30.19,67.01,27.5,100.0,Breezy,Normal
2022-03-28,Quetta,Quetta,Pakistan,30.19,67.01,23.0,98.0,Breezy,Heatwave
2022-04-01,Quetta,Quetta,Pakistan,30.19,67.01,21.5,220.0,Breezy,Heatwave
2022-04-02,Quetta,Quetta,Pakistan,30.19,67.01,26.3,227.0,Breezy,Normal
2022-04-06,Quetta,Quetta,Pakistan,30.19,67.01,36.3,91.0,Breezy,Normal
2022-04-07,Quetta,Quetta,Pakistan,30.19,67.01,26.8,288.0,Breezy,Normal
2022-04-09,Quetta,Quetta,Pakistan,30.19,67.01,25.1,103.0,Breezy,Heatwave
2022-04-11,Quetta,Quetta,Pakistan,30.19,67.01,24.7,267.0,Breezy,Heatwave
2022-04-13,Quetta,Quetta,Pakistan,30.19,67.01,42.1,246.0,Windy,Heatwave
2022-04-16,Quetta,Quetta,Pakistan,30.19,67.01,28.0,91.0,Breezy,Normal
2022-04-17,Quetta,Quetta,Pakistan,30.19,67.01,23.1,198.0,Breezy,Heatwave
2022-04-23,Quetta,Quetta,Pakistan,30.19,67.01,34.4,88.0,Breezy,Heatwave
2022-05-06,Quetta,Quetta,Pakistan,30.19,67.01,24.0,178.0,Breezy,Heatwave
2022-05-11,Quetta,Quetta,Pakistan,30.19,67.01,23.9,182.0,Breezy,Heatwave
2022-05-12,Quetta,Quetta,Pakistan,30.19,67.01,20.4,210.0,Breezy,Heatwave
2022-05-16,Quetta,Quetta,Pakistan,30.19,67.01,27.3,329.0,Breezy,Normal
2022-05-17,Quetta,Quetta,Pakistan,30.19,67.01,28.3,10.0,Breezy,Normal
2022-05-18,Quetta,Quetta,Pakistan,30.19,67.01,30.3,172.0,Breezy,Heatwave
2022-05-19,Quetta,Quetta,Pakistan,30.19,67.01,30.0,254.0,Breezy,Heatwave
2022-05-22,Quetta,Quetta,Pakistan,30.19,67.01,22.6,20.0,Breezy,Heatwave
2022-05-23,Quetta,Quetta,Pakistan,30.19,67.01,25.5,1.0,Breezy,Normal
2022-05-25,Quetta,Quetta,Pakistan,30.19,67.01,20.1,184.0,Breezy,Normal
2022-05-28,Quetta,Quetta,Pakistan,30.19,67.01,20.5,9.0,Breezy,Normal
2022-05-31,Quetta,Quetta,Pakistan,30.19,67.01,28.7,15.0,Breezy,Normal
2022-06-04,Quetta,Quetta,Pakistan,30.19,67.01,22.9,297.0,Breezy,Normal
2022-06-11,Quetta,Quetta,Pakistan,30.19,67.01,27.5,261.0,Breezy,Normal
2022-06-17,Quetta,Quetta,Pakistan,30.19,67.01,34.7,99.0,Breezy,Normal
2022-07-02,Quetta,Quetta,Pakistan,30.19,67.01,29.2,28.0,Breezy,Normal
2022-07-08,Quetta,Quetta,Pakistan,30.19,67.01,32.4,57.0,Breezy,Normal
2022-07-14,Quetta,Quetta,Pakistan,30.19,67.01,25.9,321.0,Breezy,Normal
2022-07-19,Quetta,Quetta,Pakistan,30.19,67.01,46.1,127.0,Windy,Normal
2022-07-24,Quetta,Quetta,Pakistan,30.19,67.01,27.3,297.0,Breezy,Normal
2022-07-26,Quetta,Quetta,Pakistan,30.19,67.01,29.7,126.0,Breezy,Normal
2022-08-01,Quetta,Quetta,Pakistan,30.19,67.01,21.0,18.0,Breezy,Normal
2022-08-02,Quetta,Quetta,Pakistan,30.19,67.01,47.6,141.0,Windy,Normal
2022-08-03,Quetta,Quetta,Pakistan,30.19,67.01,20.2,236.0,Breezy,Normal
2022-08-06,Quetta,Quetta,Pakistan,30.19,67.01,29.3,326.0,Breezy,Normal
2022-08-09,Quetta,Quetta,Pakistan,30.19,67.01,21.7,302.0,Breezy,Normal
2022-08-18,Quetta,Quetta,Pakistan,30.19,67.01,34.6,306.0,Breezy,Normal
2022-08-19,Quetta,Quetta,Pakistan,30.19,67.01,29.9,108.0,Breezy,Normal
2022-08-25,Quetta,Quetta,Pakistan,30.19,67.01,32.5,280.0,Breezy,Normal
2022-08-28,Quetta,Quetta,Pakistan,30.19,67.01,27.4,126.0,Breezy,Normal
2022-08-29,Quetta,Quetta,Pakistan,30.19,67.01,24.1,201.0,Breezy,Normal
2022-09-07,Quetta,Quetta,Pakistan,30.19,67.01,26.9,182.0,Breezy,Normal
2022-09-09,Quetta,Quetta,Pakistan,30.19,67.01,21.6,224.0,Breezy,Normal
2022-09-13,Quetta,Quetta,Pakistan,30.19,67.01,28.6,241.0,Breezy,Normal
2022-09-15,Quetta,Quetta,Pakistan,30.19,67.01,20.3,86.0,Breezy,Normal
2022-09-17,Quetta,Quetta,Pakistan,30.19,67.01,27.4,14.0,Breezy,Normal
2022-09-26,Quetta,Quetta,Pakistan,30.19,67.01,38.4,84.0,Breezy,Normal
2022-09-27,Quetta,Quetta,Pakistan,30.19,67.01,29.7,159.0,Breezy,Normal
2022-09-28,Quetta,Quetta,Pakistan,30.19,67.01,25.5,286.0,Breezy,Normal
2022-09-30,Quetta,Quetta,Pakistan,30.19,67.01,25.6,261.0,Breezy,Normal
2022-10-01,Quetta,Quetta,Pakistan,30.19,67.01,29.3,45.0,Breezy,Normal
2022-10-03,Quetta,Quetta,Pakistan,30.19,67.01,21.0,199.0,Breezy,Normal
2022-10-04,Quetta,Quetta,Pakistan,30.19,67.01,21.7,201.0,Breezy,Normal
2022-10-05,Quetta,Quetta,Pakistan,30.19,67.01,28.2,284.0,Breezy,Normal
2022-10-06,Quetta,Quetta,Pakistan,30.19,67.01,20.4,81.0,Breezy,Normal
2022-10-10,Quetta,Quetta,Pakistan,30.19,67.01,27.0,37.0,Breezy,Normal
2022-10-11,Quetta,Quetta,Pakistan,30.19,67.01,22.1,200.0,Breezy,Normal
2022-10-12,Quetta,Quetta,Pakistan,30.19,67.01,24.3,157.0,Breezy,Normal
2022-10-13,Quetta,Quetta,Pakistan,30.19,67.01,21.3,116.0,Breezy,Normal
2022-10-14,Quetta,Quetta,Pakistan,30.19,67.01,29.0,185.0,Breezy,Normal
2022-10-26,Quetta,Quetta,Pakistan,30.19,67.01,36.6,221.0,Breezy,Normal
2022-10-30,Quetta,Quetta,Pakistan,30.19,67.01,25.6,110.0,Breezy,Normal
2022-10-31,Quetta,Quetta,Pakistan,30.19,67.01,20.8,323.0,Breezy,Normal
2022-11-08,Quetta,Quetta,Pakistan,30.19,67.01,27.6,52.0,Breezy,Normal
2022-11-13,Quetta,Quetta,Pakistan,30.19,67.01,21.4,311.0,Breezy,Normal
2022-11-17,Quetta,Quetta,Pakistan,30.19,67.01,26.7,244.0,Breezy,Normal
2022-11-20,Quetta,Quetta,Pakistan,30.19,67.01,31.5,146.0,Breezy,Normal
2022-11-23,Quetta,Quetta,Pakistan,30.19,67.01,47.6,102.0,Windy,Normal
2022-11-24,Quetta,Quetta,Pakistan,30.19,67.01,20.9,175.0,Breezy,Normal
2022-11-27,Quetta,Quetta,Pakistan,30.19,67.01,27.4,88.0,Breezy,Normal
2022-12-01,Quetta,Quetta,Pakistan,30.19,67.01,21.6,105.0,Breezy,Normal
2022-12-05,Quetta,Quetta,Pakistan,30.19,67.01,25.8,60.0,Breezy,Normal
2022-12-06,Quetta,Quetta,Pakistan,30.19,67.01,24.2,225.0,Breezy,Normal
2022-12-09,Quetta,Quetta,Pakistan,30.19,67.01,27.8,11.0,Breezy,Normal
2022-12-13,Quetta,Quetta,Pakistan,30.19,67.01,20.1,191.0,Breezy,Normal
2022-12-15,Quetta,Quetta,Pakistan,30.19,67.01,23.7,192.0,Breezy,Normal
2022-12-18,Quetta,Quetta,Pakistan,30.19,67.01,21.0,354.0,Breezy,Normal
2022-12-19,Quetta,Quetta,Pakistan,30.19,67.01,26.1,225.0,Breezy,Normal
2022-12-22,Quetta,Quetta,Pakistan,30.19,67.01,23.2,259.0,Breezy,Normal
2022-12-23,Quetta,Quetta,Pakistan,30.19,67.01,25.9,279.0,Breezy,Normal
2022-12-24,Quetta,Quetta,Pakistan,30.19,67.01,38.2,175.0,Breezy,Normal
2022-12-25,Quetta,Quetta,Pakistan,30.19,67.01,21.6,278.0,Breezy,Normal
2022-12-30,Quetta,Quetta,Pakistan,30.19,67.01,24.3,258.0,Breezy,Normal
2022-12-31,Quetta,Quetta,Pakistan,30.19,67.01,40.8,213.0,Windy,Normal
2023-01-01,Quetta,Quetta,Pakistan,30.19,67.01,21.5,234.0,Breezy,Normal
2023-01-04,Quetta,Quetta,Pakistan,30.19,67.01,26.4,280.0,Breezy,Normal
2023-01-05,Quetta,Quetta,Pakistan,30.19,67.01,29.1,314.0,Breezy,Normal
2023-01-09,Quetta,Quetta,Pakistan,30.19,67.01,27.4,120.0,Breezy,Normal
2023-01-23,Quetta,Quetta,Pakistan,30.19,67.01,30.2,293.0,Breezy,Normal
2023-01-24,Quetta,Quetta,Pakistan,30.19,67.01,20.9,321.0,Breezy,Normal
2023-01-25,Quetta,Quetta,Pakistan,30.19,67.01,34.4,71.0,Breezy,Normal
2023-01-26,Quetta,Quetta,Pakistan,30.19,67.01,22.1,74.0,Breezy,Normal
2023-01-27,Quetta,Quetta,Pakistan,30.19,67.01,28.3,46.0,Breezy,Normal
2023-01-29,Quetta,Quetta,Pakistan,30.19,67.01,28.3,13.0,Breezy,Normal
2023-02-03,Quetta,Quetta,Pakistan,30.19,67.01,27.1,288.0,Breezy,Normal
2023-02-06,Quetta,Quetta,Pakistan,30.19,67.01,20.4,233.0,Breezy,Normal
2023-02-07,Quetta,Quetta,Pakistan,30.19,67.01,26.1,171.0,Breezy,Normal
2023-02-08,Quetta,Quetta,Pakistan,30.19,67.01,22.3,359.0,Breezy,Normal
2023-02-16,Quetta,Quetta,Pakistan,30.19,67.01,20.7,299.0,Breezy,Normal
2023-02-21,Quetta,Quetta,Pakistan,30.19,67.01,26.9,114.0,Breezy,Normal
2023-02-23,Quetta,Quetta,Pakistan,30.19,67.01,36.0,337.0,Breezy,Normal
2023-02-24,Quetta,Quetta,Pakistan,30.19,67.01,23.2,69.0,Breezy,Normal
2023-03-02,Quetta,Quetta,Pakistan,30.19,67.01,31.7,337.0,Breezy,Normal
2023-03-08,Quetta,Quetta,Pakistan,30.19,67.01,20.3,46.0,Breezy,Heatwave
2023-03-10,Quetta,Quetta,Pakistan,30.19,67.01,22.9,51.0,Breezy,Heatwave
2023-03-13,Quetta,Quetta,Pakistan,30.19,67.01,22.6,224.0,Breezy,Normal
2023-03-18,Quetta,Quetta,Pakistan,30.19,67.01,20.8,194.0,Breezy,Heatwave
2023-03-21,Quetta,Quetta,Pakistan,30.19,67.01,21.8,312.0,Breezy,Normal
2023-03-24,Quetta,Quetta,Pakistan,30.19,67.01,21.2,189.0,Breezy,Heatwave
2023-03-25,Quetta,Quetta,Pakistan,30.19,67.01,25.3,53.0,Breezy,Heatwave
2023-03-27,Quetta,Quetta,Pakistan,30.19,67.01,20.9,143.0,Breezy,Heatwave
2023-03-29,Quetta,Quetta,Pakistan,30.19,67.01,20.7,311.0,Breezy,Normal
2023-03-30,Quetta,Quetta,Pakistan,30.19,67.01,22.1,357.0,Breezy,Heatwave
2023-04-02,Quetta,Quetta,Pakistan,30.19,67.01,38.2,32.0,Breezy,Heatwave
2023-04-03,Quetta,Quetta,Pakistan,30.19,67.01,29.9,147.0,Breezy,Heatwave
2023-04-05,Quetta,Quetta,Pakistan,30.19,67.01,31.6,46.0,Breezy,Normal
2023-04-07,Quetta,Quetta,Pakistan,30.19,67.01,29.2,175.0,Breezy,Heatwave
2023-04-11,Quetta,Quetta,Pakistan,30.19,67.01,25.7,110.0,Breezy,Heatwave
2023-04-12,Quetta,Quetta,Pakistan,30.19,67.01,27.7,29.0,Breezy,Normal
2023-04-15,Quetta,Quetta,Pakistan,30.19,67.01,23.1,53.0,Breezy,Normal
2023-04-18,Quetta,Quetta,Pakistan,30.19,67.01,22.6,190.0,Breezy,Heatwave
2023-04-19,Quetta,Quetta,Pakistan,30.19,67.01,21.1,99.0,Breezy,Heatwave
2023-04-28,Quetta,Quetta,Pakistan,30.19,67.01,24.1,117.0,Breezy,Heatwave
2023-04-29,Quetta,Quetta,Pakistan,30.19,67.01,45.3,296.0,Windy,Heatwave
2023-04-30,Quetta,Quetta,Pakistan,30.19,67.01,23.2,171.0,Breezy,Heatwave
2023-05-01,Quetta,Quetta,Pakistan,30.19,67.01,24.5,137.0,Breezy,Heatwave
2023-05-02,Quetta,Quetta,Pakistan,30.19,67.01,21.0,239.0,Breezy,Heatwave
2023-05-03,Quetta,Quetta,Pakistan,30.19,67.01,22.5,46.0,Breezy,Normal
2023-05-05,Quetta,Quetta,Pakistan,30.19,67.01,31.4,300.0,Breezy,Normal
2023-05-07,Quetta,Quetta,Pakistan,30.19,67.01,23.5,226.0,Breezy,Heatwave
2023-05-08,Quetta,Quetta,Pakistan,30.19,67.01,21.6,282.0,Breezy,Heatwave
2023-05-09,Quetta,Quetta,Pakistan,30.19,67.01,20.4,349.0,Breezy,Normal
2023-05-12,Quetta,Quetta,Pakistan,30.19,67.01,28.5,53.0,Breezy,Heatwave
2023-05-15,Quetta,Quetta,Pakistan,30.19,67.01,25.8,81.0,Breezy,Normal
2023-05-16,Quetta,Quetta,Pakistan,30.19,67.01,27.1,142.0,Breezy,Normal
2023-05-17,Quetta,Quetta,Pakistan,30.19,67.01,26.0,160.0,Breezy,Heatwave
2023-05-20,Quetta,Quetta,Pakistan,30.19,67.01,32.4,98.0,Breezy,Normal
2023-05-27,Quetta,Quetta,Pakistan,30.19,67.01,29.5,349.0,Breezy,Normal
2023-05-30,Quetta,Quetta,Pakistan,30.19,67.01,35.2,2.0,Breezy,Normal
2023-05-31,Quetta,Quetta,Pakistan,30.19,67.01,26.1,212.0,Breezy,Normal
2023-06-07,Quetta,Quetta,Pakistan,30.19,67.01,30.7,182.0,Breezy,Heatwave
2023-06-20,Quetta,Quetta,Pakistan,30.19,67.01,25.3,282.0,Breezy,Normal
2023-06-22,Quetta,Quetta,Pakistan,30.19,67.01,22.0,255.0,Breezy,Normal
2023-06-28,Quetta,Quetta,Pakistan,30.19,67.01,20.5,110.0,Breezy,Normal
2023-07-01,Quetta,Quetta,Pakistan,30.19,67.01,20.8,255.0,Breezy,Normal
2023-07-02,Quetta,Quetta,Pakistan,30.19,67.01,23.2,341.0,Breezy,Normal
2023-07-03,Quetta,Quetta,Pakistan,30.19,67.01,26.4,54.0,Breezy,Normal
2023-07-04,Quetta,Quetta,Pakistan,30.19,67.01,21.6,337.0,Breezy,Normal
2023-07-08,Quetta,Quetta,Pakistan,30.19,67.01,32.8,314.0,Breezy,Normal
2023-07-09,Quetta,Quetta,Pakistan,30.19,67.01,24.0,357.0,Breezy,Normal
2023-07-10,Quetta,Quetta,Pakistan,30.19,67.01,33.8,152.0,Breezy,Normal
2023-07-13,Quetta,Quetta,Pakistan,30.19,67.01,25.8,349.0,Breezy,Normal
2023-07-17,Quetta,Quetta,Pakistan,30.19,67.01,22.3,285.0,Breezy,Normal
2023-07-21,Quetta,Quetta,Pakistan,30.19,67.01,24.8,24.0,Breezy,Normal
2023-07-23,Quetta,Quetta,Pakistan,30.19,67.01,20.1,111.0,Breezy,Normal
2023-08-03,Quetta,Quetta,Pakistan,30.19,67.01,31.3,352.0,Breezy,Normal
2023-08-06,Quetta,Quetta,Pakistan,30.19,67.01,21.6,101.0,Breezy,Normal
2023-08-09,Quetta,Quetta,Pakistan,30.19,67.01,41.0,3.0,Windy,Normal
2023-08-10,Quetta,Quetta,Pakistan,30.19,67.01,25.8,187.0,Breezy,Normal
2023-08-15,Quetta,Quetta,Pakistan,30.19,67.01,30.3,176.0,Breezy,Normal
2023-08-16,Quetta,Quetta,Pakistan,30.19,67.01,22.4,269.0,Breezy,Normal
2023-08-18,Quetta,Quetta,Pakistan,30.19,67.01,23.5,233.0,Breezy,Normal
2023-08-20,Quetta,Quetta,Pakistan,30.19,67.01,21.6,278.0,Breezy,Normal
2023-08-23,Quetta,Quetta,Pakistan,30.19,67.01,24.0,25.0,Breezy,Normal
2023-08-24,Quetta,Quetta,Pakistan,30.19,67.01,21.9,250.0,Breezy,Normal
2023-08-25,Quetta,Quetta,Pakistan,30.19,67.01,20.5,302.0,Breezy,Normal
2023-08-26,Quetta,Quetta,Pakistan,30.19,67.01,22.9,0.0,Breezy,Normal
2023-08-27,Quetta,Quetta,Pakistan,30.19,67.01,22.4,212.0,Breezy,Normal
2023-08-28,Quetta,Quetta,Pakistan,30.19,67.01,34.2,31.0,Breezy,Normal
2023-08-29,Quetta,Quetta,Pakistan,30.19,67.01,26.6,244.0,Breezy,Normal
2023-09-02,Quetta,Quetta,Pakistan,30.19,67.01,35.5,66.0,Breezy,Normal
2023-09-11,Quetta,Quetta,Pakistan,30.19,67.01,22.9,249.0,Breezy,Normal
2023-09-19,Quetta,Quetta,Pakistan,30.19,67.01,34.5,232.0,Breezy,Normal
2023-09-20,Quetta,Quetta,Pakistan,30.19,67.01,26.8,9.0,Breezy,Normal
2023-09-23,Quetta,Quetta,Pakistan,30.19,67.01,21.0,7.0,Breezy,Normal
2023-09-24,Quetta,Quetta,Pakistan,30.19,67.01,20.8,209.0,Breezy,Normal
2023-09-28,Quetta,Quetta,Pakistan,30.19,67.01,21.6,306.0,Breezy,Normal
2023-10-01,Quetta,Quetta,Pakistan,30.19,67.01,27.3,264.0,Breezy,Normal
2023-10-06,Quetta,Quetta,Pakistan,30.19,67.01,30.8,232.0,Breezy,Normal
2023-10-07,Quetta,Quetta,Pakistan,30.19,67.01,20.8,4.0,Breezy,Normal
2023-10-16,Quetta,Quetta,Pakistan,30.19,67.01,23.9,313.0,Breezy,Normal
2023-10-17,Quetta,Quetta,Pakistan,30.19,67.01,37.2,260.0,Breezy,Normal
2023-10-19,Quetta,Quetta,Pakistan,30.19,67.01,27.0,103.0,Breezy,Normal
2023-10-24,Quetta,Quetta,Pakistan,30.19,67.01,28.0,317.0,Breezy,Normal
2023-10-26,Quetta,Quetta,Pakistan,30.19,67.01,29.0,359.0,Breezy,Normal
2023-10-31,Quetta,Quetta,Pakistan,30.19,67.01,22.3,170.0,Breezy,Normal
2023-11-05,Quetta,Quetta,Pakistan,30.19,67.01,32.2,227.0,Breezy,Normal
2023-11-07,Quetta,Quetta,Pakistan,30.19,67.01,21.0,49.0,Breezy,Normal
2023-11-12,Quetta,Quetta,Pakistan,30.19,67.01,26.0,347.0,Breezy,Normal
2023-11-13,Quetta,Quetta,Pakistan,30.19,67.01,22.7,136.0,Breezy,Normal
2023-11-14,Quetta,Quetta,Pakistan,30.19,67.01,25.2,201.0,Breezy,Normal
2023-11-18,Quetta,Quetta,Pakistan,30.19,67.01,22.2,240.0,Breezy,Normal
2023-11-28,Quetta,Quetta,Pakistan,30.19,67.01,25.7,202.0,Breezy,Normal
2023-12-02,Quetta,Quetta,Pakistan,30.19,67.01,30.7,19.0,Breezy,Normal
2023-12-03,Quetta,Quetta,Pakistan,30.19,67.01,22.3,49.0,Breezy,Normal
2023-12-05,Quetta,Quetta,Pakistan,30.19,67.01,25.5,77.0,Breezy,Normal
2023-12-07,Quetta,Quetta,Pakistan,30.19,67.01,23.3,180.0,Breezy,Normal
2023-12-08,Quetta,Quetta,Pakistan,30.19,67.01,27.4,116.0,Breezy,Normal
2023-12-11,Quetta,Quetta,Pakistan,30.19,67.01,26.0,128.0,Breezy,Normal
2023-12-12,Quetta,Quetta,Pakistan,30.19,67.01,20.6,108.0,Breezy,Normal
2023-12-20,Quetta,Quetta,Pakistan,30.19,67.01,27.9,251.0,Breezy,Normal
2023-12-21,Quetta,Quetta,Pakistan,30.19,67.01,23.7,334.0,Breezy,Normal
2023-12-24,Quetta,Quetta,Pakistan,30.19,67.01,28.6,114.0,Breezy,Normal
2023-12-26,Quetta,Quetta,Pakistan,30.19,67.01,30.6,8.0,Breezy,Normal
2022-01-01,Multan,Multan,Pakistan,30.19,71.47,26.9,246.0,Breezy,Normal
2022-01-10,Multan,Multan,Pakistan,30.19,71.47,20.3,59.0,Breezy,Normal
2022-01-23,Multan,Multan,Pakistan,30.19,71.47,23.4,358.0,Breezy,Normal
2022-02-15,Multan,Multan,Pakistan,30.19,71.47,22.8,173.0,Breezy,Heatwave
2022-02-21,Multan,Multan,Pakistan,30.19,71.47,29.6,94.0,Breezy,Heatwave
2022-02-24,Multan,Multan,Pakistan,30.19,71.47,24.1,80.0,Breezy,Heatwave
2022-03-03,Multan,Multan,Pakistan,30.19,71.47,22.4,182.0,Breezy,Heatwave
2022-03-04,Multan,Multan,Pakistan,30.19,71.47,26.3,51.0,Breezy,Heatwave
2022-03-07,Multan,Multan,Pakistan,30.19,71.47,33.5,335.0,Breezy,Heatwave
2022-03-11,Multan,Multan,Pakistan,30.19,71.47,34.6,297.0,Breezy,Heatwave
2022-03-16,Multan,Multan,Pakistan,30.19,71.47,21.8,54.0,Breezy,Heatwave
2022-04-24,Multan,Multan,Pakistan,30.19,71.47,25.6,248.0,Breezy,Heatwave
2022-05-02,Multan,Multan,Pakistan,30.19,71.47,26.8,97.0,Breezy,Heatwave
2022-05-04,Multan,Multan,Pakistan,30.19,71.47,21.4,330.0,Breezy,Heatwave
2022-05-15,Multan,Multan,Pakistan,30.19,71.47,20.8,326.0,Breezy,Heatwave
2022-05-18,Multan,Multan,Pakistan,30.19,71.47,20.1,161.0,Breezy,Heatwave
2022-05-30,Multan,Multan,Pakistan,30.19,71.47,26.3,57.0,Breezy,Heatwave
2022-06-02,Multan,Multan,Pakistan,30.19,71.47,22.7,193.0,Breezy,Heatwave
2022-06-10,Multan,Multan,Pakistan,30.19,71.47,20.7,85.0,Breezy,Heatwave
2022-06-11,Multan,Multan,Pakistan,30.19,71.47,23.8,262.0,Breezy,Heatwave
2022-06-14,Multan,Multan,Pakistan,30.19,71.47,22.1,306.0,Breezy,Heatwave
2022-06-15,Multan,Multan,Pakistan,30.19,71.47,25.3,155.0,Breezy,Heatwave
2022-06-16,Multan,Multan,Pakistan,30.19,71.47,29.6,194.0,Breezy,Heatwave
2022-06-20,Multan,Multan,Pakistan,30.19,71.47,26.3,74.0,Breezy,Heatwave
2022-06-24,Multan,Multan,Pakistan,30.19,71.47,31.4,160.0,Breezy,Heatwave
2022-06-26,Multan,Multan,Pakistan,30.19,71.47,27.0,199.0,Breezy,Normal
2022-07-05,Multan,Multan,Pakistan,30.19,71.47,20.4,61.0,Breezy,Heatwave
2022-07-08,Multan,Multan,Pakistan,30.19,71.47,30.2,274.0,Breezy,Heatwave
2022-07-17,Multan,Multan,Pakistan,30.19,71.47,22.0,66.0,Breezy,Normal
2022-07-18,Multan,Multan,Pakistan,30.19,71.47,21.3,255.0,Breezy,Normal
2022-08-01,Multan,Multan,Pakistan,30.19,71.47,25.7,82.0,Breezy,Normal
2022-08-08,Multan,Multan,Pakistan,30.19,71.47,23.8,132.0,Breezy,Normal
2022-08-09,Multan,Multan,Pakistan,30.19,71.47,20.8,151.0,Breezy,Normal
2022-08-10,Multan,Multan,Pakistan,30.19,71.47,23.1,295.0,Breezy,Normal
2022-08-19,Multan,Multan,Pakistan,30.19,71.47,22.3,45.0,Breezy,Normal
2022-08-29,Multan,Multan,Pakistan,30.19,71.47,24.5,58.0,Breezy,Normal
2022-08-31,Multan,Multan,Pakistan,30.19,71.47,25.3,288.0,Breezy,Normal
2022-09-03,Multan,Multan,Pakistan,30.19,71.47,32.9,95.0,Breezy,Normal
2022-09-04,Multan,Multan,Pakistan,30.19,71.47,37.1,63.0,Breezy,Normal
2022-09-05,Multan,Multan,Pakistan,30.19,71.47,30.4,179.0,Breezy,Normal
2022-09-11,Multan,Multan,Pakistan,30.19,71.47,22.1,203.0,Breezy,Normal
2022-09-14,Multan,Multan,Pakistan,30.19,71.47,20.4,265.0,Breezy,Normal
2022-09-21,Multan,Multan,Pakistan,30.19,71.47,20.1,17.0,Breezy,Normal
2022-09-23,Multan,Multan,Pakistan,30.19,71.47,21.8,267.0,Breezy,Normal
2022-10-01,Multan,Multan,Pakistan,30.19,71.47,23.5,220.0,Breezy,Normal
2022-10-07,Multan,Multan,Pakistan,30.19,71.47,20.4,147.0,Breezy,Normal
2022-10-11,Multan,Multan,Pakistan,30.19,71.47,26.6,12.0,Breezy,Normal
2022-10-16,Multan,Multan,Pakistan,30.19,71.47,22.1,21.0,Breezy,Normal
2022-10-19,Multan,Multan,Pakistan,30.19,71.47,21.1,58.0,Breezy,Normal
2022-10-20,Multan,Multan,Pakistan,30.19,71.47,29.0,179.0,Breezy,Normal
2022-10-24,Multan,Multan,Pakistan,30.19,71.47,20.6,21.0,Breezy,Normal
2022-10-25,Multan,Multan,Pakistan,30.19,71.47,26.2,295.0,Breezy,Normal
2022-10-29,Multan,Multan,Pakistan,30.19,71.47,21.6,247.0,Breezy,Normal
2022-11-22,Multan,Multan,Pakistan,30.19,71.47,23.7,55.0,Breezy,Normal
2022-11-23,Multan,Multan,Pakistan,30.19,71.47,27.7,216.0,Breezy,Normal
2022-11-28,Multan,Multan,Pakistan,30.19,71.47,25.6,206.0,Breezy,Normal
2022-11-30,Multan,Multan,Pakistan,30.19,71.47,24.8,32.0,Breezy,Normal
2022-12-01,Multan,Multan,Pakistan,30.19,71.47,28.5,310.0,Breezy,Normal
2022-12-08,Multan,Multan,Pakistan,30.19,71.47,23.4,357.0,Breezy,Normal
2022-12-15,Multan,Multan,Pakistan,30.19,71.47,28.7,85.0,Breezy,Normal
2022-12-30,Multan,Multan,Pakistan,30.19,71.47,22.6,353.0,Breezy,Normal
2023-01-01,Multan,Multan,Pakistan,30.19,71.47,28.5,236.0,Breezy,Normal
2023-01-02,Multan,Multan,Pakistan,30.19,71.47,20.8,186.0,Breezy,Normal
2023-01-05,Multan,Multan,Pakistan,30.19,71.47,21.5,206.0,Breezy,Normal
2023-01-11,Multan,Multan,Pakistan,30.19,71.47,26.0,32.0,Breezy,Normal
2023-01-12,Multan,Multan,Pakistan,30.19,71.47,21.1,235.0,Breezy,Normal
2023-01-13,Multan,Multan,Pakistan,30.19,71.47,23.0,44.0,Breezy,Normal
2023-01-14,Multan,Multan,Pakistan,30.19,71.47,21.2,347.0,Breezy,Heatwave
2023-02-04,Multan,Multan,Pakistan,30.19,71.47,28.5,358.0,Breezy,Heatwave
2023-02-08,Multan,Multan,Pakistan,30.19,71.47,25.2,86.0,Breezy,Heatwave
2023-02-10,Multan,Multan,Pakistan,30.19,71.47,26.8,259.0,Breezy,Heatwave
2023-02-21,Multan,Multan,Pakistan,30.19,71.47,20.7,50.0,Breezy,Heatwave
2023-03-02,Multan,Multan,Pakistan,30.19,71.47,22.9,80.0,Breezy,Heatwave
2023-03-03,Multan,Multan,Pakistan,30.19,71.47,30.8,352.0,Breezy,Heatwave
2023-03-04,Multan,Multan,Pakistan,30.19,71.47,23.3,360.0,Breezy,Heatwave
2023-03-06,Multan,Multan,Pakistan,30.19,71.47,24.7,337.0,Breezy,Heatwave
2023-03-11,Multan,Multan,Pakistan,30.19,71.47,23.1,254.0,Breezy,Heatwave
2023-03-17,Multan,Multan,Pakistan,30.19,71.47,26.9,178.0,Breezy,Heatwave
2023-03-22,Multan,Multan,Pakistan,30.19,71.47,20.8,358.0,Breezy,Heatwave
2023-03-29,Multan,Multan,Pakistan,30.19,71.47,20.6,81.0,Breezy,Heatwave
2023-03-31,Multan,Multan,Pakistan,30.19,71.47,24.2,71.0,Breezy,Heatwave
2023-04-14,Multan,Multan,Pakistan,30.19,71.47,30.5,19.0,Breezy,Heatwave
2023-05-05,Multan,Multan,Pakistan,30.19,71.47,22.4,46.0,Breezy,Heatwave
2023-05-06,Multan,Multan,Pakistan,30.19,71.47,25.8,32.0,Breezy,Heatwave
2023-05-13,Multan,Multan,Pakistan,30.19,71.47,20.3,217.0,Breezy,Heatwave
2023-05-20,Multan,Multan,Pakistan,30.19,71.47,22.2,191.0,Breezy,Heatwave
2023-05-21,Multan,Multan,Pakistan,30.19,71.47,20.2,17.0,Breezy,Heatwave
2023-05-22,Multan,Multan,Pakistan,30.19,71.47,28.4,245.0,Breezy,Heatwave
2023-05-24,Multan,Multan,Pakistan,30.19,71.47,23.1,18.0,Breezy,Heatwave
2023-05-27,Multan,Multan,Pakistan,30.19,71.47,20.4,327.0,Breezy,Heatwave
2023-05-28,Multan,Multan,Pakistan,30.19,71.47,25.8,105.0,Breezy,Heatwave
2023-05-31,Multan,Multan,Pakistan,30.19,71.47,23.5,252.0,Breezy,Heatwave
2023-06-02,Multan,Multan,Pakistan,30.19,71.47,21.6,248.0,Breezy,Heatwave
2023-06-09,Multan,Multan,Pakistan,30.19,71.47,32.3,251.0,Breezy,Heatwave
2023-06-10,Multan,Multan,Pakistan,30.19,71.47,24.1,290.0,Breezy,Heatwave
2023-06-22,Multan,Multan,Pakistan,30.19,71.47,23.0,226.0,Breezy,Heatwave
2023-06-25,Multan,Multan,Pakistan,30.19,71.47,22.4,313.0,Breezy,Heatwave
2023-06-28,Multan,Multan,Pakistan,30.19,71.47,21.6,346.0,Breezy,Heatwave
2023-07-09,Multan,Multan,Pakistan,30.19,71.47,25.5,144.0,Breezy,Heatwave
2023-07-11,Multan,Multan,Pakistan,30.19,71.47,20.9,26.0,Breezy,Normal
2023-07-12,Multan,Multan,Pakistan,30.19,71.47,20.1,63.0,Breezy,Normal
2023-07-13,Multan,Multan,Pakistan,30.19,71.47,23.5,252.0,Breezy,Normal
2023-07-17,Multan,Multan,Pakistan,30.19,71.47,29.0,244.0,Breezy,Normal
2023-07-23,Multan,Multan,Pakistan,30.19,71.47,21.5,108.0,Breezy,Normal
2023-08-01,Multan,Multan,Pakistan,30.19,71.47,30.7,68.0,Breezy,Normal
2023-08-03,Multan,Multan,Pakistan,30.19,71.47,24.3,178.0,Breezy,Normal
2023-08-04,Multan,Multan,Pakistan,30.19,71.47,20.9,49.0,Breezy,Normal
2023-08-11,Multan,Multan,Pakistan,30.19,71.47,24.2,179.0,Breezy,Normal
2023-08-20,Multan,Multan,Pakistan,30.19,71.47,33.7,348.0,Breezy,Normal
2023-08-22,Multan,Multan,Pakistan,30.19,71.47,23.0,159.0,Breezy,Normal
2023-08-27,Multan,Multan,Pakistan,30.19,71.47,37.1,171.0,Breezy,Normal
2023-08-29,Multan,Multan,Pakistan,30.19,71.47,21.8,301.0,Breezy,Normal
2023-08-30,Multan,Multan,Pakistan,30.19,71.47,27.5,236.0,Breezy,Normal
2023-09-04,Multan,Multan,Pakistan,30.19,71.47,26.2,41.0,Breezy,Normal
2023-09-10,Multan,Multan,Pakistan,30.19,71.47,22.2,320.0,Breezy,Normal
2023-09-13,Multan,Multan,Pakistan,30.19,71.47,33.7,162.0,Breezy,Normal
2023-09-17,Multan,Multan,Pakistan,30.19,71.47,22.9,84.0,Breezy,Normal
2023-09-27,Multan,Multan,Pakistan,30.19,71.47,23.2,344.0,Breezy,Normal
2023-09-30,Multan,Multan,Pakistan,30.19,71.47,21.0,173.0,Breezy,Normal
2023-10-01,Multan,Multan,Pakistan,30.19,71.47,23.3,203.0,Breezy,Normal
2023-10-10,Multan,Multan,Pakistan,30.19,71.47,26.0,125.0,Breezy,Normal
2023-10-14,Multan,Multan,Pakistan,30.19,71.47,27.3,140.0,Breezy,Normal
2023-10-30,Multan,Multan,Pakistan,30.19,71.47,21.4,215.0,Breezy,Normal
2023-11-15,Multan,Multan,Pakistan,30.19,71.47,20.2,289.0,Breezy,Normal
2023-11-30,Multan,Multan,Pakistan,30.19,71.47,22.5,52.0,Breezy,Normal
2023-12-02,Multan,Multan,Pakistan,30.19,71.47,21.3,85.0,Breezy,Normal
2023-12-05,Multan,Multan,Pakistan,30.19,71.47,22.9,131.0,Breezy,Normal
2023-12-10,Multan,Multan,Pakistan,30.19,71.47,21.4,1.0,Breezy,Normal
2023-12-20,Multan,Multan,Pakistan,30.19,71.47,23.6,284.0,Breezy,Normal
2023-12-23,Multan,Multan,Pakistan,30.19,71.47,21.0,250.0,Breezy,Normal
2023-12-24,Multan,Multan,Pakistan,30.19,71.47,22.9,253.0,Breezy,Normal
2023-12-29,Multan,Multan,Pakistan,30.19,71.47,24.8,339.0,Breezy,Normal
2022-02-03,Faisalabad,Faisalabad,Pakistan,31.42,73.08,22.4,323.0,Breezy,Heatwave
2022-02-04,Faisalabad,Faisalabad,Pakistan,31.42,73.08,21.1,129.0,Breezy,Normal
2022-02-10,Faisalabad,Faisalabad,Pakistan,31.42,73.08,25.3,40.0,Breezy,Heatwave
2022-03-08,Faisalabad,Faisalabad,Pakistan,31.42,73.08,23.8,84.0,Breezy,Heatwave
2022-03-13,Faisalabad,Faisalabad,Pakistan,31.42,73.08,21.0,163.0,Breezy,Heatwave
2022-03-31,Faisalabad,Faisalabad,Pakistan,31.42,73.08,22.7,57.0,Breezy,Heatwave
2022-04-05,Faisalabad,Faisalabad,Pakistan,31.42,73.08,23.7,96.0,Breezy,Heatwave
2022-04-30,Faisalabad,Faisalabad,Pakistan,31.42,73.08,29.1,145.0,Breezy,Heatwave
2022-06-08,Faisalabad,Faisalabad,Pakistan,31.42,73.08,21.6,354.0,Breezy,Heatwave
2022-08-19,Faisalabad,Faisalabad,Pakistan,31.42,73.08,21.3,328.0,Breezy,Normal
2022-08-20,Faisalabad,Faisalabad,Pakistan,31.42,73.08,27.7,14.0,Breezy,Normal
2022-08-24,Faisalabad,Faisalabad,Pakistan,31.42,73.08,20.1,333.0,Breezy,Normal
2022-08-26,Faisalabad,Faisalabad,Pakistan,31.42,73.08,20.8,111.0,Breezy,Normal
2022-10-10,Faisalabad,Faisalabad,Pakistan,31.42,73.08,25.1,238.0,Breezy,Normal
2022-10-19,Faisalabad,Faisalabad,Pakistan,31.42,73.08,22.4,335.0,Breezy,Normal
2022-10-20,Faisalabad,Faisalabad,Pakistan,31.42,73.08,20.2,201.0,Breezy,Normal
2022-10-24,Faisalabad,Faisalabad,Pakistan,31.42,73.08,22.9,190.0,Breezy,Normal
2022-11-04,Faisalabad,Faisalabad,Pakistan,31.42,73.08,20.4,52.0,Breezy,Normal
2022-11-05,Faisalabad,Faisalabad,Pakistan,31.42,73.08,20.3,33.0,Breezy,Normal
2022-11-27,Faisalabad,Faisalabad,Pakistan,31.42,73.08,21.1,326.0,Breezy,Normal
2022-12-07,Faisalabad,Faisalabad,Pakistan,31.42,73.08,22.7,21.0,Breezy,Normal
2022-12-23,Faisalabad,Faisalabad,Pakistan,31.42,73.08,23.8,141.0,Breezy,Normal
2023-01-01,Faisalabad,Faisalabad,Pakistan,31.42,73.08,20.7,56.0,Breezy,Normal
2023-01-02,Faisalabad,Faisalabad,Pakistan,31.42,73.08,23.5,155.0,Breezy,Normal
2023-01-09,Faisalabad,Faisalabad,Pakistan,31.42,73.08,25.8,234.0,Breezy,Normal
2023-01-23,Faisalabad,Faisalabad,Pakistan,31.42,73.08,24.4,93.0,Breezy,Heatwave
2023-01-30,Faisalabad,Faisalabad,Pakistan,31.42,73.08,20.7,243.0,Breezy,Heatwave
2023-02-14,Faisalabad,Faisalabad,Pakistan,31.42,73.08,21.6,171.0,Breezy,Heatwave
2023-02-18,Faisalabad,Faisalabad,Pakistan,31.42,73.08,23.0,31.0,Breezy,Heatwave
2023-03-08,Faisalabad,Faisalabad,Pakistan,31.42,73.08,23.2,355.0,Breezy,Heatwave
2023-03-17,Faisalabad,Faisalabad,Pakistan,31.42,73.08,28.7,51.0,Breezy,Heatwave
2023-03-25,Faisalabad,Faisalabad,Pakistan,31.42,73.08,23.0,219.0,Breezy,Heatwave
2023-03-29,Faisalabad,Faisalabad,Pakistan,31.42,73.08,24.4,160.0,Breezy,Heatwave
2023-04-15,Faisalabad,Faisalabad,Pakistan,31.42,73.08,21.1,258.0,Breezy,Heatwave
2023-04-30,Faisalabad,Faisalabad,Pakistan,31.42,73.08,21.2,92.0,Breezy,Heatwave
2023-05-01,Faisalabad,Faisalabad,Pakistan,31.42,73.08,22.8,104.0,Breezy,Heatwave
2023-05-06,Faisalabad,Faisalabad,Pakistan,31.42,73.08,22.7,191.0,Breezy,Heatwave
2023-05-21,Faisalabad,Faisalabad,Pakistan,31.42,73.08,20.7,33.0,Breezy,Heatwave
2023-05-29,Faisalabad,Faisalabad,Pakistan,31.42,73.08,27.3,279.0,Breezy,Heatwave
2023-06-10,Faisalabad,Faisalabad,Pakistan,31.42,73.08,21.7,187.0,Breezy,Heatwave
2023-06-11,Faisalabad,Faisalabad,Pakistan,31.42,73.08,23.4,224.0,Breezy,Heatwave
2023-07-07,Faisalabad,Faisalabad,Pakistan,31.42,73.08,22.1,110.0,Breezy,Normal
2023-07-10,Faisalabad,Faisalabad,Pakistan,31.42,73.08,21.8,110.0,Breezy,Heatwave
2023-08-03,Faisalabad,Faisalabad,Pakistan,31.42,73.08,21.8,347.0,Breezy,Normal
2023-08-21,Faisalabad,Faisalabad,Pakistan,31.42,73.08,21.3,49.0,Breezy,Normal
2023-08-28,Faisalabad,Faisalabad,Pakistan,31.42,73.08,25.5,205.0,Breezy,Normal
2023-09-15,Faisalabad,Faisalabad,Pakistan,31.42,73.08,23.9,55.0,Breezy,Normal
2023-09-28,Faisalabad,Faisalabad,Pakistan,31.42,73.08,20.7,200.0,Breezy,Normal
2023-11-12,Faisalabad,Faisalabad,Pakistan,31.42,73.08,21.1,296.0,Breezy,Normal
2023-11-15,Faisalabad,Faisalabad,Pakistan,31.42,73.08,20.2,355.0,Breezy,Normal
2023-12-07,Faisalabad,Faisalabad,Pakistan,31.42,73.08,21.9,235.0,Breezy,Normal
2023-12-19,Faisalabad,Faisalabad,Pakistan,31.42,73.08,22.3,220.0,Breezy,Normal
2022-01-01,Hyderabad,Hyderabad,Pakistan,25.37,68.37,31.7,79.0,Breezy,Normal
2022-01-02,Hyderabad,Hyderabad,Pakistan,25.37,68.37,20.7,200.0,Breezy,Normal
2022-01-03,Hyderabad,Hyderabad,Pakistan,25.37,68.37,25.6,121.0,Breezy,Normal
2022-01-05,Hyderabad,Hyderabad,Pakistan,25.37,68.37,33.3,305.0,Breezy,Normal
2022-01-06,Hyderabad,Hyderabad,Pakistan,25.37,68.37,40.4,151.0,Windy,Normal
2022-01-08,Hyderabad,Hyderabad,Pakistan,25.37,68.37,35.4,28.0,Breezy,Normal
2022-01-10,Hyderabad,Hyderabad,Pakistan,25.37,68.37,34.4,166.0,Breezy,Normal
2022-01-15,Hyderabad,Hyderabad,Pakistan,25.37,68.37,22.7,194.0,Breezy,Normal
2022-01-17,Hyderabad,Hyderabad,Pakistan,25.37,68.37,26.3,349.0,Breezy,Heatwave
2022-01-18,Hyderabad,Hyderabad,Pakistan,25.37,68.37,24.7,52.0,Breezy,Heatwave
2022-01-19,Hyderabad,Hyderabad,Pakistan,25.37,68.37,22.3,250.0,Breezy,Normal
2022-01-21,Hyderabad,Hyderabad,Pakistan,25.37,68.37,23.6,125.0,Breezy,Normal
2022-01-23,Hyderabad,Hyderabad,Pakistan,25.37,68.37,25.8,97.0,Breezy,Heatwave
2022-01-24,Hyderabad,Hyderabad,Pakistan,25.37,68.37,45.4,222.0,Windy,Heatwave
2022-01-26,Hyderabad,Hyderabad,Pakistan,25.37,68.37,26.7,17.0,Breezy,Heatwave
2022-01-28,Hyderabad,Hyderabad,Pakistan,25.37,68.37,28.4,211.0,Breezy,Normal
2022-01-30,Hyderabad,Hyderabad,Pakistan,25.37,68.37,34.0,203.0,Breezy,Heatwave
2022-02-04,Hyderabad,Hyderabad,Pakistan,25.37,68.37,32.2,86.0,Breezy,Heatwave
2022-02-05,Hyderabad,Hyderabad,Pakistan,25.37,68.37,40.9,260.0,Windy,Normal
2022-02-07,Hyderabad,Hyderabad,Pakistan,25.37,68.37,39.4,317.0,Breezy,Heatwave
2022-02-09,Hyderabad,Hyderabad,Pakistan,25.37,68.37,37.5,118.0,Breezy,Heatwave
2022-02-14,Hyderabad,Hyderabad,Pakistan,25.37,68.37,20.9,150.0,Breezy,Heatwave
2022-02-16,Hyderabad,Hyderabad,Pakistan,25.37,68.37,39.1,88.0,Breezy,Heatwave
2022-02-17,Hyderabad,Hyderabad,Pakistan,25.37,68.37,43.7,283.0,Windy,Heatwave
2022-02-20,Hyderabad,Hyderabad,Pakistan,25.37,68.37,22.0,23.0,Breezy,Heatwave
2022-02-23,Hyderabad,Hyderabad,Pakistan,25.37,68.37,31.2,11.0,Breezy,Heatwave
2022-02-24,Hyderabad,Hyderabad,Pakistan,25.37,68.37,27.1,200.0,Breezy,Heatwave
2022-02-27,Hyderabad,Hyderabad,Pakistan,25.37,68.37,20.3,325.0,Breezy,Heatwave
2022-02-28,Hyderabad,Hyderabad,Pakistan,25.37,68.37,32.6,310.0,Breezy,Heatwave
2022-03-01,Hyderabad,Hyderabad,Pakistan,25.37,68.37,49.0,44.0,Windy,Heatwave
2022-03-02,Hyderabad,Hyderabad,Pakistan,25.37,68.37,40.7,147.0,Windy,Heatwave
2022-03-05,Hyderabad,Hyderabad,Pakistan,25.37,68.37,29.4,358.0,Breezy,Heatwave
2022-03-06,Hyderabad,Hyderabad,Pakistan,25.37,68.37,28.6,293.0,Breezy,Heatwave
2022-03-07,Hyderabad,Hyderabad,Pakistan,25.37,68.37,22.0,197.0,Breezy,Heatwave
2022-03-08,Hyderabad,Hyderabad,Pakistan,25.37,68.37,33.4,314.0,Breezy,Heatwave
2022-03-09,Hyderabad,Hyderabad,Pakistan,25.37,68.37,42.1,27.0,Windy,Heatwave
2022-03-10,Hyderabad,Hyderabad,Pakistan,25.37,68.37,24.8,39.0,Breezy,Heatwave
2022-03-11,Hyderabad,Hyderabad,Pakistan,25.37,68.37,35.8,115.0,Breezy,Heatwave
2022-03-12,Hyderabad,Hyderabad,Pakistan,25.37,68.37,31.3,140.0,Breezy,Heatwave
2022-03-13,Hyderabad,Hyderabad,Pakistan,25.37,68.37,36.8,343.0,Breezy,Heatwave
2022-03-16,Hyderabad,Hyderabad,Pakistan,25.37,68.37,32.2,135.0,Breezy,Heatwave
2022-03-18,Hyderabad,Hyderabad,Pakistan,25.37,68.37,26.8,317.0,Breezy,Heatwave
2022-03-19,Hyderabad,Hyderabad,Pakistan,25.37,68.37,29.8,264.0,Breezy,Heatwave
2022-03-21,Hyderabad,Hyderabad,Pakistan,25.37,68.37,29.9,145.0,Breezy,Heatwave
2022-03-22,Hyderabad,Hyderabad,Pakistan,25.37,68.37,20.2,179.0,Breezy,Heatwave
2022-03-23,Hyderabad,Hyderabad,Pakistan,25.37,68.37,41.1,236.0,Windy,Heatwave
2022-03-25,Hyderabad,Hyderabad,Pakistan,25.37,68.37,35.2,305.0,Breezy,Heatwave
2022-03-27,Hyderabad,Hyderabad,Pakistan,25.37,68.37,40.5,34.0,Windy,Heatwave
2022-03-28,Hyderabad,Hyderabad,Pakistan,25.37,68.37,31.9,221.0,Breezy,Heatwave
2022-03-30,Hyderabad,Hyderabad,Pakistan,25.37,68.37,37.9,2.0,Breezy,Heatwave
2022-03-31,Hyderabad,Hyderabad,Pakistan,25.37,68.37,36.3,82.0,Breezy,Heatwave
2022-04-01,Hyderabad,Hyderabad,Pakistan,25.37,68.37,35.4,54.0,Breezy,Heatwave
2022-04-03,Hyderabad,Hyderabad,Pakistan,25.37,68.37,22.9,234.0,Breezy,Heatwave
2022-04-04,Hyderabad,Hyderabad,Pakistan,25.37,68.37,30.4,77.0,Breezy,Heatwave
2022-04-06,Hyderabad,Hyderabad,Pakistan,25.37,68.37,32.3,52.0,Breezy,Heatwave
2022-04-07,Hyderabad,Hyderabad,Pakistan,25.37,68.37,38.0,55.0,Breezy,Heatwave
2022-04-09,Hyderabad,Hyderabad,Pakistan,25.37,68.37,49.1,322.0,Windy,Heatwave
2022-04-11,Hyderabad,Hyderabad,Pakistan,25.37,68.37,59.7,357.0,Windy,Heatwave
2022-04-12,Hyderabad,Hyderabad,Pakistan,25.37,68.37,35.6,150.0,Breezy,Heatwave
2022-04-14,Hyderabad,Hyderabad,Pakistan,25.37,68.37,32.7,139.0,Breezy,Heatwave
2022-04-16,Hyderabad,Hyderabad,Pakistan,25.37,68.37,25.0,306.0,Breezy,Heatwave
2022-04-18,Hyderabad,Hyderabad,Pakistan,25.37,68.37,34.7,5.0,Breezy,Heatwave
2022-04-21,Hyderabad,Hyderabad,Pakistan,25.37,68.37,31.5,80.0,Breezy,Heatwave
2022-04-23,Hyderabad,Hyderabad,Pakistan,25.37,68.37,34.3,330.0,Breezy,Heatwave
2022-04-25,Hyderabad,Hyderabad,Pakistan,25.37,68.37,53.3,180.0,Windy,Heatwave
2022-04-26,Hyderabad,Hyderabad,Pakistan,25.37,68.37,28.2,91.0,Breezy,Heatwave
2022-04-29,Hyderabad,Hyderabad,Pakistan,25.37,68.37,28.7,237.0,Breezy,Heatwave
2022-05-01,Hyderabad,Hyderabad,Pakistan,25.37,68.37,24.9,72.0,Breezy,Heatwave
2022-05-02,Hyderabad,Hyderabad,Pakistan,25.37,68.37,27.5,12.0,Breezy,Heatwave
2022-05-03,Hyderabad,Hyderabad,Pakistan,25.37,68.37,24.8,15.0,Breezy,Heatwave
2022-05-05,Hyderabad,Hyderabad,Pakistan,25.37,68.37,32.7,281.0,Breezy,Heatwave
2022-05-08,Hyderabad,Hyderabad,Pakistan,25.37,68.37,25.3,120.0,Breezy,Heatwave
2022-05-09,Hyderabad,Hyderabad,Pakistan,25.37,68.37,38.2,185.0,Breezy,Heatwave
2022-05-10,Hyderabad,Hyderabad,Pakistan,25.37,68.37,48.0,179.0,Windy,Heatwave
2022-05-11,Hyderabad,Hyderabad,Pakistan,25.37,68.37,30.9,111.0,Breezy,Heatwave
2022-05-12,Hyderabad,Hyderabad,Pakistan,25.37,68.37,31.9,305.0,Breezy,Heatwave
2022-05-13,Hyderabad,Hyderabad,Pakistan,25.37,68.37,33.7,267.0,Breezy,Heatwave
2022-05-14,Hyderabad,Hyderabad,Pakistan,25.37,68.37,23.8,21.0,Breezy,Heatwave
2022-05-15,Hyderabad,Hyderabad,Pakistan,25.37,68.37,30.8,43.0,Breezy,Heatwave
2022-05-19,Hyderabad,Hyderabad,Pakistan,25.37,68.37,56.0,252.0,Windy,Heatwave
2022-05-20,Hyderabad,Hyderabad,Pakistan,25.37,68.37,34.0,88.0,Breezy,Heatwave
2022-05-23,Hyderabad,Hyderabad,Pakistan,25.37,68.37,38.9,329.0,Breezy,Heatwave
2022-05-27,Hyderabad,Hyderabad,Pakistan,25.37,68.37,30.0,163.0,Breezy,Heatwave
2022-05-30,Hyderabad,Hyderabad,Pakistan,25.37,68.37,20.2,129.0,Breezy,Heatwave
2022-05-31,Hyderabad,Hyderabad,Pakistan,25.37,68.37,36.7,91.0,Breezy,Heatwave
2022-06-02,Hyderabad,Hyderabad,Pakistan,25.37,68.37,29.2,265.0,Breezy,Heatwave
2022-06-03,Hyderabad,Hyderabad,Pakistan,25.37,68.37,41.9,315.0,Windy,Heatwave
2022-06-06,Hyderabad,Hyderabad,Pakistan,25.37,68.37,20.7,90.0,Breezy,Heatwave
2022-06-07,Hyderabad,Hyderabad,Pakistan,25.37,68.37,22.3,145.0,Breezy,Heatwave
2022-06-08,Hyderabad,Hyderabad,Pakistan,25.37,68.37,25.5,28.0,Breezy,Heatwave
2022-06-11,Hyderabad,Hyderabad,Pakistan,25.37,68.37,23.9,182.0,Breezy,Heatwave
2022-06-13,Hyderabad,Hyderabad,Pakistan,25.37,68.37,22.5,298.0,Breezy,Heatwave
2022-06-14,Hyderabad,Hyderabad,Pakistan,25.37,68.37,32.9,314.0,Breezy,Heatwave
2022-06-15,Hyderabad,Hyderabad,Pakistan,25.37,68.37,40.2,143.0,Windy,Heatwave
2022-06-16,Hyderabad,Hyderabad,Pakistan,25.37,68.37,35.6,123.0,Breezy,Heatwave
2022-06-17,Hyderabad,Hyderabad,Pakistan,25.37,68.37,26.4,125.0,Breezy,Heatwave
2022-06-18,Hyderabad,Hyderabad,Pakistan,25.37,68.37,34.2,316.0,Breezy,Heatwave
2022-06-20,Hyderabad,Hyderabad,Pakistan,25.37,68.37,51.7,355.0,Windy,Heatwave
2022-06-21,Hyderabad,Hyderabad,Pakistan,25.37,68.37,36.1,126.0,Breezy,Heatwave
2022-06-22,Hyderabad,Hyderabad,Pakistan,25.37,68.37,21.6,42.0,Breezy,Heatwave
2022-06-24,Hyderabad,Hyderabad,Pakistan,25.37,68.37,27.3,339.0,Breezy,Heatwave
2022-06-26,Hyderabad,Hyderabad,Pakistan,25.37,68.37,29.8,220.0,Breezy,Heatwave
2022-06-27,Hyderabad,Hyderabad,Pakistan,25.37,68.37,34.7,243.0,Breezy,Heatwave
2022-06-28,Hyderabad,Hyderabad,Pakistan,25.37,68.37,34.7,227.0,Breezy,Heatwave
2022-07-02,Hyderabad,Hyderabad,Pakistan,25.37,68.37,27.6,329.0,Breezy,Heatwave
2022-07-03,Hyderabad,Hyderabad,Pakistan,25.37,68.37,26.3,169.0,Breezy,Normal
2022-07-04,Hyderabad,Hyderabad,Pakistan,25.37,68.37,23.0,210.0,Breezy,Normal
2022-07-05,Hyderabad,Hyderabad,Pakistan,25.37,68.37,34.8,172.0,Breezy,Heatwave
2022-07-06,Hyderabad,Hyderabad,Pakistan,25.37,68.37,35.2,198.0,Breezy,Normal
2022-07-09,Hyderabad,Hyderabad,Pakistan,25.37,68.37,21.4,310.0,Breezy,Heatwave
2022-07-10,Hyderabad,Hyderabad,Pakistan,25.37,68.37,35.1,189.0,Breezy,Normal
2022-07-15,Hyderabad,Hyderabad,Pakistan,25.37,68.37,42.1,54.0,Windy,Normal
2022-07-16,Hyderabad,Hyderabad,Pakistan,25.37,68.37,31.8,233.0,Breezy,Normal
2022-07-17,Hyderabad,Hyderabad,Pakistan,25.37,68.37,37.8,250.0,Breezy,Heatwave
2022-07-18,Hyderabad,Hyderabad,Pakistan,25.37,68.37,31.6,148.0,Breezy,Normal
2022-07-19,Hyderabad,Hyderabad,Pakistan,25.37,68.37,30.7,52.0,Breezy,Normal
2022-07-20,Hyderabad,Hyderabad,Pakistan,25.37,68.37,43.7,244.0,Windy,Normal
2022-07-21,Hyderabad,Hyderabad,Pakistan,25.37,68.37,45.6,276.0,Windy,Normal
2022-07-22,Hyderabad,Hyderabad,Pakistan,25.37,68.37,25.3,217.0,Breezy,Normal
2022-07-27,Hyderabad,Hyderabad,Pakistan,25.37,68.37,37.6,96.0,Breezy,Normal
2022-07-28,Hyderabad,Hyderabad,Pakistan,25.37,68.37,20.4,86.0,Breezy,Normal
2022-07-29,Hyderabad,Hyderabad,Pakistan,25.37,68.37,29.0,320.0,Breezy,Normal
2022-07-31,Hyderabad,Hyderabad,Pakistan,25.37,68.37,30.5,92.0,Breezy,Normal
2022-08-01,Hyderabad,Hyderabad,Pakistan,25.37,68.37,36.7,38.0,Breezy,Normal
2022-08-05,Hyderabad,Hyderabad,Pakistan,25.37,68.37,28.0,173.0,Breezy,Normal
2022-08-12,Hyderabad,Hyderabad,Pakistan,25.37,68.37,30.0,140.0,Breezy,Normal
2022-08-13,Hyderabad,Hyderabad,Pakistan,25.37,68.37,30.3,79.0,Breezy,Normal
2022-08-14,Hyderabad,Hyderabad,Pakistan,25.37,68.37,28.7,298.0,Breezy,Normal
2022-08-15,Hyderabad,Hyderabad,Pakistan,25.37,68.37,44.2,183.0,Windy,Normal
2022-08-16,Hyderabad,Hyderabad,Pakistan,25.37,68.37,27.7,189.0,Breezy,Normal
2022-08-17,Hyderabad,Hyderabad,Pakistan,25.37,68.37,24.7,251.0,Breezy,Normal
2022-08-19,Hyderabad,Hyderabad,Pakistan,25.37,68.37,20.1,183.0,Breezy,Normal
2022-08-20,Hyderabad,Hyderabad,Pakistan,25.37,68.37,25.1,88.0,Breezy,Normal
2022-08-22,Hyderabad,Hyderabad,Pakistan,25.37,68.37,34.7,305.0,Breezy,Normal
2022-08-23,Hyderabad,Hyderabad,Pakistan,25.37,68.37,30.5,49.0,Breezy,Normal
2022-08-25,Hyderabad,Hyderabad,Pakistan,25.37,68.37,39.0,308.0,Breezy,Normal
2022-08-29,Hyderabad,Hyderabad,Pakistan,25.37,68.37,35.6,308.0,Breezy,Normal
2022-08-30,Hyderabad,Hyderabad,Pakistan,25.37,68.37,28.7,161.0,Breezy,Normal
2022-08-31,Hyderabad,Hyderabad,Pakistan,25.37,68.37,48.7,80.0,Windy,Normal
2022-09-01,Hyderabad,Hyderabad,Pakistan,25.37,68.37,23.6,151.0,Breezy,Normal
2022-09-02,Hyderabad,Hyderabad,Pakistan,25.37,68.37,22.8,212.0,Breezy,Normal
2022-09-08,Hyderabad,Hyderabad,Pakistan,25.37,68.37,27.7,136.0,Breezy,Normal
2022-09-09,Hyderabad,Hyderabad,Pakistan,25.37,68.37,27.5,96.0,Breezy,Normal
2022-09-10,Hyderabad,Hyderabad,Pakistan,25.37,68.37,40.7,315.0,Windy,Normal
2022-09-11,Hyderabad,Hyderabad,Pakistan,25.37,68.37,20.6,94.0,Breezy,Normal
2022-09-13,Hyderabad,Hyderabad,Pakistan,25.37,68.37,36.1,218.0,Breezy,Normal
2022-09-14,Hyderabad,Hyderabad,Pakistan,25.37,68.37,20.3,152.0,Breezy,Normal
2022-09-15,Hyderabad,Hyderabad,Pakistan,25.37,68.37,44.1,330.0,Windy,Normal
2022-09-18,Hyderabad,Hyderabad,Pakistan,25.37,68.37,45.9,111.0,Windy,Normal
2022-09-21,Hyderabad,Hyderabad,Pakistan,25.37,68.37,43.3,202.0,Windy,Normal
2022-09-22,Hyderabad,Hyderabad,Pakistan,25.37,68.37,60.9,89.0,Strong,Storm
2022-09-26,Hyderabad,Hyderabad,Pakistan,25.37,68.37,21.7,53.0,Breezy,Normal
2022-09-28,Hyderabad,Hyderabad,Pakistan,25.37,68.37,31.3,168.0,Breezy,Normal
2022-09-29,Hyderabad,Hyderabad,Pakistan,25.37,68.37,31.1,257.0,Breezy,Normal
2022-10-03,Hyderabad,Hyderabad,Pakistan,25.37,68.37,42.9,113.0,Windy,Normal
2022-10-05,Hyderabad,Hyderabad,Pakistan,25.37,68.37,28.6,39.0,Breezy,Normal
2022-10-06,Hyderabad,Hyderabad,Pakistan,25.37,68.37,37.4,231.0,Breezy,Normal
2022-10-11,Hyderabad,Hyderabad,Pakistan,25.37,68.37,27.6,305.0,Breezy,Normal
2022-10-12,Hyderabad,Hyderabad,Pakistan,25.37,68.37,32.8,123.0,Breezy,Normal
2022-10-14,Hyderabad,Hyderabad,Pakistan,25.37,68.37,33.3,218.0,Breezy,Normal
2022-10-16,Hyderabad,Hyderabad,Pakistan,25.37,68.37,42.9,21.0,Windy,Normal
2022-10-17,Hyderabad,Hyderabad,Pakistan,25.37,68.37,21.3,247.0,Breezy,Normal
2022-10-19,Hyderabad,Hyderabad,Pakistan,25.37,68.37,32.8,116.0,Breezy,Normal
2022-10-21,Hyderabad,Hyderabad,Pakistan,25.37,68.37,31.1,351.0,Breezy,Normal
2022-10-22,Hyderabad,Hyderabad,Pakistan,25.37,68.37,31.5,59.0,Breezy,Normal
2022-10-24,Hyderabad,Hyderabad,Pakistan,25.37,68.37,30.9,117.0,Breezy,Normal
2022-10-25,Hyderabad,Hyderabad,Pakistan,25.37,68.37,35.8,59.0,Breezy,Normal
2022-10-27,Hyderabad,Hyderabad,Pakistan,25.37,68.37,31.4,288.0,Breezy,Normal
2022-10-28,Hyderabad,Hyderabad,Pakistan,25.37,68.37,28.6,27.0,Breezy,Normal
2022-10-29,Hyderabad,Hyderabad,Pakistan,25.37,68.37,31.0,69.0,Breezy,Normal
2022-10-31,Hyderabad,Hyderabad,Pakistan,25.37,68.37,52.4,296.0,Windy,Normal
2022-11-02,Hyderabad,Hyderabad,Pakistan,25.37,68.37,41.8,289.0,Windy,Normal
2022-11-03,Hyderabad,Hyderabad,Pakistan,25.37,68.37,26.5,105.0,Breezy,Normal
2022-11-05,Hyderabad,Hyderabad,Pakistan,25.37,68.37,29.5,181.0,Breezy,Normal
2022-11-06,Hyderabad,Hyderabad,Pakistan,25.37,68.37,31.2,267.0,Breezy,Normal
2022-11-07,Hyderabad,Hyderabad,Pakistan,25.37,68.37,29.4,200.0,Breezy,Normal
2022-11-09,Hyderabad,Hyderabad,Pakistan,25.37,68.37,66.9,282.0,Strong,Storm
2022-11-13,Hyderabad,Hyderabad,Pakistan,25.37,68.37,22.7,49.0,Breezy,Normal
2022-11-14,Hyderabad,Hyderabad,Pakistan,25.37,68.37,26.1,133.0,Breezy,Normal
2022-11-15,Hyderabad,Hyderabad,Pakistan,25.37,68.37,39.3,332.0,Breezy,Normal
2022-11-17,Hyderabad,Hyderabad,Pakistan,25.37,68.37,29.6,274.0,Breezy,Normal
2022-11-18,Hyderabad,Hyderabad,Pakistan,25.37,68.37,38.0,322.0,Breezy,Normal
2022-11-19,Hyderabad,Hyderabad,Pakistan,25.37,68.37,28.6,53.0,Breezy,Normal
2022-11-20,Hyderabad,Hyderabad,Pakistan,25.37,68.37,24.7,51.0,Breezy,Normal
2022-11-21,Hyderabad,Hyderabad,Pakistan,25.37,68.37,26.0,54.0,Breezy,Normal
2022-11-24,Hyderabad,Hyderabad,Pakistan,25.37,68.37,28.3,274.0,Breezy,Normal
2022-11-26,Hyderabad,Hyderabad,Pakistan,25.37,68.37,24.5,192.0,Breezy,Normal
2022-11-27,Hyderabad,Hyderabad,Pakistan,25.37,68.37,37.0,257.0,Breezy,Normal
2022-11-29,Hyderabad,Hyderabad,Pakistan,25.37,68.37,36.3,56.0,Breezy,Normal
2022-11-30,Hyderabad,Hyderabad,Pakistan,25.37,68.37,20.2,60.0,Breezy,Normal
2022-12-01,Hyderabad,Hyderabad,Pakistan,25.37,68.37,24.2,335.0,Breezy,Normal
2022-12-02,Hyderabad,Hyderabad,Pakistan,25.37,68.37,22.6,260.0,Breezy,Normal
2022-12-03,Hyderabad,Hyderabad,Pakistan,25.37,68.37,32.9,203.0,Breezy,Normal
2022-12-04,Hyderabad,Hyderabad,Pakistan,25.37,68.37,32.8,131.0,Breezy,Normal
2022-12-16,Hyderabad,Hyderabad,Pakistan,25.37,68.37,22.5,233.0,Breezy,Normal
2022-12-17,Hyderabad,Hyderabad,Pakistan,25.37,68.37,37.1,78.0,Breezy,Normal
2022-12-18,Hyderabad,Hyderabad,Pakistan,25.37,68.37,20.2,91.0,Breezy,Normal
2022-12-19,Hyderabad,Hyderabad,Pakistan,25.37,68.37,25.2,244.0,Breezy,Normal
2022-12-21,Hyderabad,Hyderabad,Pakistan,25.37,68.37,20.9,155.0,Breezy,Normal
2022-12-22,Hyderabad,Hyderabad,Pakistan,25.37,68.37,25.4,227.0,Breezy,Normal
2022-12-23,Hyderabad,Hyderabad,Pakistan,25.37,68.37,21.0,271.0,Breezy,Normal
2022-12-24,Hyderabad,Hyderabad,Pakistan,25.37,68.37,20.3,139.0,Breezy,Normal
2022-12-25,Hyderabad,Hyderabad,Pakistan,25.37,68.37,42.2,2.0,Windy,Normal
2022-12-28,Hyderabad,Hyderabad,Pakistan,25.37,68.37,28.9,205.0,Breezy,Normal
2022-12-30,Hyderabad,Hyderabad,Pakistan,25.37,68.37,35.0,298.0,Breezy,Normal
2023-01-02,Hyderabad,Hyderabad,Pakistan,25.37,68.37,27.3,31.0,Breezy,Normal
2023-01-04,Hyderabad,Hyderabad,Pakistan,25.37,68.37,20.8,138.0,Breezy,Normal
2023-01-05,Hyderabad,Hyderabad,Pakistan,25.37,68.37,25.7,321.0,Breezy,Normal
2023-01-07,Hyderabad,Hyderabad,Pakistan,25.37,68.37,29.2,359.0,Breezy,Normal
2023-01-08,Hyderabad,Hyderabad,Pakistan,25.37,68.37,24.4,120.0,Breezy,Normal
2023-01-09,Hyderabad,Hyderabad,Pakistan,25.37,68.37,26.6,156.0,Breezy,Normal
2023-01-12,Hyderabad,Hyderabad,Pakistan,25.37,68.37,42.1,330.0,Windy,Normal
2023-01-13,Hyderabad,Hyderabad,Pakistan,25.37,68.37,22.7,345.0,Breezy,Normal
2023-01-15,Hyderabad,Hyderabad,Pakistan,25.37,68.37,45.0,51.0,Windy,Heatwave
2023-01-17,Hyderabad,Hyderabad,Pakistan,25.37,68.37,26.3,11.0,Breezy,Normal
2023-01-19,Hyderabad,Hyderabad,Pakistan,25.37,68.37,24.2,145.0,Breezy,Heatwave
2023-01-20,Hyderabad,Hyderabad,Pakistan,25.37,68.37,35.1,209.0,Breezy,Normal
2023-01-22,Hyderabad,Hyderabad,Pakistan,25.37,68.37,37.3,162.0,Breezy,Heatwave
2023-01-23,Hyderabad,Hyderabad,Pakistan,25.37,68.37,32.5,34.0,Breezy,Heatwave
2023-01-24,Hyderabad,Hyderabad,Pakistan,25.37,68.37,49.0,155.0,Windy,Heatwave
2023-01-27,Hyderabad,Hyderabad,Pakistan,25.37,68.37,44.4,343.0,Windy,Normal
2023-01-28,Hyderabad,Hyderabad,Pakistan,25.37,68.37,36.3,136.0,Breezy,Heatwave
2023-01-29,Hyderabad,Hyderabad,Pakistan,25.37,68.37,27.4,324.0,Breezy,Normal
2023-01-31,Hyderabad,Hyderabad,Pakistan,25.37,68.37,20.4,310.0,Breezy,Heatwave
2023-02-01,Hyderabad,Hyderabad,Pakistan,25.37,68.37,36.1,158.0,Breezy,Heatwave
2023-02-03,Hyderabad,Hyderabad,Pakistan,25.37,68.37,29.1,25.0,Breezy,Heatwave
2023-02-05,Hyderabad,Hyderabad,Pakistan,25.37,68.37,40.5,263.0,Windy,Heatwave
2023-02-06,Hyderabad,Hyderabad,Pakistan,25.37,68.37,44.5,324.0,Windy,Heatwave
2023-02-07,Hyderabad,Hyderabad,Pakistan,25.37,68.37,32.5,195.0,Breezy,Heatwave
2023-02-10,Hyderabad,Hyderabad,Pakistan,25.37,68.37,41.7,142.0,Windy,Heatwave
2023-02-11,Hyderabad,Hyderabad,Pakistan,25.37,68.37,31.8,301.0,Breezy,Heatwave
2023-02-12,Hyderabad,Hyderabad,Pakistan,25.37,68.37,35.3,276.0,Breezy,Heatwave
2023-02-13,Hyderabad,Hyderabad,Pakistan,25.37,68.37,43.7,144.0,Windy,Heatwave
2023-02-14,Hyderabad,Hyderabad,Pakistan,25.37,68.37,31.1,259.0,Breezy,Heatwave
2023-02-15,Hyderabad,Hyderabad,Pakistan,25.37,68.37,28.2,334.0,Breezy,Heatwave
2023-02-16,Hyderabad,Hyderabad,Pakistan,25.37,68.37,34.7,336.0,Breezy,Heatwave
2023-02-17,Hyderabad,Hyderabad,Pakistan,25.37,68.37,35.3,158.0,Breezy,Heatwave
2023-02-19,Hyderabad,Hyderabad,Pakistan,25.37,68.37,20.4,119.0,Breezy,Heatwave
2023-02-20,Hyderabad,Hyderabad,Pakistan,25.37,68.37,36.0,109.0,Breezy,Heatwave
2023-02-21,Hyderabad,Hyderabad,Pakistan,25.37,68.37,42.3,218.0,Windy,Heatwave
2023-02-22,Hyderabad,Hyderabad,Pakistan,25.37,68.37,31.6,338.0,Breezy,Heatwave
2023-02-23,Hyderabad,Hyderabad,Pakistan,25.37,68.37,32.9,195.0,Breezy,Heatwave
2023-02-25,Hyderabad,Hyderabad,Pakistan,25.37,68.37,41.3,201.0,Windy,Heatwave
2023-02-26,Hyderabad,Hyderabad,Pakistan,25.37,68.37,28.7,214.0,Breezy,Heatwave
2023-02-27,Hyderabad,Hyderabad,Pakistan,25.37,68.37,22.5,246.0,Breezy,Heatwave
2023-02-28,Hyderabad,Hyderabad,Pakistan,25.37,68.37,21.2,336.0,Breezy,Heatwave
2023-03-02,Hyderabad,Hyderabad,Pakistan,25.37,68.37,43.5,19.0,Windy,Heatwave
2023-03-05,Hyderabad,Hyderabad,Pakistan,25.37,68.37,20.5,311.0,Breezy,Heatwave
2023-03-06,Hyderabad,Hyderabad,Pakistan,25.37,68.37,24.6,123.0,Breezy,Heatwave
2023-03-07,Hyderabad,Hyderabad,Pakistan,25.37,68.37,27.3,281.0,Breezy,Heatwave
2023-03-08,Hyderabad,Hyderabad,Pakistan,25.37,68.37,26.5,298.0,Breezy,Heatwave
2023-03-09,Hyderabad,Hyderabad,Pakistan,25.37,68.37,27.3,119.0,Breezy,Heatwave
2023-03-10,Hyderabad,Hyderabad,Pakistan,25.37,68.37,48.2,319.0,Windy,Heatwave
2023-03-11,Hyderabad,Hyderabad,Pakistan,25.37,68.37,21.4,171.0,Breezy,Heatwave
2023-03-12,Hyderabad,Hyderabad,Pakistan,25.37,68.37,20.9,211.0,Breezy,Heatwave
2023-03-13,Hyderabad,Hyderabad,Pakistan,25.37,68.37,30.6,231.0,Breezy,Heatwave
2023-03-14,Hyderabad,Hyderabad,Pakistan,25.37,68.37,26.0,215.0,Breezy,Heatwave
2023-03-17,Hyderabad,Hyderabad,Pakistan,25.37,68.37,21.3,333.0,Breezy,Heatwave
2023-03-20,Hyderabad,Hyderabad,Pakistan,25.37,68.37,21.2,48.0,Breezy,Heatwave
2023-03-21,Hyderabad,Hyderabad,Pakistan,25.37,68.37,50.1,195.0,Windy,Heatwave
2023-03-22,Hyderabad,Hyderabad,Pakistan,25.37,68.37,25.0,11.0,Breezy,Heatwave
2023-03-24,Hyderabad,Hyderabad,Pakistan,25.37,68.37,25.2,350.0,Breezy,Heatwave
2023-03-26,Hyderabad,Hyderabad,Pakistan,25.37,68.37,28.1,186.0,Breezy,Heatwave
2023-03-30,Hyderabad,Hyderabad,Pakistan,25.37,68.37,27.0,28.0,Breezy,Heatwave
2023-04-01,Hyderabad,Hyderabad,Pakistan,25.37,68.37,29.7,245.0,Breezy,Heatwave
2023-04-02,Hyderabad,Hyderabad,Pakistan,25.37,68.37,25.7,187.0,Breezy,Heatwave
2023-04-03,Hyderabad,Hyderabad,Pakistan,25.37,68.37,27.6,252.0,Breezy,Heatwave
2023-04-04,Hyderabad,Hyderabad,Pakistan,25.37,68.37,20.8,127.0,Breezy,Heatwave
2023-04-08,Hyderabad,Hyderabad,Pakistan,25.37,68.37,24.5,202.0,Breezy,Heatwave
2023-04-09,Hyderabad,Hyderabad,Pakistan,25.37,68.37,27.6,66.0,Breezy,Heatwave
2023-04-10,Hyderabad,Hyderabad,Pakistan,25.37,68.37,24.5,291.0,Breezy,Heatwave
2023-04-11,Hyderabad,Hyderabad,Pakistan,25.37,68.37,29.9,30.0,Breezy,Heatwave
2023-04-13,Hyderabad,Hyderabad,Pakistan,25.37,68.37,21.2,68.0,Breezy,Heatwave
2023-04-14,Hyderabad,Hyderabad,Pakistan,25.37,68.37,30.6,257.0,Breezy,Heatwave
2023-04-15,Hyderabad,Hyderabad,Pakistan,25.37,68.37,29.5,145.0,Breezy,Heatwave
2023-04-16,Hyderabad,Hyderabad,Pakistan,25.37,68.37,33.4,313.0,Breezy,Heatwave
2023-04-17,Hyderabad,Hyderabad,Pakistan,25.37,68.37,31.4,134.0,Breezy,Heatwave
2023-04-20,Hyderabad,Hyderabad,Pakistan,25.37,68.37,30.8,136.0,Breezy,Heatwave
2023-04-21,Hyderabad,Hyderabad,Pakistan,25.37,68.37,32.1,73.0,Breezy,Heatwave
2023-04-23,Hyderabad,Hyderabad,Pakistan,25.37,68.37,29.1,109.0,Breezy,Heatwave
2023-04-24,Hyderabad,Hyderabad,Pakistan,25.37,68.37,22.0,217.0,Breezy,Heatwave
2023-04-25,Hyderabad,Hyderabad,Pakistan,25.37,68.37,21.3,305.0,Breezy,Heatwave
2023-04-28,Hyderabad,Hyderabad,Pakistan,25.37,68.37,38.0,229.0,Breezy,Heatwave
2023-04-29,Hyderabad,Hyderabad,Pakistan,25.37,68.37,26.8,58.0,Breezy,Heatwave
2023-04-30,Hyderabad,Hyderabad,Pakistan,25.37,68.37,23.2,228.0,Breezy,Heatwave
2023-05-01,Hyderabad,Hyderabad,Pakistan,25.37,68.37,24.8,42.0,Breezy,Heatwave
2023-05-02,Hyderabad,Hyderabad,Pakistan,25.37,68.37,41.4,40.0,Windy,Heatwave
2023-05-04,Hyderabad,Hyderabad,Pakistan,25.37,68.37,22.9,118.0,Breezy,Heatwave
2023-05-05,Hyderabad,Hyderabad,Pakistan,25.37,68.37,28.9,90.0,Breezy,Heatwave
2023-05-07,Hyderabad,Hyderabad,Pakistan,25.37,68.37,41.3,247.0,Windy,Heatwave
2023-05-10,Hyderabad,Hyderabad,Pakistan,25.37,68.37,41.1,55.0,Windy,Heatwave
2023-05-13,Hyderabad,Hyderabad,Pakistan,25.37,68.37,29.2,35.0,Breezy,Heatwave
2023-05-14,Hyderabad,Hyderabad,Pakistan,25.37,68.37,23.0,260.0,Breezy,Heatwave
2023-05-15,Hyderabad,Hyderabad,Pakistan,25.37,68.37,31.7,132.0,Breezy,Heatwave
2023-05-16,Hyderabad,Hyderabad,Pakistan,25.37,68.37,40.8,72.0,Windy,Heatwave
2023-05-17,Hyderabad,Hyderabad,Pakistan,25.37,68.37,24.4,140.0,Breezy,Heatwave
2023-05-18,Hyderabad,Hyderabad,Pakistan,25.37,68.37,22.7,237.0,Breezy,Heatwave
2023-05-19,Hyderabad,Hyderabad,Pakistan,25.37,68.37,32.1,358.0,Breezy,Heatwave
2023-05-20,Hyderabad,Hyderabad,Pakistan,25.37,68.37,39.9,34.0,Breezy,Heatwave
2023-05-23,Hyderabad,Hyderabad,Pakistan,25.37,68.37,26.8,64.0,Breezy,Heatwave
2023-05-25,Hyderabad,Hyderabad,Pakistan,25.37,68.37,25.5,182.0,Breezy,Heatwave
2023-05-27,Hyderabad,Hyderabad,Pakistan,25.37,68.37,37.7,183.0,Breezy,Heatwave
2023-05-28,Hyderabad,Hyderabad,Pakistan,25.37,68.37,20.2,55.0,Breezy,Heatwave
2023-05-29,Hyderabad,Hyderabad,Pakistan,25.37,68.37,23.1,114.0,Breezy,Heatwave
2023-05-30,Hyderabad,Hyderabad,Pakistan,25.37,68.37,48.3,186.0,Windy,Heatwave
2023-06-04,Hyderabad,Hyderabad,Pakistan,25.37,68.37,33.0,12.0,Breezy,Heatwave
2023-06-05,Hyderabad,Hyderabad,Pakistan,25.37,68.37,27.9,53.0,Breezy,Heatwave
2023-06-06,Hyderabad,Hyderabad,Pakistan,25.37,68.37,43.2,5.0,Windy,Heatwave
2023-06-07,Hyderabad,Hyderabad,Pakistan,25.37,68.37,26.3,66.0,Breezy,Heatwave
2023-06-09,Hyderabad,Hyderabad,Pakistan,25.37,68.37,22.1,285.0,Breezy,Heatwave
2023-06-11,Hyderabad,Hyderabad,Pakistan,25.37,68.37,38.6,313.0,Breezy,Heatwave
2023-06-12,Hyderabad,Hyderabad,Pakistan,25.37,68.37,21.6,100.0,Breezy,Heatwave
2023-06-13,Hyderabad,Hyderabad,Pakistan,25.37,68.37,35.6,14.0,Breezy,Heatwave
2023-06-14,Hyderabad,Hyderabad,Pakistan,25.37,68.37,36.7,238.0,Breezy,Heatwave
2023-06-19,Hyderabad,Hyderabad,Pakistan,25.37,68.37,32.7,118.0,Breezy,Heatwave
2023-06-20,Hyderabad,Hyderabad,Pakistan,25.37,68.37,31.3,130.0,Breezy,Heatwave
2023-06-21,Hyderabad,Hyderabad,Pakistan,25.37,68.37,22.6,151.0,Breezy,Heatwave
2023-06-23,Hyderabad,Hyderabad,Pakistan,25.37,68.37,28.0,41.0,Breezy,Heatwave
2023-06-24,Hyderabad,Hyderabad,Pakistan,25.37,68.37,33.0,344.0,Breezy,Heatwave
2023-06-30,Hyderabad,Hyderabad,Pakistan,25.37,68.37,36.9,127.0,Breezy,Normal
2023-07-01,Hyderabad,Hyderabad,Pakistan,25.37,68.37,42.0,151.0,Windy,Normal
2023-07-02,Hyderabad,Hyderabad,Pakistan,25.37,68.37,20.6,109.0,Breezy,Heatwave
2023-07-04,Hyderabad,Hyderabad,Pakistan,25.37,68.37,39.9,115.0,Breezy,Normal
2023-07-07,Hyderabad,Hyderabad,Pakistan,25.37,68.37,22.4,29.0,Breezy,Heatwave
2023-07-10,Hyderabad,Hyderabad,Pakistan,25.37,68.37,31.6,293.0,Breezy,Normal
2023-07-13,Hyderabad,Hyderabad,Pakistan,25.37,68.37,36.0,358.0,Breezy,Normal
2023-07-14,Hyderabad,Hyderabad,Pakistan,25.37,68.37,24.4,178.0,Breezy,Normal
2023-07-15,Hyderabad,Hyderabad,Pakistan,25.37,68.37,30.3,306.0,Breezy,Normal
2023-07-16,Hyderabad,Hyderabad,Pakistan,25.37,68.37,30.3,224.0,Breezy,Heatwave
2023-07-18,Hyderabad,Hyderabad,Pakistan,25.37,68.37,26.8,16.0,Breezy,Heatwave
2023-07-19,Hyderabad,Hyderabad,Pakistan,25.37,68.37,24.2,213.0,Breezy,Normal
2023-07-21,Hyderabad,Hyderabad,Pakistan,25.37,68.37,23.3,239.0,Breezy,Normal
2023-07-24,Hyderabad,Hyderabad,Pakistan,25.37,68.37,25.8,80.0,Breezy,Normal
2023-07-25,Hyderabad,Hyderabad,Pakistan,25.37,68.37,22.6,149.0,Breezy,Normal
2023-07-26,Hyderabad,Hyderabad,Pakistan,25.37,68.37,31.5,108.0,Breezy,Normal
2023-07-27,Hyderabad,Hyderabad,Pakistan,25.37,68.37,26.9,150.0,Breezy,Normal
2023-07-29,Hyderabad,Hyderabad,Pakistan,25.37,68.37,23.6,230.0,Breezy,Normal
2023-08-01,Hyderabad,Hyderabad,Pakistan,25.37,68.37,21.1,285.0,Breezy,Normal
2023-08-03,Hyderabad,Hyderabad,Pakistan,25.37,68.37,22.5,333.0,Breezy,Normal
2023-08-04,Hyderabad,Hyderabad,Pakistan,25.37,68.37,36.1,322.0,Breezy,Normal
2023-08-06,Hyderabad,Hyderabad,Pakistan,25.37,68.37,22.9,62.0,Breezy,Normal
2023-08-07,Hyderabad,Hyderabad,Pakistan,25.37,68.37,24.0,314.0,Breezy,Normal
2023-08-08,Hyderabad,Hyderabad,Pakistan,25.37,68.37,36.9,26.0,Breezy,Normal
2023-08-09,Hyderabad,Hyderabad,Pakistan,25.37,68.37,23.4,153.0,Breezy,Normal
2023-08-11,Hyderabad,Hyderabad,Pakistan,25.37,68.37,22.4,40.0,Breezy,Normal
2023-08-12,Hyderabad,Hyderabad,Pakistan,25.37,68.37,49.6,126.0,Windy,Normal
2023-08-13,Hyderabad,Hyderabad,Pakistan,25.37,68.37,24.9,318.0,Breezy,Normal
2023-08-14,Hyderabad,Hyderabad,Pakistan,25.37,68.37,37.6,281.0,Breezy,Normal
2023-08-15,Hyderabad,Hyderabad,Pakistan,25.37,68.37,24.0,237.0,Breezy,Normal
2023-08-20,Hyderabad,Hyderabad,Pakistan,25.37,68.37,33.2,277.0,Breezy,Normal
2023-08-24,Hyderabad,Hyderabad,Pakistan,25.37,68.37,25.3,24.0,Breezy,Normal
2023-08-25,Hyderabad,Hyderabad,Pakistan,25.37,68.37,36.8,348.0,Breezy,Normal
2023-08-26,Hyderabad,Hyderabad,Pakistan,25.37,68.37,43.3,201.0,Windy,Normal
2023-08-27,Hyderabad,Hyderabad,Pakistan,25.37,68.37,21.7,30.0,Breezy,Normal
2023-08-28,Hyderabad,Hyderabad,Pakistan,25.37,68.37,37.3,109.0,Breezy,Normal
2023-08-30,Hyderabad,Hyderabad,Pakistan,25.37,68.37,27.1,321.0,Breezy,Normal
2023-09-03,Hyderabad,Hyderabad,Pakistan,25.37,68.37,23.1,85.0,Breezy,Normal
2023-09-04,Hyderabad,Hyderabad,Pakistan,25.37,68.37,22.0,266.0,Breezy,Normal
2023-09-05,Hyderabad,Hyderabad,Pakistan,25.37,68.37,37.3,75.0,Breezy,Normal
2023-09-10,Hyderabad,Hyderabad,Pakistan,25.37,68.37,20.1,57.0,Breezy,Normal
2023-09-14,Hyderabad,Hyderabad,Pakistan,25.37,68.37,27.8,198.0,Breezy,Normal
2023-09-15,Hyderabad,Hyderabad,Pakistan,25.37,68.37,41.0,136.0,Windy,Normal
2023-09-17,Hyderabad,Hyderabad,Pakistan,25.37,68.37,30.8,98.0,Breezy,Normal
2023-09-18,Hyderabad,Hyderabad,Pakistan,25.37,68.37,22.7,273.0,Breezy,Normal
2023-09-20,Hyderabad,Hyderabad,Pakistan,25.37,68.37,40.6,167.0,Windy,Normal
2023-09-22,Hyderabad,Hyderabad,Pakistan,25.37,68.37,46.3,15.0,Windy,Normal
2023-09-23,Hyderabad,Hyderabad,Pakistan,25.37,68.37,33.1,19.0,Breezy,Normal
2023-09-24,Hyderabad,Hyderabad,Pakistan,25.37,68.37,24.1,288.0,Breezy,Normal
2023-09-26,Hyderabad,Hyderabad,Pakistan,25.37,68.37,40.8,198.0,Windy,Normal
2023-09-28,Hyderabad,Hyderabad,Pakistan,25.37,68.37,26.0,186.0,Breezy,Normal
2023-10-04,Hyderabad,Hyderabad,Pakistan,25.37,68.37,24.2,78.0,Breezy,Normal
2023-10-05,Hyderabad,Hyderabad,Pakistan,25.37,68.37,20.6,290.0,Breezy,Normal
2023-10-09,Hyderabad,Hyderabad,Pakistan,25.37,68.37,51.0,187.0,Windy,Normal
2023-10-10,Hyderabad,Hyderabad,Pakistan,25.37,68.37,32.9,51.0,Breezy,Normal
2023-10-11,Hyderabad,Hyderabad,Pakistan,25.37,68.37,20.6,1.0,Breezy,Normal
2023-10-12,Hyderabad,Hyderabad,Pakistan,25.37,68.37,29.2,247.0,Breezy,Normal
2023-10-13,Hyderabad,Hyderabad,Pakistan,25.37,68.37,27.3,5.0,Breezy,Normal
2023-10-15,Hyderabad,Hyderabad,Pakistan,25.37,68.37,34.5,48.0,Breezy,Normal
2023-10-17,Hyderabad,Hyderabad,Pakistan,25.37,68.37,36.8,170.0,Breezy,Normal
2023-10-18,Hyderabad,Hyderabad,Pakistan,25.37,68.37,22.5,128.0,Breezy,Normal
2023-10-19,Hyderabad,Hyderabad,Pakistan,25.37,68.37,40.1,5.0,Windy,Normal
2023-10-20,Hyderabad,Hyderabad,Pakistan,25.37,68.37,30.6,271.0,Breezy,Normal
2023-10-23,Hyderabad,Hyderabad,Pakistan,25.37,68.37,59.2,204.0,Windy,Normal
2023-10-27,Hyderabad,Hyderabad,Pakistan,25.37,68.37,31.0,77.0,Breezy,Normal
2023-10-28,Hyderabad,Hyderabad,Pakistan,25.37,68.37,23.1,227.0,Breezy,Normal
2023-10-29,Hyderabad,Hyderabad,Pakistan,25.37,68.37,21.3,341.0,Breezy,Normal
2023-10-30,Hyderabad,Hyderabad,Pakistan,25.37,68.37,30.5,38.0,Breezy,Normal
2023-11-01,Hyderabad,Hyderabad,Pakistan,25.37,68.37,28.1,359.0,Breezy,Normal
2023-11-03,Hyderabad,Hyderabad,Pakistan,25.37,68.37,42.1,278.0,Windy,Normal
2023-11-04,Hyderabad,Hyderabad,Pakistan,25.37,68.37,26.6,273.0,Breezy,Normal
2023-11-07,Hyderabad,Hyderabad,Pakistan,25.37,68.37,36.2,98.0,Breezy,Normal
2023-11-11,Hyderabad,Hyderabad,Pakistan,25.37,68.37,38.9,192.0,Breezy,Normal
2023-11-12,Hyderabad,Hyderabad,Pakistan,25.37,68.37,25.8,50.0,Breezy,Normal
2023-11-14,Hyderabad,Hyderabad,Pakistan,25.37,68.37,24.4,276.0,Breezy,Normal
2023-11-17,Hyderabad,Hyderabad,Pakistan,25.37,68.37,30.3,160.0,Breezy,Normal
2023-11-18,Hyderabad,Hyderabad,Pakistan,25.37,68.37,24.2,308.0,Breezy,Normal
2023-11-21,Hyderabad,Hyderabad,Pakistan,25.37,68.37,45.9,300.0,Windy,Normal
2023-11-23,Hyderabad,Hyderabad,Pakistan,25.37,68.37,27.2,184.0,Breezy,Normal
2023-11-24,Hyderabad,Hyderabad,Pakistan,25.37,68.37,36.8,289.0,Breezy,Normal
2023-11-25,Hyderabad,Hyderabad,Pakistan,25.37,68.37,31.9,209.0,Breezy,Normal
2023-11-26,Hyderabad,Hyderabad,Pakistan,25.37,68.37,39.8,23.0,Breezy,Normal
2023-11-27,Hyderabad,Hyderabad,Pakistan,25.37,68.37,35.7,148.0,Breezy,Normal
2023-12-02,Hyderabad,Hyderabad,Pakistan,25.37,68.37,32.1,145.0,Breezy,Normal
2023-12-03,Hyderabad,Hyderabad,Pakistan,25.37,68.37,42.8,348.0,Windy,Normal
2023-12-04,Hyderabad,Hyderabad,Pakistan,25.37,68.37,34.1,304.0,Breezy,Normal
2023-12-05,Hyderabad,Hyderabad,Pakistan,25.37,68.37,34.5,117.0,Breezy,Normal
2023-12-06,Hyderabad,Hyderabad,Pakistan,25.37,68.37,42.6,102.0,Windy,Normal
2023-12-07,Hyderabad,Hyderabad,Pakistan,25.37,68.37,34.7,327.0,Breezy,Normal
2023-12-08,Hyderabad,Hyderabad,Pakistan,25.37,68.37,21.8,199.0,Breezy,Normal
2023-12-10,Hyderabad,Hyderabad,Pakistan,25.37,68.37,25.9,155.0,Breezy,Normal
2023-12-12,Hyderabad,Hyderabad,Pakistan,25.37,68.37,38.2,358.0,Breezy,Normal
2023-12-13,Hyderabad,Hyderabad,Pakistan,25.37,68.37,23.1,69.0,Breezy,Normal
2023-12-15,Hyderabad,Hyderabad,Pakistan,25.37,68.37,56.5,106.0,Windy,Normal
2023-12-17,Hyderabad,Hyderabad,Pakistan,25.37,68.37,38.5,197.0,Breezy,Normal
2023-12-19,Hyderabad,Hyderabad,Pakistan,25.37,68.37,24.1,112.0,Breezy,Normal
2023-12-21,Hyderabad,Hyderabad,Pakistan,25.37,68.37,39.4,80.0,Breezy,Normal
2023-12-22,Hyderabad,Hyderabad,Pakistan,25.37,68.37,32.6,308.0,Breezy,Normal
2023-12-23,Hyderabad,Hyderabad,Pakistan,25.37,68.37,23.8,272.0,Breezy,Normal
2023-12-25,Hyderabad,Hyderabad,Pakistan,25.37,68.37,22.6,66.0,Breezy,Normal
2023-12-26,Hyderabad,Hyderabad,Pakistan,25.37,68.37,44.7,28.0,Windy,Normal
2023-12-27,Hyderabad,Hyderabad,Pakistan,25.37,68.37,26.7,251.0,Breezy,Normal
2023-12-28,Hyderabad,Hyderabad,Pakistan,25.37,68.37,58.5,89.0,Windy,Normal
2023-12-30,Hyderabad,Hyderabad,Pakistan,25.37,68.37,28.1,9.0,Breezy,Normal
2023-12-31,Hyderabad,Hyderabad,Pakistan,25.37,68.37,25.6,201.0,Breezy,Normal
2022-01-07,Rawalpindi,Rawalpindi,Pakistan,33.6,73.04,25.7,281.0,Breezy,Normal
2022-01-10,Rawalpindi,Rawalpindi,Pakistan,33.6,73.04,21.0,346.0,Breezy,Normal
2022-01-20,Rawalpindi,Rawalpindi,Pakistan,33.6,73.04,20.1,330.0,Breezy,Normal
2022-03-05,Rawalpindi,Rawalpindi,Pakistan,33.6,73.04,22.5,30.0,Breezy,Normal
2022-03-08,Rawalpindi,Rawalpindi,Pakistan,33.6,73.04,21.5,283.0,Breezy,Normal
2022-03-13,Rawalpindi,Rawalpindi,Pakistan,33.6,73.04,21.0,127.0,Breezy,Heatwave
2022-03-19,Rawalpindi,Rawalpindi,Pakistan,33.6,73.04,27.2,41.0,Breezy,Heatwave
2022-03-24,Rawalpindi,Rawalpindi,Pakistan,33.6,73.04,23.6,78.0,Breezy,Heatwave
2022-03-27,Rawalpindi,Rawalpindi,Pakistan,33.6,73.04,20.8,228.0,Breezy,Heatwave
2022-04-01,Rawalpindi,Rawalpindi,Pakistan,33.6,73.04,21.8,100.0,Breezy,Heatwave
2022-04-03,Rawalpindi,Rawalpindi,Pakistan,33.6,73.04,23.8,308.0,Breezy,Heatwave
2022-04-05,Rawalpindi,Rawalpindi,Pakistan,33.6,73.04,24.6,50.0,Breezy,Heatwave
2022-04-06,Rawalpindi,Rawalpindi,Pakistan,33.6,73.04,26.5,187.0,Breezy,Heatwave
2022-04-13,Rawalpindi,Rawalpindi,Pakistan,33.6,73.04,22.4,348.0,Breezy,Heatwave
2022-04-15,Rawalpindi,Rawalpindi,Pakistan,33.6,73.04,28.0,181.0,Breezy,Heatwave
2022-04-22,Rawalpindi,Rawalpindi,Pakistan,33.6,73.04,22.8,227.0,Breezy,Heatwave
2022-04-23,Rawalpindi,Rawalpindi,Pakistan,33.6,73.04,27.8,223.0,Breezy,Heatwave
2022-04-26,Rawalpindi,Rawalpindi,Pakistan,33.6,73.04,22.2,339.0,Breezy,Heatwave
2022-04-27,Rawalpindi,Rawalpindi,Pakistan,33.6,73.04,22.6,297.0,Breezy,Heatwave
2022-05-02,Rawalpindi,Rawalpindi,Pakistan,33.6,73.04,20.5,95.0,Breezy,Heatwave
2022-05-08,Rawalpindi,Rawalpindi,Pakistan,33.6,73.04,20.4,268.0,Breezy,Heatwave
2022-05-25,Rawalpindi,Rawalpindi,Pakistan,33.6,73.04,20.1,351.0,Breezy,Heatwave
2022-05-31,Rawalpindi,Rawalpindi,Pakistan,33.6,73.04,23.3,124.0,Breezy,Normal
2022-06-04,Rawalpindi,Rawalpindi,Pakistan,33.6,73.04,21.8,218.0,Breezy,Normal
2022-06-11,Rawalpindi,Rawalpindi,Pakistan,33.6,73.04,22.4,147.0,Breezy,Heatwave
2022-06-21,Rawalpindi,Rawalpindi,Pakistan,33.6,73.04,20.9,286.0,Breezy,Normal
2022-07-03,Rawalpindi,Rawalpindi,Pakistan,33.6,73.04,21.3,131.0,Breezy,Normal
2022-07-21,Rawalpindi,Rawalpindi,Pakistan,33.6,73.04,20.5,101.0,Breezy,Normal
2022-07-22,Rawalpindi,Rawalpindi,Pakistan,33.6,73.04,21.6,319.0,Breezy,Normal
2022-07-24,Rawalpindi,Rawalpindi,Pakistan,33.6,73.04,21.3,190.0,Breezy,Normal
2022-07-27,Rawalpindi,Rawalpindi,Pakistan,33.6,73.04,25.2,130.0,Breezy,Normal
2022-07-31,Rawalpindi,Rawalpindi,Pakistan,33.6,73.04,23.9,8.0,Breezy,Normal
2022-08-03,Rawalpindi,Rawalpindi,Pakistan,33.6,73.04,26.7,72.0,Breezy,Normal
2022-08-11,Rawalpindi,Rawalpindi,Pakistan,33.6,73.04,23.8,60.0,Breezy,Normal
2022-08-22,Rawalpindi,Rawalpindi,Pakistan,33.6,73.04,24.9,209.0,Breezy,Normal
2022-09-02,Rawalpindi,Rawalpindi,Pakistan,33.6,73.04,22.7,116.0,Breezy,Normal
2022-09-07,Rawalpindi,Rawalpindi,Pakistan,33.6,73.04,21.4,173.0,Breezy,Normal
2022-09-08,Rawalpindi,Rawalpindi,Pakistan,33.6,73.04,21.0,192.0,Breezy,Normal
2022-09-12,Rawalpindi,Rawalpindi,Pakistan,33.6,73.04,23.8,112.0,Breezy,Normal
2022-09-13,Rawalpindi,Rawalpindi,Pakistan,33.6,73.04,25.9,331.0,Breezy,Normal
2022-09-16,Rawalpindi,Rawalpindi,Pakistan,33.6,73.04,20.9,210.0,Breezy,Normal
2022-09-21,Rawalpindi,Rawalpindi,Pakistan,33.6,73.04,20.1,337.0,Breezy,Normal
2022-09-28,Rawalpindi,Rawalpindi,Pakistan,33.6,73.04,22.9,162.0,Breezy,Normal
2022-10-03,Rawalpindi,Rawalpindi,Pakistan,33.6,73.04,26.4,180.0,Breezy,Normal
2022-10-06,Rawalpindi,Rawalpindi,Pakistan,33.6,73.04,23.6,24.0,Breezy,Normal
2022-10-12,Rawalpindi,Rawalpindi,Pakistan,33.6,73.04,22.0,358.0,Breezy,Normal
2022-10-14,Rawalpindi,Rawalpindi,Pakistan,33.6,73.04,23.3,316.0,Breezy,Normal
2022-10-16,Rawalpindi,Rawalpindi,Pakistan,33.6,73.04,24.8,223.0,Breezy,Normal
2022-10-25,Rawalpindi,Rawalpindi,Pakistan,33.6,73.04,22.9,165.0,Breezy,Normal
2022-10-26,Rawalpindi,Rawalpindi,Pakistan,33.6,73.04,27.1,49.0,Breezy,Normal
2022-10-29,Rawalpindi,Rawalpindi,Pakistan,33.6,73.04,27.9,61.0,Breezy,Normal
2022-11-07,Rawalpindi,Rawalpindi,Pakistan,33.6,73.04,25.1,254.0,Breezy,Normal
2022-11-24,Rawalpindi,Rawalpindi,Pakistan,33.6,73.04,25.9,226.0,Breezy,Normal
2022-11-26,Rawalpindi,Rawalpindi,Pakistan,33.6,73.04,28.6,176.0,Breezy,Normal
2022-12-02,Rawalpindi,Rawalpindi,Pakistan,33.6,73.04,20.3,39.0,Breezy,Normal
2022-12-28,Rawalpindi,Rawalpindi,Pakistan,33.6,73.04,34.5,29.0,Breezy,Normal
2022-12-29,Rawalpindi,Rawalpindi,Pakistan,33.6,73.04,23.8,31.0,Breezy,Normal
2023-01-08,Rawalpindi,Rawalpindi,Pakistan,33.6,73.04,23.4,33.0,Breezy,Normal
2023-01-15,Rawalpindi,Rawalpindi,Pakistan,33.6,73.04,27.2,351.0,Breezy,Normal
2023-01-24,Rawalpindi,Rawalpindi,Pakistan,33.6,73.04,20.2,150.0,Breezy,Normal
2023-01-31,Rawalpindi,Rawalpindi,Pakistan,33.6,73.04,23.2,356.0,Breezy,Normal
2023-02-14,Rawalpindi,Rawalpindi,Pakistan,33.6,73.04,27.9,134.0,Breezy,Heatwave
2023-02-16,Rawalpindi,Rawalpindi,Pakistan,33.6,73.04,25.5,79.0,Breezy,Heatwave
2023-02-18,Rawalpindi,Rawalpindi,Pakistan,33.6,73.04,30.8,154.0,Breezy,Heatwave
2023-03-08,Rawalpindi,Rawalpindi,Pakistan,33.6,73.04,21.0,71.0,Breezy,Heatwave
2023-03-12,Rawalpindi,Rawalpindi,Pakistan,33.6,73.04,27.0,154.0,Breezy,Heatwave
2023-03-16,Rawalpindi,Rawalpindi,Pakistan,33.6,73.04,26.9,41.0,Breezy,Heatwave
2023-03-25,Rawalpindi,Rawalpindi,Pakistan,33.6,73.04,22.1,224.0,Breezy,Heatwave
2023-03-26,Rawalpindi,Rawalpindi,Pakistan,33.6,73.04,20.2,80.0,Breezy,Heatwave
2023-04-03,Rawalpindi,Rawalpindi,Pakistan,33.6,73.04,21.8,30.0,Breezy,Heatwave
2023-04-08,Rawalpindi,Rawalpindi,Pakistan,33.6,73.04,24.6,125.0,Breezy,Heatwave
2023-04-09,Rawalpindi,Rawalpindi,Pakistan,33.6,73.04,22.0,298.0,Breezy,Heatwave
2023-04-15,Rawalpindi,Rawalpindi,Pakistan,33.6,73.04,20.3,353.0,Breezy,Heatwave
2023-04-19,Rawalpindi,Rawalpindi,Pakistan,33.6,73.04,33.1,215.0,Breezy,Heatwave
2023-04-20,Rawalpindi,Rawalpindi,Pakistan,33.6,73.04,23.9,75.0,Breezy,Heatwave
2023-04-26,Rawalpindi,Rawalpindi,Pakistan,33.6,73.04,21.2,190.0,Breezy,Heatwave
2023-04-28,Rawalpindi,Rawalpindi,Pakistan,33.6,73.04,22.4,332.0,Breezy,Heatwave
2023-05-01,Rawalpindi,Rawalpindi,Pakistan,33.6,73.04,23.0,332.0,Breezy,Heatwave
2023-05-07,Rawalpindi,Rawalpindi,Pakistan,33.6,73.04,22.6,102.0,Breezy,Heatwave
2023-05-09,Rawalpindi,Rawalpindi,Pakistan,33.6,73.04,21.1,110.0,Breezy,Heatwave
2023-05-12,Rawalpindi,Rawalpindi,Pakistan,33.6,73.04,20.2,321.0,Breezy,Heatwave
2023-05-21,Rawalpindi,Rawalpindi,Pakistan,33.6,73.04,24.3,240.0,Breezy,Normal
2023-05-24,Rawalpindi,Rawalpindi,Pakistan,33.6,73.04,26.1,321.0,Breezy,Heatwave
2023-06-14,Rawalpindi,Rawalpindi,Pakistan,33.6,73.04,27.1,31.0,Breezy,Heatwave
2023-06-18,Rawalpindi,Rawalpindi,Pakistan,33.6,73.04,24.0,171.0,Breezy,Normal
2023-06-27,Rawalpindi,Rawalpindi,Pakistan,33.6,73.04,21.0,94.0,Breezy,Normal
2023-07-08,Rawalpindi,Rawalpindi,Pakistan,33.6,73.04,21.9,201.0,Breezy,Normal
2023-07-16,Rawalpindi,Rawalpindi,Pakistan,33.6,73.04,24.7,75.0,Breezy,Normal
2023-07-23,Rawalpindi,Rawalpindi,Pakistan,33.6,73.04,21.1,29.0,Breezy,Normal
2023-07-28,Rawalpindi,Rawalpindi,Pakistan,33.6,73.04,21.4,160.0,Breezy,Normal
2023-07-29,Rawalpindi,Rawalpindi,Pakistan,33.6,73.04,20.8,297.0,Breezy,Normal
2023-07-30,Rawalpindi,Rawalpindi,Pakistan,33.6,73.04,22.3,326.0,Breezy,Normal
2023-07-31,Rawalpindi,Rawalpindi,Pakistan,33.6,73.04,32.4,228.0,Breezy,Normal
2023-08-08,Rawalpindi,Rawalpindi,Pakistan,33.6,73.04,29.8,197.0,Breezy,Normal
2023-08-16,Rawalpindi,Rawalpindi,Pakistan,33.6,73.04,22.6,179.0,Breezy,Normal
2023-08-18,Rawalpindi,Rawalpindi,Pakistan,33.6,73.04,20.8,291.0,Breezy,Normal
2023-08-21,Rawalpindi,Rawalpindi,Pakistan,33.6,73.04,23.1,135.0,Breezy,Normal
2023-08-22,Rawalpindi,Rawalpindi,Pakistan,33.6,73.04,20.2,217.0,Breezy,Normal
2023-08-24,Rawalpindi,Rawalpindi,Pakistan,33.6,73.04,21.8,266.0,Breezy,Normal
2023-09-01,Rawalpindi,Rawalpindi,Pakistan,33.6,73.04,22.2,308.0,Breezy,Normal
2023-09-02,Rawalpindi,Rawalpindi,Pakistan,33.6,73.04,29.8,39.0,Breezy,Normal
2023-09-04,Rawalpindi,Rawalpindi,Pakistan,33.6,73.04,24.3,182.0,Breezy,Normal
2023-09-06,Rawalpindi,Rawalpindi,Pakistan,33.6,73.04,20.2,118.0,Breezy,Normal
2023-09-11,Rawalpindi,Rawalpindi,Pakistan,33.6,73.04,23.8,225.0,Breezy,Normal
2023-09-14,Rawalpindi,Rawalpindi,Pakistan,33.6,73.04,27.1,101.0,Breezy,Normal
2023-09-17,Rawalpindi,Rawalpindi,Pakistan,33.6,73.04,20.7,65.0,Breezy,Normal
2023-10-12,Rawalpindi,Rawalpindi,Pakistan,33.6,73.04,20.7,167.0,Breezy,Normal
2023-10-23,Rawalpindi,Rawalpindi,Pakistan,33.6,73.04,20.7,222.0,Breezy,Normal
2023-10-29,Rawalpindi,Rawalpindi,Pakistan,33.6,73.04,30.1,231.0,Breezy,Normal
2023-11-08,Rawalpindi,Rawalpindi,Pakistan,33.6,73.04,21.1,92.0,Breezy,Normal
2023-11-09,Rawalpindi,Rawalpindi,Pakistan,33.6,73.04,30.5,287.0,Breezy,Normal
2023-11-10,Rawalpindi,Rawalpindi,Pakistan,33.6,73.04,36.0,184.0,Breezy,Normal
2023-11-12,Rawalpindi,Rawalpindi,Pakistan,33.6,73.04,23.6,44.0,Breezy,Normal
2023-11-17,Rawalpindi,Rawalpindi,Pakistan,33.6,73.04,25.1,202.0,Breezy,Normal
2023-11-25,Rawalpindi,Rawalpindi,Pakistan,33.6,73.04,26.8,74.0,Breezy,Normal
2023-11-28,Rawalpindi,Rawalpindi,Pakistan,33.6,73.04,21.3,262.0,Breezy,Normal
2023-11-30,Rawalpindi,Rawalpindi,Pakistan,33.6,73.04,23.7,142.0,Breezy,Normal
2023-12-07,Rawalpindi,Rawalpindi,Pakistan,33.6,73.04,20.7,102.0,Breezy,Normal
2023-12-12,Rawalpindi,Rawalpindi,Pakistan,33.6,73.04,20.7,194.0,Breezy,Normal
2023-12-14,Rawalpindi,Rawalpindi,Pakistan,33.6,73.04,23.4,229.0,Breezy,Normal
2023-12-16,Rawalpindi,Rawalpindi,Pakistan,33.6,73.04,28.0,192.0,Breezy,Normal
2023-12-24,Rawalpindi,Rawalpindi,Pakistan,33.6,73.04,20.9,118.0,Breezy,Normal
2023-12-31,Rawalpindi,Rawalpindi,Pakistan,33.6,73.04,26.2,104.0,Breezy,Normal
2022-01-04,Gilgit,Gilgit,Pakistan,35.92,74.31,22.7,242.0,Breezy,Normal
2022-01-15,Gilgit,Gilgit,Pakistan,35.92,74.31,31.4,311.0,Breezy,Normal
2022-01-20,Gilgit,Gilgit,Pakistan,35.92,74.31,34.3,310.0,Breezy,Normal
2022-01-21,Gilgit,Gilgit,Pakistan,35.92,74.31,20.1,328.0,Breezy,Normal
2022-01-27,Gilgit,Gilgit,Pakistan,35.92,74.31,30.9,23.0,Breezy,Normal
2022-01-28,Gilgit,Gilgit,Pakistan,35.92,74.31,24.3,135.0,Breezy,Normal
2022-02-01,Gilgit,Gilgit,Pakistan,35.92,74.31,23.7,330.0,Breezy,Normal
2022-02-02,Gilgit,Gilgit,Pakistan,35.92,74.31,23.6,318.0,Breezy,Normal
2022-02-03,Gilgit,Gilgit,Pakistan,35.92,74.31,30.1,193.0,Breezy,Normal
2022-02-05,Gilgit,Gilgit,Pakistan,35.92,74.31,26.5,203.0,Breezy,Normal
2022-02-20,Gilgit,Gilgit,Pakistan,35.92,74.31,27.9,118.0,Breezy,Normal
2022-02-22,Gilgit,Gilgit,Pakistan,35.92,74.31,29.1,275.0,Breezy,Normal
2022-02-23,Gilgit,Gilgit,Pakistan,35.92,74.31,22.6,31.0,Breezy,Normal
2022-02-25,Gilgit,Gilgit,Pakistan,35.92,74.31,22.3,196.0,Breezy,Normal
2022-02-26,Gilgit,Gilgit,Pakistan,35.92,74.31,28.1,75.0,Breezy,Normal
2022-03-02,Gilgit,Gilgit,Pakistan,35.92,74.31,21.9,254.0,Breezy,Normal
2022-03-03,Gilgit,Gilgit,Pakistan,35.92,74.31,21.5,48.0,Breezy,Normal
2022-03-04,Gilgit,Gilgit,Pakistan,35.92,74.31,22.3,138.0,Breezy,Normal
2022-03-06,Gilgit,Gilgit,Pakistan,35.92,74.31,35.8,37.0,Breezy,Normal
2022-03-08,Gilgit,Gilgit,Pakistan,35.92,74.31,20.8,61.0,Breezy,Normal
2022-03-13,Gilgit,Gilgit,Pakistan,35.92,74.31,31.1,94.0,Breezy,Heatwave
2022-03-14,Gilgit,Gilgit,Pakistan,35.92,74.31,25.6,140.0,Breezy,Normal
2022-03-15,Gilgit,Gilgit,Pakistan,35.92,74.31,23.8,214.0,Breezy,Heatwave
2022-03-16,Gilgit,Gilgit,Pakistan,35.92,74.31,27.6,337.0,Breezy,Heatwave
2022-03-24,Gilgit,Gilgit,Pakistan,35.92,74.31,31.4,139.0,Breezy,Normal
2022-03-26,Gilgit,Gilgit,Pakistan,35.92,74.31,27.9,260.0,Breezy,Heatwave
2022-04-03,Gilgit,Gilgit,Pakistan,35.92,74.31,28.5,76.0,Breezy,Heatwave
2022-04-16,Gilgit,Gilgit,Pakistan,35.92,74.31,32.3,6.0,Breezy,Normal
2022-04-17,Gilgit,Gilgit,Pakistan,35.92,74.31,20.3,35.0,Breezy,Normal
2022-04-19,Gilgit,Gilgit,Pakistan,35.92,74.31,22.7,5.0,Breezy,Normal
2022-04-21,Gilgit,Gilgit,Pakistan,35.92,74.31,30.2,295.0,Breezy,Heatwave
2022-04-23,Gilgit,Gilgit,Pakistan,35.92,74.31,21.0,14.0,Breezy,Heatwave
2022-04-24,Gilgit,Gilgit,Pakistan,35.92,74.31,26.6,98.0,Breezy,Normal
2022-04-27,Gilgit,Gilgit,Pakistan,35.92,74.31,26.4,210.0,Breezy,Heatwave
2022-05-01,Gilgit,Gilgit,Pakistan,35.92,74.31,21.1,74.0,Breezy,Heatwave
2022-05-11,Gilgit,Gilgit,Pakistan,35.92,74.31,21.8,229.0,Breezy,Normal
2022-05-12,Gilgit,Gilgit,Pakistan,35.92,74.31,28.3,215.0,Breezy,Normal
2022-05-14,Gilgit,Gilgit,Pakistan,35.92,74.31,34.3,340.0,Breezy,Heatwave
2022-05-15,Gilgit,Gilgit,Pakistan,35.92,74.31,20.4,49.0,Breezy,Heatwave
2022-05-16,Gilgit,Gilgit,Pakistan,35.92,74.31,27.1,336.0,Breezy,Normal
2022-05-19,Gilgit,Gilgit,Pakistan,35.92,74.31,23.3,322.0,Breezy,Heatwave
2022-05-29,Gilgit,Gilgit,Pakistan,35.92,74.31,21.7,27.0,Breezy,Normal
2022-05-30,Gilgit,Gilgit,Pakistan,35.92,74.31,24.8,292.0,Breezy,Normal
2022-06-11,Gilgit,Gilgit,Pakistan,35.92,74.31,20.4,200.0,Breezy,Normal
2022-06-14,Gilgit,Gilgit,Pakistan,35.92,74.31,22.7,142.0,Breezy,Normal
2022-06-17,Gilgit,Gilgit,Pakistan,35.92,74.31,25.2,259.0,Breezy,Normal
2022-06-18,Gilgit,Gilgit,Pakistan,35.92,74.31,26.2,84.0,Breezy,Normal
2022-06-21,Gilgit,Gilgit,Pakistan,35.92,74.31,24.6,269.0,Breezy,Normal
2022-06-22,Gilgit,Gilgit,Pakistan,35.92,74.31,28.0,115.0,Breezy,Normal
2022-06-23,Gilgit,Gilgit,Pakistan,35.92,74.31,28.3,259.0,Breezy,Heatwave
2022-07-01,Gilgit,Gilgit,Pakistan,35.92,74.31,20.6,173.0,Breezy,Normal
2022-07-02,Gilgit,Gilgit,Pakistan,35.92,74.31,22.1,317.0,Breezy,Normal
2022-07-03,Gilgit,Gilgit,Pakistan,35.92,74.31,29.9,236.0,Breezy,Normal
2022-07-04,Gilgit,Gilgit,Pakistan,35.92,74.31,22.1,99.0,Breezy,Normal
2022-07-07,Gilgit,Gilgit,Pakistan,35.92,74.31,20.3,270.0,Breezy,Normal
2022-07-08,Gilgit,Gilgit,Pakistan,35.92,74.31,22.1,183.0,Breezy,Normal
2022-07-09,Gilgit,Gilgit,Pakistan,35.92,74.31,20.5,321.0,Breezy,Normal
2022-07-11,Gilgit,Gilgit,Pakistan,35.92,74.31,25.0,59.0,Breezy,Normal
2022-07-12,Gilgit,Gilgit,Pakistan,35.92,74.31,24.6,157.0,Breezy,Normal
2022-07-14,Gilgit,Gilgit,Pakistan,35.92,74.31,23.8,53.0,Breezy,Normal
2022-07-23,Gilgit,Gilgit,Pakistan,35.92,74.31,27.6,114.0,Breezy,Normal
2022-07-25,Gilgit,Gilgit,Pakistan,35.92,74.31,27.6,170.0,Breezy,Normal
2022-07-26,Gilgit,Gilgit,Pakistan,35.92,74.31,22.0,293.0,Breezy,Normal
2022-07-27,Gilgit,Gilgit,Pakistan,35.92,74.31,24.0,137.0,Breezy,Normal
2022-07-29,Gilgit,Gilgit,Pakistan,35.92,74.31,31.2,66.0,Breezy,Normal
2022-08-02,Gilgit,Gilgit,Pakistan,35.92,74.31,25.1,56.0,Breezy,Normal
2022-08-06,Gilgit,Gilgit,Pakistan,35.92,74.31,24.5,94.0,Breezy,Normal
2022-08-12,Gilgit,Gilgit,Pakistan,35.92,74.31,26.7,324.0,Breezy,Normal
2022-08-16,Gilgit,Gilgit,Pakistan,35.92,74.31,26.5,71.0,Breezy,Normal
2022-08-20,Gilgit,Gilgit,Pakistan,35.92,74.31,26.6,283.0,Breezy,Normal
2022-08-21,Gilgit,Gilgit,Pakistan,35.92,74.31,33.5,292.0,Breezy,Normal
2022-08-24,Gilgit,Gilgit,Pakistan,35.92,74.31,22.1,181.0,Breezy,Normal
2022-08-27,Gilgit,Gilgit,Pakistan,35.92,74.31,22.0,211.0,Breezy,Normal
2022-08-28,Gilgit,Gilgit,Pakistan,35.92,74.31,39.0,126.0,Breezy,Normal
2022-08-31,Gilgit,Gilgit,Pakistan,35.92,74.31,21.5,7.0,Breezy,Normal
2022-09-06,Gilgit,Gilgit,Pakistan,35.92,74.31,29.9,3.0,Breezy,Normal
2022-09-08,Gilgit,Gilgit,Pakistan,35.92,74.31,27.6,273.0,Breezy,Normal
2022-09-11,Gilgit,Gilgit,Pakistan,35.92,74.31,29.1,170.0,Breezy,Normal
2022-09-12,Gilgit,Gilgit,Pakistan,35.92,74.31,29.2,114.0,Breezy,Normal
2022-09-13,Gilgit,Gilgit,Pakistan,35.92,74.31,28.7,89.0,Breezy,Normal
2022-09-17,Gilgit,Gilgit,Pakistan,35.92,74.31,38.5,54.0,Breezy,Normal
2022-09-18,Gilgit,Gilgit,Pakistan,35.92,74.31,34.8,4.0,Breezy,Normal
2022-09-22,Gilgit,Gilgit,Pakistan,35.92,74.31,22.7,84.0,Breezy,Normal
2022-09-23,Gilgit,Gilgit,Pakistan,35.92,74.31,33.1,353.0,Breezy,Normal
2022-09-24,Gilgit,Gilgit,Pakistan,35.92,74.31,20.3,279.0,Breezy,Normal
2022-09-26,Gilgit,Gilgit,Pakistan,35.92,74.31,22.3,325.0,Breezy,Normal
2022-09-27,Gilgit,Gilgit,Pakistan,35.92,74.31,23.2,115.0,Breezy,Normal
2022-09-28,Gilgit,Gilgit,Pakistan,35.92,74.31,28.0,150.0,Breezy,Normal
2022-09-29,Gilgit,Gilgit,Pakistan,35.92,74.31,29.5,28.0,Breezy,Normal
2022-09-30,Gilgit,Gilgit,Pakistan,35.92,74.31,26.7,258.0,Breezy,Normal
2022-10-03,Gilgit,Gilgit,Pakistan,35.92,74.31,20.5,350.0,Breezy,Normal
2022-10-04,Gilgit,Gilgit,Pakistan,35.92,74.31,29.5,192.0,Breezy,Normal
2022-10-05,Gilgit,Gilgit,Pakistan,35.92,74.31,32.8,94.0,Breezy,Normal
2022-10-09,Gilgit,Gilgit,Pakistan,35.92,74.31,33.2,68.0,Breezy,Normal
2022-10-16,Gilgit,Gilgit,Pakistan,35.92,74.31,21.4,318.0,Breezy,Normal
2022-10-17,Gilgit,Gilgit,Pakistan,35.92,74.31,23.2,281.0,Breezy,Normal
2022-10-21,Gilgit,Gilgit,Pakistan,35.92,74.31,22.2,330.0,Breezy,Normal
2022-10-23,Gilgit,Gilgit,Pakistan,35.92,74.31,21.4,207.0,Breezy,Normal
2022-10-26,Gilgit,Gilgit,Pakistan,35.92,74.31,21.3,345.0,Breezy,Normal
2022-10-27,Gilgit,Gilgit,Pakistan,35.92,74.31,21.9,310.0,Breezy,Normal
2022-11-01,Gilgit,Gilgit,Pakistan,35.92,74.31,20.4,324.0,Breezy,Normal
2022-11-02,Gilgit,Gilgit,Pakistan,35.92,74.31,28.3,185.0,Breezy,Normal
2022-11-03,Gilgit,Gilgit,Pakistan,35.92,74.31,30.8,50.0,Breezy,Normal
2022-11-04,Gilgit,Gilgit,Pakistan,35.92,74.31,21.2,335.0,Breezy,Normal
2022-11-06,Gilgit,Gilgit,Pakistan,35.92,74.31,24.2,357.0,Breezy,Normal
2022-11-07,Gilgit,Gilgit,Pakistan,35.92,74.31,37.1,85.0,Breezy,Normal
2022-11-08,Gilgit,Gilgit,Pakistan,35.92,74.31,35.4,138.0,Breezy,Normal
2022-11-09,Gilgit,Gilgit,Pakistan,35.92,74.31,21.7,248.0,Breezy,Normal
2022-11-10,Gilgit,Gilgit,Pakistan,35.92,74.31,24.1,355.0,Breezy,Normal
2022-11-18,Gilgit,Gilgit,Pakistan,35.92,74.31,27.0,24.0,Breezy,Normal
2022-11-19,Gilgit,Gilgit,Pakistan,35.92,74.31,23.1,141.0,Breezy,Normal
2022-11-20,Gilgit,Gilgit,Pakistan,35.92,74.31,39.4,300.0,Breezy,Normal
2022-11-22,Gilgit,Gilgit,Pakistan,35.92,74.31,24.5,319.0,Breezy,Normal
2022-11-26,Gilgit,Gilgit,Pakistan,35.92,74.31,32.3,152.0,Breezy,Normal
2022-11-27,Gilgit,Gilgit,Pakistan,35.92,74.31,29.3,133.0,Breezy,Normal
2022-12-03,Gilgit,Gilgit,Pakistan,35.92,74.31,23.4,167.0,Breezy,Normal
2022-12-08,Gilgit,Gilgit,Pakistan,35.92,74.31,29.5,118.0,Breezy,Normal
2022-12-09,Gilgit,Gilgit,Pakistan,35.92,74.31,24.0,191.0,Breezy,Normal
2022-12-13,Gilgit,Gilgit,Pakistan,35.92,74.31,29.2,37.0,Breezy,Normal
2022-12-14,Gilgit,Gilgit,Pakistan,35.92,74.31,29.5,147.0,Breezy,Normal
2022-12-15,Gilgit,Gilgit,Pakistan,35.92,74.31,30.4,127.0,Breezy,Normal
2022-12-20,Gilgit,Gilgit,Pakistan,35.92,74.31,30.6,16.0,Breezy,Normal
2022-12-21,Gilgit,Gilgit,Pakistan,35.92,74.31,21.3,242.0,Breezy,Normal
2022-12-22,Gilgit,Gilgit,Pakistan,35.92,74.31,28.0,215.0,Breezy,Normal
2022-12-23,Gilgit,Gilgit,Pakistan,35.92,74.31,25.2,11.0,Breezy,Normal
2022-12-28,Gilgit,Gilgit,Pakistan,35.92,74.31,21.6,269.0,Breezy,Normal
2022-12-31,Gilgit,Gilgit,Pakistan,35.92,74.31,24.1,169.0,Breezy,Normal
2023-01-01,Gilgit,Gilgit,Pakistan,35.92,74.31,20.7,287.0,Breezy,Normal
2023-01-14,Gilgit,Gilgit,Pakistan,35.92,74.31,26.2,78.0,Breezy,Normal
2023-01-18,Gilgit,Gilgit,Pakistan,35.92,74.31,26.6,165.0,Breezy,Normal
2023-01-20,Gilgit,Gilgit,Pakistan,35.92,74.31,20.2,5.0,Breezy,Normal
2023-01-24,Gilgit,Gilgit,Pakistan,35.92,74.31,28.0,277.0,Breezy,Normal
2023-01-27,Gilgit,Gilgit,Pakistan,35.92,74.31,22.2,285.0,Breezy,Normal
2023-01-28,Gilgit,Gilgit,Pakistan,35.92,74.31,21.8,113.0,Breezy,Normal
2023-01-31,Gilgit,Gilgit,Pakistan,35.92,74.31,21.0,220.0,Breezy,Normal
2023-02-09,Gilgit,Gilgit,Pakistan,35.92,74.31,25.8,314.0,Breezy,Normal
2023-02-12,Gilgit,Gilgit,Pakistan,35.92,74.31,31.5,292.0,Breezy,Normal
2023-02-13,Gilgit,Gilgit,Pakistan,35.92,74.31,25.7,111.0,Breezy,Normal
2023-02-19,Gilgit,Gilgit,Pakistan,35.92,74.31,22.9,67.0,Breezy,Normal
2023-02-21,Gilgit,Gilgit,Pakistan,35.92,74.31,29.2,101.0,Breezy,Normal
2023-02-23,Gilgit,Gilgit,Pakistan,35.92,74.31,22.7,291.0,Breezy,Normal
2023-02-24,Gilgit,Gilgit,Pakistan,35.92,74.31,20.9,211.0,Breezy,Heatwave
2023-02-25,Gilgit,Gilgit,Pakistan,35.92,74.31,27.9,355.0,Breezy,Normal
2023-02-27,Gilgit,Gilgit,Pakistan,35.92,74.31,27.7,331.0,Breezy,Normal
2023-03-06,Gilgit,Gilgit,Pakistan,35.92,74.31,28.8,40.0,Breezy,Normal
2023-03-09,Gilgit,Gilgit,Pakistan,35.92,74.31,22.7,21.0,Breezy,Normal
2023-03-11,Gilgit,Gilgit,Pakistan,35.92,74.31,21.9,331.0,Breezy,Normal
2023-03-13,Gilgit,Gilgit,Pakistan,35.92,74.31,26.1,216.0,Breezy,Normal
2023-03-14,Gilgit,Gilgit,Pakistan,35.92,74.31,23.7,132.0,Breezy,Normal
2023-03-20,Gilgit,Gilgit,Pakistan,35.92,74.31,33.5,34.0,Breezy,Normal
2023-03-21,Gilgit,Gilgit,Pakistan,35.92,74.31,22.1,274.0,Breezy,Heatwave
2023-03-23,Gilgit,Gilgit,Pakistan,35.92,74.31,30.5,109.0,Breezy,Normal
2023-03-24,Gilgit,Gilgit,Pakistan,35.92,74.31,34.8,86.0,Breezy,Normal
2023-03-31,Gilgit,Gilgit,Pakistan,35.92,74.31,25.3,257.0,Breezy,Normal
2023-04-04,Gilgit,Gilgit,Pakistan,35.92,74.31,24.1,212.0,Breezy,Heatwave
2023-04-05,Gilgit,Gilgit,Pakistan,35.92,74.31,30.5,326.0,Breezy,Heatwave
2023-04-09,Gilgit,Gilgit,Pakistan,35.92,74.31,26.0,80.0,Breezy,Normal
2023-04-12,Gilgit,Gilgit,Pakistan,35.92,74.31,28.3,253.0,Breezy,Heatwave
2023-04-19,Gilgit,Gilgit,Pakistan,35.92,74.31,27.0,359.0,Breezy,Heatwave
2023-04-20,Gilgit,Gilgit,Pakistan,35.92,74.31,26.0,202.0,Breezy,Heatwave
2023-04-21,Gilgit,Gilgit,Pakistan,35.92,74.31,29.3,175.0,Breezy,Normal
2023-04-22,Gilgit,Gilgit,Pakistan,35.92,74.31,20.8,76.0,Breezy,Heatwave
2023-04-27,Gilgit,Gilgit,Pakistan,35.92,74.31,22.8,189.0,Breezy,Heatwave
2023-04-28,Gilgit,Gilgit,Pakistan,35.92,74.31,29.4,203.0,Breezy,Heatwave
2023-05-02,Gilgit,Gilgit,Pakistan,35.92,74.31,28.2,53.0,Breezy,Heatwave
2023-05-05,Gilgit,Gilgit,Pakistan,35.92,74.31,30.0,322.0,Breezy,Normal
2023-05-07,Gilgit,Gilgit,Pakistan,35.92,74.31,28.1,82.0,Breezy,Normal
2023-05-10,Gilgit,Gilgit,Pakistan,35.92,74.31,25.2,41.0,Breezy,Heatwave
2023-05-12,Gilgit,Gilgit,Pakistan,35.92,74.31,30.1,217.0,Breezy,Normal
2023-05-16,Gilgit,Gilgit,Pakistan,35.92,74.31,25.9,357.0,Breezy,Normal
2023-05-17,Gilgit,Gilgit,Pakistan,35.92,74.31,30.5,166.0,Breezy,Normal
2023-05-18,Gilgit,Gilgit,Pakistan,35.92,74.31,22.4,334.0,Breezy,Normal
2023-05-24,Gilgit,Gilgit,Pakistan,35.92,74.31,23.3,106.0,Breezy,Normal
2023-05-26,Gilgit,Gilgit,Pakistan,35.92,74.31,20.3,300.0,Breezy,Heatwave
2023-05-29,Gilgit,Gilgit,Pakistan,35.92,74.31,24.1,233.0,Breezy,Normal
2023-05-30,Gilgit,Gilgit,Pakistan,35.92,74.31,23.5,260.0,Breezy,Normal
2023-06-04,Gilgit,Gilgit,Pakistan,35.92,74.31,22.2,144.0,Breezy,Normal
2023-06-06,Gilgit,Gilgit,Pakistan,35.92,74.31,26.7,199.0,Breezy,Heatwave
2023-06-09,Gilgit,Gilgit,Pakistan,35.92,74.31,21.8,145.0,Breezy,Normal
2023-06-14,Gilgit,Gilgit,Pakistan,35.92,74.31,35.0,104.0,Breezy,Normal
2023-06-22,Gilgit,Gilgit,Pakistan,35.92,74.31,20.9,174.0,Breezy,Normal
2023-06-23,Gilgit,Gilgit,Pakistan,35.92,74.31,20.3,174.0,Breezy,Normal
2023-06-24,Gilgit,Gilgit,Pakistan,35.92,74.31,27.9,62.0,Breezy,Normal
2023-06-25,Gilgit,Gilgit,Pakistan,35.92,74.31,22.2,280.0,Breezy,Normal
2023-06-28,Gilgit,Gilgit,Pakistan,35.92,74.31,20.9,7.0,Breezy,Normal
2023-06-29,Gilgit,Gilgit,Pakistan,35.92,74.31,22.3,26.0,Breezy,Normal
2023-07-03,Gilgit,Gilgit,Pakistan,35.92,74.31,24.5,86.0,Breezy,Normal
2023-07-05,Gilgit,Gilgit,Pakistan,35.92,74.31,23.9,151.0,Breezy,Normal
2023-07-10,Gilgit,Gilgit,Pakistan,35.92,74.31,20.8,345.0,Breezy,Normal
2023-07-11,Gilgit,Gilgit,Pakistan,35.92,74.31,21.2,72.0,Breezy,Normal
2023-07-14,Gilgit,Gilgit,Pakistan,35.92,74.31,33.9,122.0,Breezy,Normal
2023-07-17,Gilgit,Gilgit,Pakistan,35.92,74.31,27.9,203.0,Breezy,Normal
2023-07-19,Gilgit,Gilgit,Pakistan,35.92,74.31,23.3,355.0,Breezy,Normal
2023-07-22,Gilgit,Gilgit,Pakistan,35.92,74.31,21.2,258.0,Breezy,Normal
2023-07-26,Gilgit,Gilgit,Pakistan,35.92,74.31,20.9,349.0,Breezy,Normal
2023-07-28,Gilgit,Gilgit,Pakistan,35.92,74.31,20.4,154.0,Breezy,Normal
2023-07-30,Gilgit,Gilgit,Pakistan,35.92,74.31,24.7,285.0,Breezy,Normal
2023-08-11,Gilgit,Gilgit,Pakistan,35.92,74.31,21.1,357.0,Breezy,Normal
2023-08-13,Gilgit,Gilgit,Pakistan,35.92,74.31,23.9,16.0,Breezy,Normal
2023-08-18,Gilgit,Gilgit,Pakistan,35.92,74.31,28.5,321.0,Breezy,Normal
2023-08-19,Gilgit,Gilgit,Pakistan,35.92,74.31,21.4,116.0,Breezy,Normal
2023-08-20,Gilgit,Gilgit,Pakistan,35.92,74.31,26.1,193.0,Breezy,Normal
2023-08-23,Gilgit,Gilgit,Pakistan,35.92,74.31,28.5,50.0,Breezy,Normal
2023-09-08,Gilgit,Gilgit,Pakistan,35.92,74.31,24.4,324.0,Breezy,Normal
2023-09-10,Gilgit,Gilgit,Pakistan,35.92,74.31,22.9,219.0,Breezy,Normal
2023-09-12,Gilgit,Gilgit,Pakistan,35.92,74.31,20.9,216.0,Breezy,Normal
2023-09-15,Gilgit,Gilgit,Pakistan,35.92,74.31,21.0,39.0,Breezy,Normal
2023-09-23,Gilgit,Gilgit,Pakistan,35.92,74.31,28.2,37.0,Breezy,Normal
2023-09-24,Gilgit,Gilgit,Pakistan,35.92,74.31,29.8,18.0,Breezy,Normal
2023-09-25,Gilgit,Gilgit,Pakistan,35.92,74.31,24.2,189.0,Breezy,Normal
2023-09-28,Gilgit,Gilgit,Pakistan,35.92,74.31,22.9,289.0,Breezy,Normal
2023-10-04,Gilgit,Gilgit,Pakistan,35.92,74.31,29.3,114.0,Breezy,Normal
2023-10-10,Gilgit,Gilgit,Pakistan,35.92,74.31,30.5,123.0,Breezy,Normal
2023-10-13,Gilgit,Gilgit,Pakistan,35.92,74.31,31.7,70.0,Breezy,Normal
2023-10-17,Gilgit,Gilgit,Pakistan,35.92,74.31,25.4,126.0,Breezy,Normal
2023-10-21,Gilgit,Gilgit,Pakistan,35.92,74.31,27.1,190.0,Breezy,Normal
2023-10-27,Gilgit,Gilgit,Pakistan,35.92,74.31,26.9,268.0,Breezy,Normal
2023-10-28,Gilgit,Gilgit,Pakistan,35.92,74.31,21.3,254.0,Breezy,Normal
2023-10-29,Gilgit,Gilgit,Pakistan,35.92,74.31,24.0,139.0,Breezy,Normal
2023-10-30,Gilgit,Gilgit,Pakistan,35.92,74.31,30.7,265.0,Breezy,Normal
2023-11-02,Gilgit,Gilgit,Pakistan,35.92,74.31,30.2,214.0,Breezy,Normal
2023-11-06,Gilgit,Gilgit,Pakistan,35.92,74.31,20.7,214.0,Breezy,Normal
2023-11-09,Gilgit,Gilgit,Pakistan,35.92,74.31,30.1,299.0,Breezy,Normal
2023-11-12,Gilgit,Gilgit,Pakistan,35.92,74.31,25.6,327.0,Breezy,Normal
2023-11-13,Gilgit,Gilgit,Pakistan,35.92,74.31,22.9,241.0,Breezy,Normal
2023-11-14,Gilgit,Gilgit,Pakistan,35.92,74.31,24.3,31.0,Breezy,Normal
2023-12-03,Gilgit,Gilgit,Pakistan,35.92,74.31,47.3,111.0,Windy,Normal
2023-12-04,Gilgit,Gilgit,Pakistan,35.92,74.31,29.3,124.0,Breezy,Normal
2023-12-05,Gilgit,Gilgit,Pakistan,35.92,74.31,20.1,98.0,Breezy,Normal
2023-12-08,Gilgit,Gilgit,Pakistan,35.92,74.31,24.0,328.0,Breezy,Normal
2023-12-12,Gilgit,Gilgit,Pakistan,35.92,74.31,27.8,148.0,Breezy,Normal
2023-12-15,Gilgit,Gilgit,Pakistan,35.92,74.31,20.6,317.0,Breezy,Normal
2023-12-16,Gilgit,Gilgit,Pakistan,35.92,74.31,25.1,221.0,Breezy,Normal
2023-12-19,Gilgit,Gilgit,Pakistan,35.92,74.31,30.6,56.0,Breezy,Normal
2023-12-21,Gilgit,Gilgit,Pakistan,35.92,74.31,26.2,223.0,Breezy,Normal
2023-12-23,Gilgit,Gilgit,Pakistan,35.92,74.31,34.5,273.0,Breezy,Normal
2022-01-31,Muzaffarabad,Muzaffarabad,Pakistan,34.37,73.47,20.2,36.0,Breezy,Normal
2022-02-02,Muzaffarabad,Muzaffarabad,Pakistan,34.37,73.47,22.4,231.0,Breezy,Normal
2022-02-18,Muzaffarabad,Muzaffarabad,Pakistan,34.37,73.47,21.6,182.0,Breezy,Normal
2022-02-20,Muzaffarabad,Muzaffarabad,Pakistan,34.37,73.47,23.2,59.0,Breezy,Normal
2022-02-21,Muzaffarabad,Muzaffarabad,Pakistan,34.37,73.47,26.1,89.0,Breezy,Normal
2022-03-09,Muzaffarabad,Muzaffarabad,Pakistan,34.37,73.47,21.9,13.0,Breezy,Heatwave
2022-03-30,Muzaffarabad,Muzaffarabad,Pakistan,34.37,73.47,20.7,20.0,Breezy,Normal
2022-04-12,Muzaffarabad,Muzaffarabad,Pakistan,34.37,73.47,25.9,291.0,Breezy,Normal
2022-04-28,Muzaffarabad,Muzaffarabad,Pakistan,34.37,73.47,21.5,269.0,Breezy,Heatwave
2022-05-30,Muzaffarabad,Muzaffarabad,Pakistan,34.37,73.47,22.6,169.0,Breezy,Normal
2022-06-02,Muzaffarabad,Muzaffarabad,Pakistan,34.37,73.47,21.6,330.0,Breezy,Heatwave
2022-06-10,Muzaffarabad,Muzaffarabad,Pakistan,34.37,73.47,24.3,40.0,Breezy,Normal
2022-06-20,Muzaffarabad,Muzaffarabad,Pakistan,34.37,73.47,21.2,132.0,Breezy,Normal
2022-07-03,Muzaffarabad,Muzaffarabad,Pakistan,34.37,73.47,20.4,312.0,Breezy,Normal
2022-07-13,Muzaffarabad,Muzaffarabad,Pakistan,34.37,73.47,30.9,236.0,Breezy,Normal
2022-07-22,Muzaffarabad,Muzaffarabad,Pakistan,34.37,73.47,20.1,301.0,Breezy,Normal
2022-08-05,Muzaffarabad,Muzaffarabad,Pakistan,34.37,73.47,20.3,252.0,Breezy,Normal
2022-08-14,Muzaffarabad,Muzaffarabad,Pakistan,34.37,73.47,28.4,236.0,Breezy,Normal
2022-08-15,Muzaffarabad,Muzaffarabad,Pakistan,34.37,73.47,20.8,106.0,Breezy,Normal
2022-08-18,Muzaffarabad,Muzaffarabad,Pakistan,34.37,73.47,22.2,152.0,Breezy,Normal
2022-08-30,Muzaffarabad,Muzaffarabad,Pakistan,34.37,73.47,25.1,55.0,Breezy,Normal
2022-08-31,Muzaffarabad,Muzaffarabad,Pakistan,34.37,73.47,25.0,75.0,Breezy,Normal
2022-09-01,Muzaffarabad,Muzaffarabad,Pakistan,34.37,73.47,22.0,186.0,Breezy,Normal
2022-09-03,Muzaffarabad,Muzaffarabad,Pakistan,34.37,73.47,21.6,195.0,Breezy,Normal
2022-09-17,Muzaffarabad,Muzaffarabad,Pakistan,34.37,73.47,23.7,298.0,Breezy,Normal
2022-09-20,Muzaffarabad,Muzaffarabad,Pakistan,34.37,73.47,24.0,268.0,Breezy,Normal
2022-10-07,Muzaffarabad,Muzaffarabad,Pakistan,34.37,73.47,20.4,205.0,Breezy,Normal
2022-10-10,Muzaffarabad,Muzaffarabad,Pakistan,34.37,73.47,26.2,16.0,Breezy,Normal
2022-10-23,Muzaffarabad,Muzaffarabad,Pakistan,34.37,73.47,24.6,206.0,Breezy,Normal
2022-10-26,Muzaffarabad,Muzaffarabad,Pakistan,34.37,73.47,20.3,217.0,Breezy,Normal
2022-11-13,Muzaffarabad,Muzaffarabad,Pakistan,34.37,73.47,22.4,224.0,Breezy,Normal
2022-11-29,Muzaffarabad,Muzaffarabad,Pakistan,34.37,73.47,25.2,157.0,Breezy,Normal
2022-12-05,Muzaffarabad,Muzaffarabad,Pakistan,34.37,73.47,21.2,77.0,Breezy,Normal
2022-12-06,Muzaffarabad,Muzaffarabad,Pakistan,34.37,73.47,20.6,304.0,Breezy,Normal
2022-12-13,Muzaffarabad,Muzaffarabad,Pakistan,34.37,73.47,24.6,215.0,Breezy,Normal
2023-01-03,Muzaffarabad,Muzaffarabad,Pakistan,34.37,73.47,28.7,60.0,Breezy,Normal
2023-01-20,Muzaffarabad,Muzaffarabad,Pakistan,34.37,73.47,23.4,221.0,Breezy,Normal
2023-01-24,Muzaffarabad,Muzaffarabad,Pakistan,34.37,73.47,20.6,241.0,Breezy,Normal
2023-01-26,Muzaffarabad,Muzaffarabad,Pakistan,34.37,73.47,25.2,60.0,Breezy,Normal
2023-02-12,Muzaffarabad,Muzaffarabad,Pakistan,34.37,73.47,21.4,115.0,Breezy,Normal
2023-02-20,Muzaffarabad,Muzaffarabad,Pakistan,34.37,73.47,25.8,33.0,Breezy,Normal
2023-03-18,Muzaffarabad,Muzaffarabad,Pakistan,34.37,73.47,20.3,290.0,Breezy,Heatwave
2023-04-11,Muzaffarabad,Muzaffarabad,Pakistan,34.37,73.47,24.9,219.0,Breezy,Heatwave
2023-04-28,Muzaffarabad,Muzaffarabad,Pakistan,34.37,73.47,21.7,30.0,Breezy,Heatwave
2023-05-20,Muzaffarabad,Muzaffarabad,Pakistan,34.37,73.47,22.3,10.0,Breezy,Heatwave
2023-06-04,Muzaffarabad,Muzaffarabad,Pakistan,34.37,73.47,22.1,67.0,Breezy,Normal
2023-06-06,Muzaffarabad,Muzaffarabad,Pakistan,34.37,73.47,25.6,218.0,Breezy,Normal
2023-06-07,Muzaffarabad,Muzaffarabad,Pakistan,34.37,73.47,20.7,251.0,Breezy,Normal
2023-06-24,Muzaffarabad,Muzaffarabad,Pakistan,34.37,73.47,25.7,282.0,Breezy,Normal
2023-07-07,Muzaffarabad,Muzaffarabad,Pakistan,34.37,73.47,21.6,325.0,Breezy,Normal
2023-08-12,Muzaffarabad,Muzaffarabad,Pakistan,34.37,73.47,21.0,223.0,Breezy,Normal
2023-08-16,Muzaffarabad,Muzaffarabad,Pakistan,34.37,73.47,22.0,85.0,Breezy,Normal
2023-08-24,Muzaffarabad,Muzaffarabad,Pakistan,34.37,73.47,23.3,226.0,Breezy,Normal
2023-09-18,Muzaffarabad,Muzaffarabad,Pakistan,34.37,73.47,20.9,62.0,Breezy,Normal
2023-09-21,Muzaffarabad,Muzaffarabad,Pakistan,34.37,73.47,20.1,240.0,Breezy,Normal
2023-10-07,Muzaffarabad,Muzaffarabad,Pakistan,34.37,73.47,24.5,184.0,Breezy,Normal
2023-10-14,Muzaffarabad,Muzaffarabad,Pakistan,34.37,73.47,20.9,72.0,Breezy,Normal
2023-10-17,Muzaffarabad,Muzaffarabad,Pakistan,34.37,73.47,20.3,230.0,Breezy,Normal
2023-11-23,Muzaffarabad,Muzaffarabad,Pakistan,34.37,73.47,21.0,11.0,Breezy,Normal
2023-12-03,Muzaffarabad,Muzaffarabad,Pakistan,34.37,73.47,21.5,72.0,Breezy,Normal
2023-12-31,Muzaffarabad,Muzaffarabad,Pakistan,34.37,73.47,21.5,210.0,Breezy,Normal
2022-01-06,Sialkot,Sialkot,Pakistan,32.49,74.53,23.9,305.0,Breezy,Normal
2022-01-27,Sialkot,Sialkot,Pakistan,32.49,74.53,24.5,350.0,Breezy,Normal
2022-02-04,Sialkot,Sialkot,Pakistan,32.49,74.53,25.3,141.0,Breezy,Normal
2022-02-05,Sialkot,Sialkot,Pakistan,32.49,74.53,23.3,235.0,Breezy,Normal
2022-02-12,Sialkot,Sialkot,Pakistan,32.49,74.53,24.6,339.0,Breezy,Normal
2022-02-13,Sialkot,Sialkot,Pakistan,32.49,74.53,21.0,176.0,Breezy,Normal
2022-02-27,Sialkot,Sialkot,Pakistan,32.49,74.53,20.1,286.0,Breezy,Heatwave
2022-03-10,Sialkot,Sialkot,Pakistan,32.49,74.53,25.3,323.0,Breezy,Heatwave
2022-03-16,Sialkot,Sialkot,Pakistan,32.49,74.53,21.5,122.0,Breezy,Heatwave
2022-03-26,Sialkot,Sialkot,Pakistan,32.49,74.53,24.7,98.0,Breezy,Heatwave
2022-03-28,Sialkot,Sialkot,Pakistan,32.49,74.53,27.8,136.0,Breezy,Heatwave
2022-03-29,Sialkot,Sialkot,Pakistan,32.49,74.53,25.4,128.0,Breezy,Heatwave
2022-04-02,Sialkot,Sialkot,Pakistan,32.49,74.53,20.2,222.0,Breezy,Heatwave
2022-04-07,Sialkot,Sialkot,Pakistan,32.49,74.53,26.9,338.0,Breezy,Heatwave
2022-04-15,Sialkot,Sialkot,Pakistan,32.49,74.53,25.1,91.0,Breezy,Heatwave
2022-04-20,Sialkot,Sialkot,Pakistan,32.49,74.53,20.1,303.0,Breezy,Heatwave
2022-04-22,Sialkot,Sialkot,Pakistan,32.49,74.53,22.5,8.0,Breezy,Heatwave
2022-04-27,Sialkot,Sialkot,Pakistan,32.49,74.53,22.3,116.0,Breezy,Heatwave
2022-04-29,Sialkot,Sialkot,Pakistan,32.49,74.53,27.1,346.0,Breezy,Heatwave
2022-05-02,Sialkot,Sialkot,Pakistan,32.49,74.53,26.9,138.0,Breezy,Heatwave
2022-05-05,Sialkot,Sialkot,Pakistan,32.49,74.53,21.6,358.0,Breezy,Heatwave
2022-05-10,Sialkot,Sialkot,Pakistan,32.49,74.53,22.7,78.0,Breezy,Normal
2022-05-13,Sialkot,Sialkot,Pakistan,32.49,74.53,30.1,278.0,Breezy,Heatwave
2022-05-22,Sialkot,Sialkot,Pakistan,32.49,74.53,25.2,181.0,Breezy,Heatwave
2022-06-06,Sialkot,Sialkot,Pakistan,32.49,74.53,22.3,332.0,Breezy,Normal
2022-06-22,Sialkot,Sialkot,Pakistan,32.49,74.53,22.9,88.0,Breezy,Normal
2022-06-23,Sialkot,Sialkot,Pakistan,32.49,74.53,26.5,125.0,Breezy,Normal
2022-06-29,Sialkot,Sialkot,Pakistan,32.49,74.53,24.8,342.0,Breezy,Normal
2022-06-30,Sialkot,Sialkot,Pakistan,32.49,74.53,20.9,308.0,Breezy,Normal
2022-07-02,Sialkot,Sialkot,Pakistan,32.49,74.53,20.8,75.0,Breezy,Normal
2022-07-06,Sialkot,Sialkot,Pakistan,32.49,74.53,21.5,128.0,Breezy,Normal
2022-07-12,Sialkot,Sialkot,Pakistan,32.49,74.53,20.8,314.0,Breezy,Normal
2022-07-13,Sialkot,Sialkot,Pakistan,32.49,74.53,24.3,217.0,Breezy,Normal
2022-07-17,Sialkot,Sialkot,Pakistan,32.49,74.53,21.2,12.0,Breezy,Normal
2022-08-08,Sialkot,Sialkot,Pakistan,32.49,74.53,20.6,234.0,Breezy,Normal
2022-08-09,Sialkot,Sialkot,Pakistan,32.49,74.53,21.7,2.0,Breezy,Normal
2022-08-17,Sialkot,Sialkot,Pakistan,32.49,74.53,23.6,181.0,Breezy,Normal
2022-08-29,Sialkot,Sialkot,Pakistan,32.49,74.53,30.7,256.0,Breezy,Normal
2022-08-31,Sialkot,Sialkot,Pakistan,32.49,74.53,22.9,254.0,Breezy,Normal
2022-09-02,Sialkot,Sialkot,Pakistan,32.49,74.53,22.9,137.0,Breezy,Normal
2022-09-11,Sialkot,Sialkot,Pakistan,32.49,74.53,22.5,182.0,Breezy,Normal
2022-10-17,Sialkot,Sialkot,Pakistan,32.49,74.53,25.6,76.0,Breezy,Normal
2022-10-20,Sialkot,Sialkot,Pakistan,32.49,74.53,28.0,81.0,Breezy,Normal
2022-10-23,Sialkot,Sialkot,Pakistan,32.49,74.53,22.5,288.0,Breezy,Normal
2022-10-30,Sialkot,Sialkot,Pakistan,32.49,74.53,21.7,210.0,Breezy,Normal
2022-11-02,Sialkot,Sialkot,Pakistan,32.49,74.53,25.8,280.0,Breezy,Normal
2022-11-03,Sialkot,Sialkot,Pakistan,32.49,74.53,20.3,141.0,Breezy,Normal
2022-11-07,Sialkot,Sialkot,Pakistan,32.49,74.53,23.3,46.0,Breezy,Normal
2022-11-11,Sialkot,Sialkot,Pakistan,32.49,74.53,20.7,150.0,Breezy,Normal
2022-11-14,Sialkot,Sialkot,Pakistan,32.49,74.53,21.1,16.0,Breezy,Normal
2022-11-26,Sialkot,Sialkot,Pakistan,32.49,74.53,21.7,230.0,Breezy,Normal
2022-12-20,Sialkot,Sialkot,Pakistan,32.49,74.53,25.9,184.0,Breezy,Normal
2022-12-29,Sialkot,Sialkot,Pakistan,32.49,74.53,22.7,28.0,Breezy,Normal
2023-01-09,Sialkot,Sialkot,Pakistan,32.49,74.53,29.2,345.0,Breezy,Normal
2023-01-11,Sialkot,Sialkot,Pakistan,32.49,74.53,28.0,237.0,Breezy,Normal
2023-01-17,Sialkot,Sialkot,Pakistan,32.49,74.53,25.3,187.0,Breezy,Normal
2023-01-24,Sialkot,Sialkot,Pakistan,32.49,74.53,21.5,315.0,Breezy,Normal
2023-01-30,Sialkot,Sialkot,Pakistan,32.49,74.53,24.1,178.0,Breezy,Normal
2023-02-03,Sialkot,Sialkot,Pakistan,32.49,74.53,24.7,264.0,Breezy,Heatwave
2023-02-14,Sialkot,Sialkot,Pakistan,32.49,74.53,23.8,27.0,Breezy,Normal
2023-02-19,Sialkot,Sialkot,Pakistan,32.49,74.53,21.2,168.0,Breezy,Normal
2023-02-26,Sialkot,Sialkot,Pakistan,32.49,74.53,21.6,27.0,Breezy,Heatwave
2023-02-27,Sialkot,Sialkot,Pakistan,32.49,74.53,30.9,228.0,Breezy,Heatwave
2023-03-06,Sialkot,Sialkot,Pakistan,32.49,74.53,21.6,2.0,Breezy,Heatwave
2023-03-08,Sialkot,Sialkot,Pakistan,32.49,74.53,22.2,13.0,Breezy,Heatwave
2023-03-12,Sialkot,Sialkot,Pakistan,32.49,74.53,25.4,230.0,Breezy,Heatwave
2023-03-19,Sialkot,Sialkot,Pakistan,32.49,74.53,21.7,208.0,Breezy,Heatwave
2023-03-26,Sialkot,Sialkot,Pakistan,32.49,74.53,22.3,153.0,Breezy,Heatwave
2023-04-03,Sialkot,Sialkot,Pakistan,32.49,74.53,20.3,300.0,Breezy,Heatwave
2023-04-08,Sialkot,Sialkot,Pakistan,32.49,74.53,26.1,52.0,Breezy,Heatwave
2023-04-16,Sialkot,Sialkot,Pakistan,32.49,74.53,23.3,214.0,Breezy,Heatwave
2023-04-29,Sialkot,Sialkot,Pakistan,32.49,74.53,20.1,298.0,Breezy,Heatwave
2023-05-03,Sialkot,Sialkot,Pakistan,32.49,74.53,26.0,256.0,Breezy,Heatwave
2023-05-09,Sialkot,Sialkot,Pakistan,32.49,74.53,22.9,343.0,Breezy,Heatwave
2023-06-07,Sialkot,Sialkot,Pakistan,32.49,74.53,23.4,84.0,Breezy,Heatwave
2023-06-09,Sialkot,Sialkot,Pakistan,32.49,74.53,25.2,59.0,Breezy,Heatwave
2023-06-11,Sialkot,Sialkot,Pakistan,32.49,74.53,21.1,150.0,Breezy,Heatwave
2023-06-13,Sialkot,Sialkot,Pakistan,32.49,74.53,21.1,327.0,Breezy,Normal
2023-06-17,Sialkot,Sialkot,Pakistan,32.49,74.53,21.0,123.0,Breezy,Normal
2023-06-21,Sialkot,Sialkot,Pakistan,32.49,74.53,21.3,198.0,Breezy,Heatwave
2023-06-24,Sialkot,Sialkot,Pakistan,32.49,74.53,31.9,62.0,Breezy,Normal
2023-07-09,Sialkot,Sialkot,Pakistan,32.49,74.53,25.6,81.0,Breezy,Normal
2023-07-23,Sialkot,Sialkot,Pakistan,32.49,74.53,23.3,166.0,Breezy,Normal
2023-08-02,Sialkot,Sialkot,Pakistan,32.49,74.53,21.9,133.0,Breezy,Normal
2023-08-06,Sialkot,Sialkot,Pakistan,32.49,74.53,21.9,29.0,Breezy,Normal
2023-08-13,Sialkot,Sialkot,Pakistan,32.49,74.53,24.9,76.0,Breezy,Normal
2023-08-14,Sialkot,Sialkot,Pakistan,32.49,74.53,24.5,290.0,Breezy,Normal
2023-08-16,Sialkot,Sialkot,Pakistan,32.49,74.53,21.7,110.0,Breezy,Normal
2023-08-18,Sialkot,Sialkot,Pakistan,32.49,74.53,20.5,90.0,Breezy,Normal
2023-08-19,Sialkot,Sialkot,Pakistan,32.49,74.53,20.2,353.0,Breezy,Normal
2023-08-23,Sialkot,Sialkot,Pakistan,32.49,74.53,23.5,10.0,Breezy,Normal
2023-08-25,Sialkot,Sialkot,Pakistan,32.49,74.53,20.8,357.0,Breezy,Normal
2023-09-06,Sialkot,Sialkot,Pakistan,32.49,74.53,26.8,116.0,Breezy,Normal
2023-09-08,Sialkot,Sialkot,Pakistan,32.49,74.53,23.5,26.0,Breezy,Normal
2023-09-11,Sialkot,Sialkot,Pakistan,32.49,74.53,23.8,154.0,Breezy,Normal
2023-10-05,Sialkot,Sialkot,Pakistan,32.49,74.53,23.6,265.0,Breezy,Normal
2023-10-29,Sialkot,Sialkot,Pakistan,32.49,74.53,21.5,90.0,Breezy,Normal
2023-11-06,Sialkot,Sialkot,Pakistan,32.49,74.53,28.8,158.0,Breezy,Normal
2023-11-13,Sialkot,Sialkot,Pakistan,32.49,74.53,20.9,192.0,Breezy,Normal
2023-11-15,Sialkot,Sialkot,Pakistan,32.49,74.53,24.7,117.0,Breezy,Normal
2023-11-26,Sialkot,Sialkot,Pakistan,32.49,74.53,22.2,103.0,Breezy,Normal
2023-11-28,Sialkot,Sialkot,Pakistan,32.49,74.53,21.5,256.0,Breezy,Normal
2023-12-03,Sialkot,Sialkot,Pakistan,32.49,74.53,20.1,113.0,Breezy,Normal
2023-12-07,Sialkot,Sialkot,Pakistan,32.49,74.53,21.1,167.0,Breezy,Normal
2023-12-14,Sialkot,Sialkot,Pakistan,32.49,74.53,20.1,211.0,Breezy,Normal
2023-12-29,Sialkot,Sialkot,Pakistan,32.49,74.53,23.6,72.0,Breezy,Normal
2022-01-03,New Delhi,New Delhi,India,28.61,77.21,30.9,41.0,Breezy,Normal
2022-01-08,New Delhi,New Delhi,India,28.61,77.21,20.9,147.0,Breezy,Normal
2022-01-23,New Delhi,New Delhi,India,28.61,77.21,24.5,358.0,Breezy,Normal
2022-01-29,New Delhi,New Delhi,India,28.61,77.21,28.3,227.0,Breezy,Normal
2022-02-06,New Delhi,New Delhi,India,28.61,77.21,29.9,14.0,Breezy,Heatwave
2022-02-16,New Delhi,New Delhi,India,28.61,77.21,32.3,184.0,Breezy,Normal
2022-02-17,New Delhi,New Delhi,India,28.61,77.21,20.6,232.0,Breezy,Heatwave
2022-02-21,New Delhi,New Delhi,India,28.61,77.21,23.1,249.0,Breezy,Normal
2022-02-23,New Delhi,New Delhi,India,28.61,77.21,24.9,124.0,Breezy,Normal
2022-02-26,New Delhi,New Delhi,India,28.61,77.21,26.6,231.0,Breezy,Heatwave
2022-03-01,New Delhi,New Delhi,India,28.61,77.21,36.6,243.0,Breezy,Heatwave
2022-03-06,New Delhi,New Delhi,India,28.61,77.21,27.2,22.0,Breezy,Heatwave
2022-03-11,New Delhi,New Delhi,India,28.61,77.21,24.0,186.0,Breezy,Heatwave
2022-03-18,New Delhi,New Delhi,India,28.61,77.21,20.3,243.0,Breezy,Heatwave
2022-03-20,New Delhi,New Delhi,India,28.61,77.21,30.5,211.0,Breezy,Heatwave
2022-03-21,New Delhi,New Delhi,India,28.61,77.21,23.0,116.0,Breezy,Heatwave
2022-03-22,New Delhi,New Delhi,India,28.61,77.21,23.2,67.0,Breezy,Heatwave
2022-03-23,New Delhi,New Delhi,India,28.61,77.21,22.1,147.0,Breezy,Heatwave
2022-03-25,New Delhi,New Delhi,India,28.61,77.21,23.0,356.0,Breezy,Heatwave
2022-03-26,New Delhi,New Delhi,India,28.61,77.21,24.5,296.0,Breezy,Heatwave
2022-03-28,New Delhi,New Delhi,India,28.61,77.21,21.5,179.0,Breezy,Heatwave
2022-04-01,New Delhi,New Delhi,India,28.61,77.21,26.7,73.0,Breezy,Heatwave
2022-04-04,New Delhi,New Delhi,India,28.61,77.21,20.4,230.0,Breezy,Heatwave
2022-04-05,New Delhi,New Delhi,India,28.61,77.21,22.8,21.0,Breezy,Heatwave
2022-04-06,New Delhi,New Delhi,India,28.61,77.21,24.0,26.0,Breezy,Heatwave
2022-04-10,New Delhi,New Delhi,India,28.61,77.21,24.7,97.0,Breezy,Heatwave
2022-04-11,New Delhi,New Delhi,India,28.61,77.21,28.2,153.0,Breezy,Heatwave
2022-04-25,New Delhi,New Delhi,India,28.61,77.21,22.5,35.0,Breezy,Heatwave
2022-04-27,New Delhi,New Delhi,India,28.61,77.21,20.8,247.0,Breezy,Heatwave
2022-05-04,New Delhi,New Delhi,India,28.61,77.21,20.5,247.0,Breezy,Heatwave
2022-05-07,New Delhi,New Delhi,India,28.61,77.21,24.1,211.0,Breezy,Heatwave
2022-05-08,New Delhi,New Delhi,India,28.61,77.21,30.3,98.0,Breezy,Heatwave
2022-05-09,New Delhi,New Delhi,India,28.61,77.21,24.4,123.0,Breezy,Heatwave
2022-05-13,New Delhi,New Delhi,India,28.61,77.21,24.3,263.0,Breezy,Heatwave
2022-05-14,New Delhi,New Delhi,India,28.61,77.21,21.6,345.0,Breezy,Heatwave
2022-05-16,New Delhi,New Delhi,India,28.61,77.21,22.6,216.0,Breezy,Normal
2022-05-18,New Delhi,New Delhi,India,28.61,77.21,21.7,47.0,Breezy,Normal
2022-05-25,New Delhi,New Delhi,India,28.61,77.21,21.2,77.0,Breezy,Heatwave
2022-06-05,New Delhi,New Delhi,India,28.61,77.21,22.6,258.0,Breezy,Normal
2022-06-15,New Delhi,New Delhi,India,28.61,77.21,22.7,146.0,Breezy,Heatwave
2022-06-16,New Delhi,New Delhi,India,28.61,77.21,29.6,249.0,Breezy,Normal
2022-06-19,New Delhi,New Delhi,India,28.61,77.21,22.4,39.0,Breezy,Normal
2022-06-23,New Delhi,New Delhi,India,28.61,77.21,33.4,299.0,Breezy,Normal
2022-06-24,New Delhi,New Delhi,India,28.61,77.21,26.0,256.0,Breezy,Normal
2022-06-27,New Delhi,New Delhi,India,28.61,77.21,38.0,360.0,Breezy,Normal
2022-06-29,New Delhi,New Delhi,India,28.61,77.21,25.9,83.0,Breezy,Normal
2022-07-06,New Delhi,New Delhi,India,28.61,77.21,20.3,141.0,Breezy,Normal
2022-07-11,New Delhi,New Delhi,India,28.61,77.21,24.9,122.0,Breezy,Normal
2022-07-15,New Delhi,New Delhi,India,28.61,77.21,27.6,236.0,Breezy,Normal
2022-07-18,New Delhi,New Delhi,India,28.61,77.21,25.9,56.0,Breezy,Normal
2022-07-21,New Delhi,New Delhi,India,28.61,77.21,20.1,10.0,Breezy,Normal
2022-07-22,New Delhi,New Delhi,India,28.61,77.21,27.0,341.0,Breezy,Normal
2022-07-26,New Delhi,New Delhi,India,28.61,77.21,21.0,308.0,Breezy,Normal
2022-07-27,New Delhi,New Delhi,India,28.61,77.21,29.2,26.0,Breezy,Normal
2022-08-03,New Delhi,New Delhi,India,28.61,77.21,24.6,108.0,Breezy,Normal
2022-08-17,New Delhi,New Delhi,India,28.61,77.21,23.9,54.0,Breezy,Normal
2022-08-19,New Delhi,New Delhi,India,28.61,77.21,23.1,102.0,Breezy,Normal
2022-08-23,New Delhi,New Delhi,India,28.61,77.21,25.8,189.0,Breezy,Normal
2022-08-24,New Delhi,New Delhi,India,28.61,77.21,35.6,152.0,Breezy,Normal
2022-08-25,New Delhi,New Delhi,India,28.61,77.21,26.7,280.0,Breezy,Normal
2022-08-28,New Delhi,New Delhi,India,28.61,77.21,22.1,225.0,Breezy,Normal
2022-08-30,New Delhi,New Delhi,India,28.61,77.21,25.9,179.0,Breezy,Normal
2022-09-10,New Delhi,New Delhi,India,28.61,77.21,23.5,224.0,Breezy,Normal
2022-09-13,New Delhi,New Delhi,India,28.61,77.21,27.3,340.0,Breezy,Normal
2022-09-14,New Delhi,New Delhi,India,28.61,77.21,28.6,85.0,Breezy,Normal
2022-09-20,New Delhi,New Delhi,India,28.61,77.21,20.5,196.0,Breezy,Normal
2022-09-21,New Delhi,New Delhi,India,28.61,77.21,22.5,88.0,Breezy,Normal
2022-09-25,New Delhi,New Delhi,India,28.61,77.21,21.9,6.0,Breezy,Normal
2022-09-28,New Delhi,New Delhi,India,28.61,77.21,35.5,249.0,Breezy,Normal
2022-10-02,New Delhi,New Delhi,India,28.61,77.21,20.5,92.0,Breezy,Normal
2022-10-05,New Delhi,New Delhi,India,28.61,77.21,26.3,332.0,Breezy,Normal
2022-10-06,New Delhi,New Delhi,India,28.61,77.21,37.4,9.0,Breezy,Normal
2022-10-09,New Delhi,New Delhi,India,28.61,77.21,20.4,329.0,Breezy,Normal
2022-10-10,New Delhi,New Delhi,India,28.61,77.21,23.6,43.0,Breezy,Normal
2022-10-12,New Delhi,New Delhi,India,28.61,77.21,25.6,338.0,Breezy,Normal
2022-10-14,New Delhi,New Delhi,India,28.61,77.21,22.3,235.0,Breezy,Normal
2022-10-15,New Delhi,New Delhi,India,28.61,77.21,21.5,249.0,Breezy,Normal
2022-10-16,New Delhi,New Delhi,India,28.61,77.21,20.8,188.0,Breezy,Normal
2022-10-17,New Delhi,New Delhi,India,28.61,77.21,26.2,337.0,Breezy,Normal
2022-10-18,New Delhi,New Delhi,India,28.61,77.21,33.4,207.0,Breezy,Normal
2022-10-21,New Delhi,New Delhi,India,28.61,77.21,23.1,269.0,Breezy,Normal
2022-10-22,New Delhi,New Delhi,India,28.61,77.21,20.9,157.0,Breezy,Normal
2022-10-25,New Delhi,New Delhi,India,28.61,77.21,24.5,253.0,Breezy,Normal
2022-10-28,New Delhi,New Delhi,India,28.61,77.21,25.8,68.0,Breezy,Normal
2022-11-02,New Delhi,New Delhi,India,28.61,77.21,23.1,347.0,Breezy,Normal
2022-11-07,New Delhi,New Delhi,India,28.61,77.21,26.0,124.0,Breezy,Normal
2022-11-12,New Delhi,New Delhi,India,28.61,77.21,20.3,182.0,Breezy,Normal
2022-11-14,New Delhi,New Delhi,India,28.61,77.21,20.9,160.0,Breezy,Normal
2022-11-18,New Delhi,New Delhi,India,28.61,77.21,24.0,69.0,Breezy,Normal
2022-11-19,New Delhi,New Delhi,India,28.61,77.21,20.5,118.0,Breezy,Normal
2022-11-27,New Delhi,New Delhi,India,28.61,77.21,21.2,88.0,Breezy,Normal
2022-11-28,New Delhi,New Delhi,India,28.61,77.21,26.0,53.0,Breezy,Normal
2022-12-02,New Delhi,New Delhi,India,28.61,77.21,23.4,358.0,Breezy,Normal
2022-12-04,New Delhi,New Delhi,India,28.61,77.21,24.3,177.0,Breezy,Normal
2022-12-08,New Delhi,New Delhi,India,28.61,77.21,20.2,179.0,Breezy,Normal
2022-12-17,New Delhi,New Delhi,India,28.61,77.21,20.5,52.0,Breezy,Normal
2022-12-21,New Delhi,New Delhi,India,28.61,77.21,20.6,303.0,Breezy,Normal
2022-12-25,New Delhi,New Delhi,India,28.61,77.21,32.6,26.0,Breezy,Normal
2023-01-06,New Delhi,New Delhi,India,28.61,77.21,26.3,333.0,Breezy,Normal
2023-01-07,New Delhi,New Delhi,India,28.61,77.21,34.6,95.0,Breezy,Normal
2023-01-10,New Delhi,New Delhi,India,28.61,77.21,22.7,335.0,Breezy,Normal
2023-01-11,New Delhi,New Delhi,India,28.61,77.21,26.9,158.0,Breezy,Normal
2023-01-26,New Delhi,New Delhi,India,28.61,77.21,23.6,241.0,Breezy,Normal
2023-01-31,New Delhi,New Delhi,India,28.61,77.21,22.7,8.0,Breezy,Normal
2023-02-02,New Delhi,New Delhi,India,28.61,77.21,25.3,241.0,Breezy,Heatwave
2023-02-07,New Delhi,New Delhi,India,28.61,77.21,20.2,211.0,Breezy,Normal
2023-02-15,New Delhi,New Delhi,India,28.61,77.21,21.3,124.0,Breezy,Normal
2023-02-22,New Delhi,New Delhi,India,28.61,77.21,22.8,165.0,Breezy,Heatwave
2023-02-25,New Delhi,New Delhi,India,28.61,77.21,29.8,163.0,Breezy,Heatwave
2023-03-01,New Delhi,New Delhi,India,28.61,77.21,21.0,34.0,Breezy,Normal
2023-03-03,New Delhi,New Delhi,India,28.61,77.21,21.5,327.0,Breezy,Heatwave
2023-03-05,New Delhi,New Delhi,India,28.61,77.21,21.0,97.0,Breezy,Heatwave
2023-03-26,New Delhi,New Delhi,India,28.61,77.21,27.4,184.0,Breezy,Heatwave
2023-03-29,New Delhi,New Delhi,India,28.61,77.21,23.5,190.0,Breezy,Heatwave
2023-04-02,New Delhi,New Delhi,India,28.61,77.21,24.2,189.0,Breezy,Heatwave
2023-04-11,New Delhi,New Delhi,India,28.61,77.21,24.8,43.0,Breezy,Heatwave
2023-04-13,New Delhi,New Delhi,India,28.61,77.21,27.1,324.0,Breezy,Heatwave
2023-04-20,New Delhi,New Delhi,India,28.61,77.21,23.5,85.0,Breezy,Heatwave
2023-04-21,New Delhi,New Delhi,India,28.61,77.21,21.0,47.0,Breezy,Heatwave
2023-04-22,New Delhi,New Delhi,India,28.61,77.21,20.4,76.0,Breezy,Heatwave
2023-04-24,New Delhi,New Delhi,India,28.61,77.21,23.3,197.0,Breezy,Heatwave
2023-04-25,New Delhi,New Delhi,India,28.61,77.21,23.3,47.0,Breezy,Normal
2023-05-02,New Delhi,New Delhi,India,28.61,77.21,20.1,266.0,Breezy,Heatwave
2023-05-05,New Delhi,New Delhi,India,28.61,77.21,20.4,180.0,Breezy,Heatwave
2023-05-14,New Delhi,New Delhi,India,28.61,77.21,24.8,319.0,Breezy,Heatwave
2023-05-15,New Delhi,New Delhi,India,28.61,77.21,20.4,210.0,Breezy,Heatwave
2023-05-16,New Delhi,New Delhi,India,28.61,77.21,29.5,11.0,Breezy,Heatwave
2023-05-20,New Delhi,New Delhi,India,28.61,77.21,25.0,14.0,Breezy,Heatwave
2023-05-22,New Delhi,New Delhi,India,28.61,77.21,26.7,289.0,Breezy,Heatwave
2023-05-23,New Delhi,New Delhi,India,28.61,77.21,22.4,273.0,Breezy,Heatwave
2023-05-24,New Delhi,New Delhi,India,28.61,77.21,34.4,154.0,Breezy,Heatwave
2023-05-28,New Delhi,New Delhi,India,28.61,77.21,26.7,338.0,Breezy,Heatwave
2023-05-30,New Delhi,New Delhi,India,28.61,77.21,22.9,71.0,Breezy,Normal
2023-06-10,New Delhi,New Delhi,India,28.61,77.21,20.6,208.0,Breezy,Normal
2023-06-11,New Delhi,New Delhi,India,28.61,77.21,25.4,49.0,Breezy,Heatwave
2023-06-14,New Delhi,New Delhi,India,28.61,77.21,21.1,297.0,Breezy,Normal
2023-06-15,New Delhi,New Delhi,India,28.61,77.21,26.3,243.0,Breezy,Normal
2023-06-17,New Delhi,New Delhi,India,28.61,77.21,26.4,324.0,Breezy,Heatwave
2023-06-19,New Delhi,New Delhi,India,28.61,77.21,39.1,323.0,Breezy,Heatwave
2023-06-24,New Delhi,New Delhi,India,28.61,77.21,20.8,347.0,Breezy,Normal
2023-06-25,New Delhi,New Delhi,India,28.61,77.21,31.6,344.0,Breezy,Normal
2023-06-27,New Delhi,New Delhi,India,28.61,77.21,20.3,147.0,Breezy,Normal
2023-06-30,New Delhi,New Delhi,India,28.61,77.21,26.2,152.0,Breezy,Normal
2023-07-02,New Delhi,New Delhi,India,28.61,77.21,23.1,121.0,Breezy,Normal
2023-07-07,New Delhi,New Delhi,India,28.61,77.21,33.4,90.0,Breezy,Normal
2023-07-10,New Delhi,New Delhi,India,28.61,77.21,28.3,216.0,Breezy,Normal
2023-07-11,New Delhi,New Delhi,India,28.61,77.21,33.3,71.0,Breezy,Normal
2023-07-13,New Delhi,New Delhi,India,28.61,77.21,23.3,64.0,Breezy,Normal
2023-07-16,New Delhi,New Delhi,India,28.61,77.21,22.0,179.0,Breezy,Normal
2023-07-18,New Delhi,New Delhi,India,28.61,77.21,23.3,90.0,Breezy,Normal
2023-07-21,New Delhi,New Delhi,India,28.61,77.21,22.5,32.0,Breezy,Normal
2023-07-23,New Delhi,New Delhi,India,28.61,77.21,27.6,237.0,Breezy,Normal
2023-07-29,New Delhi,New Delhi,India,28.61,77.21,28.3,11.0,Breezy,Normal
2023-08-03,New Delhi,New Delhi,India,28.61,77.21,28.5,172.0,Breezy,Normal
2023-08-05,New Delhi,New Delhi,India,28.61,77.21,21.7,127.0,Breezy,Normal
2023-08-07,New Delhi,New Delhi,India,28.61,77.21,25.7,133.0,Breezy,Normal
2023-08-12,New Delhi,New Delhi,India,28.61,77.21,23.6,13.0,Breezy,Normal
2023-08-15,New Delhi,New Delhi,India,28.61,77.21,20.7,130.0,Breezy,Normal
2023-08-16,New Delhi,New Delhi,India,28.61,77.21,22.6,218.0,Breezy,Normal
2023-08-18,New Delhi,New Delhi,India,28.61,77.21,27.0,342.0,Breezy,Normal
2023-08-27,New Delhi,New Delhi,India,28.61,77.21,27.5,18.0,Breezy,Normal
2023-08-28,New Delhi,New Delhi,India,28.61,77.21,24.0,320.0,Breezy,Normal
2023-08-29,New Delhi,New Delhi,India,28.61,77.21,30.0,346.0,Breezy,Normal
2023-09-07,New Delhi,New Delhi,India,28.61,77.21,28.9,111.0,Breezy,Normal
2023-09-08,New Delhi,New Delhi,India,28.61,77.21,33.0,20.0,Breezy,Normal
2023-09-09,New Delhi,New Delhi,India,28.61,77.21,21.3,348.0,Breezy,Normal
2023-09-11,New Delhi,New Delhi,India,28.61,77.21,24.5,172.0,Breezy,Normal
2023-09-22,New Delhi,New Delhi,India,28.61,77.21,24.2,356.0,Breezy,Normal
2023-09-23,New Delhi,New Delhi,India,28.61,77.21,25.5,40.0,Breezy,Normal
2023-09-25,New Delhi,New Delhi,India,28.61,77.21,21.5,254.0,Breezy,Normal
2023-09-28,New Delhi,New Delhi,India,28.61,77.21,30.4,214.0,Breezy,Normal
2023-09-29,New Delhi,New Delhi,India,28.61,77.21,23.0,31.0,Breezy,Normal
2023-10-02,New Delhi,New Delhi,India,28.61,77.21,20.4,201.0,Breezy,Normal
2023-10-04,New Delhi,New Delhi,India,28.61,77.21,22.7,27.0,Breezy,Normal
2023-10-05,New Delhi,New Delhi,India,28.61,77.21,23.0,120.0,Breezy,Normal
2023-10-16,New Delhi,New Delhi,India,28.61,77.21,23.8,113.0,Breezy,Normal
2023-10-17,New Delhi,New Delhi,India,28.61,77.21,21.6,84.0,Breezy,Normal
2023-10-24,New Delhi,New Delhi,India,28.61,77.21,21.0,187.0,Breezy,Normal
2023-10-26,New Delhi,New Delhi,India,28.61,77.21,20.3,133.0,Breezy,Normal
2023-10-30,New Delhi,New Delhi,India,28.61,77.21,21.4,294.0,Breezy,Normal
2023-10-31,New Delhi,New Delhi,India,28.61,77.21,25.2,267.0,Breezy,Normal
2023-11-07,New Delhi,New Delhi,India,28.61,77.21,25.7,314.0,Breezy,Normal
2023-11-16,New Delhi,New Delhi,India,28.61,77.21,27.2,289.0,Breezy,Normal
2023-11-18,New Delhi,New Delhi,India,28.61,77.21,27.0,254.0,Breezy,Normal
2023-11-19,New Delhi,New Delhi,India,28.61,77.21,23.6,288.0,Breezy,Normal
2023-11-23,New Delhi,New Delhi,India,28.61,77.21,27.7,104.0,Breezy,Normal
2023-11-27,New Delhi,New Delhi,India,28.61,77.21,35.4,149.0,Breezy,Normal
2023-12-03,New Delhi,New Delhi,India,28.61,77.21,23.5,104.0,Breezy,Normal
2023-12-08,New Delhi,New Delhi,India,28.61,77.21,28.7,272.0,Breezy,Normal
2023-12-12,New Delhi,New Delhi,India,28.61,77.21,24.0,148.0,Breezy,Normal
2023-12-15,New Delhi,New Delhi,India,28.61,77.21,21.7,222.0,Breezy,Normal
2023-12-16,New Delhi,New Delhi,India,28.61,77.21,27.3,140.0,Breezy,Normal
2023-12-17,New Delhi,New Delhi,India,28.61,77.21,25.2,89.0,Breezy,Normal
2023-12-20,New Delhi,New Delhi,India,28.61,77.21,25.2,159.0,Breezy,Normal
2023-12-21,New Delhi,New Delhi,India,28.61,77.21,21.0,146.0,Breezy,Normal
2023-12-23,New Delhi,New Delhi,India,28.61,77.21,26.2,93.0,Breezy,Normal
2022-01-02,Amritsar,Amritsar,India,31.63,74.87,30.7,231.0,Breezy,Normal
2022-01-06,Amritsar,Amritsar,India,31.63,74.87,25.0,9.0,Breezy,Normal
2022-01-07,Amritsar,Amritsar,India,31.63,74.87,24.2,130.0,Breezy,Normal
2022-01-12,Amritsar,Amritsar,India,31.63,74.87,23.1,337.0,Breezy,Normal
2022-01-17,Amritsar,Amritsar,India,31.63,74.87,20.5,107.0,Breezy,Normal
2022-01-20,Amritsar,Amritsar,India,31.63,74.87,21.9,142.0,Breezy,Normal
2022-01-23,Amritsar,Amritsar,India,31.63,74.87,24.7,258.0,Breezy,Normal
2022-02-03,Amritsar,Amritsar,India,31.63,74.87,20.3,228.0,Breezy,Normal
2022-02-09,Amritsar,Amritsar,India,31.63,74.87,20.8,307.0,Breezy,Normal
2022-03-19,Amritsar,Amritsar,India,31.63,74.87,21.9,70.0,Breezy,Normal
2022-04-03,Amritsar,Amritsar,India,31.63,74.87,20.4,41.0,Breezy,Heatwave
2022-04-07,Amritsar,Amritsar,India,31.63,74.87,22.3,166.0,Breezy,Heatwave
2022-04-14,Amritsar,Amritsar,India,31.63,74.87,21.6,67.0,Breezy,Normal
2022-04-23,Amritsar,Amritsar,India,31.63,74.87,27.3,114.0,Breezy,Heatwave
2022-04-26,Amritsar,Amritsar,India,31.63,74.87,20.4,187.0,Breezy,Heatwave
2022-04-27,Amritsar,Amritsar,India,31.63,74.87,21.1,240.0,Breezy,Heatwave
2022-05-05,Amritsar,Amritsar,India,31.63,74.87,27.4,46.0,Breezy,Heatwave
2022-05-18,Amritsar,Amritsar,India,31.63,74.87,20.5,293.0,Breezy,Heatwave
2022-05-23,Amritsar,Amritsar,India,31.63,74.87,20.4,313.0,Breezy,Normal
2022-06-01,Amritsar,Amritsar,India,31.63,74.87,20.5,175.0,Breezy,Normal
2022-06-10,Amritsar,Amritsar,India,31.63,74.87,22.0,170.0,Breezy,Normal
2022-06-12,Amritsar,Amritsar,India,31.63,74.87,23.0,211.0,Breezy,Normal
2022-06-17,Amritsar,Amritsar,India,31.63,74.87,22.3,63.0,Breezy,Normal
2022-06-18,Amritsar,Amritsar,India,31.63,74.87,28.6,29.0,Breezy,Normal
2022-06-28,Amritsar,Amritsar,India,31.63,74.87,20.8,181.0,Breezy,Normal
2022-07-03,Amritsar,Amritsar,India,31.63,74.87,21.0,303.0,Breezy,Normal
2022-07-06,Amritsar,Amritsar,India,31.63,74.87,20.1,314.0,Breezy,Normal
2022-07-10,Amritsar,Amritsar,India,31.63,74.87,27.7,40.0,Breezy,Normal
2022-07-13,Amritsar,Amritsar,India,31.63,74.87,20.2,226.0,Breezy,Normal
2022-07-21,Amritsar,Amritsar,India,31.63,74.87,20.3,298.0,Breezy,Normal
2022-08-06,Amritsar,Amritsar,India,31.63,74.87,26.5,11.0,Breezy,Normal
2022-08-07,Amritsar,Amritsar,India,31.63,74.87,27.6,213.0,Breezy,Normal
2022-08-09,Amritsar,Amritsar,India,31.63,74.87,23.3,77.0,Breezy,Normal
2022-08-15,Amritsar,Amritsar,India,31.63,74.87,21.9,94.0,Breezy,Normal
2022-09-06,Amritsar,Amritsar,India,31.63,74.87,21.5,295.0,Breezy,Normal
2022-09-10,Amritsar,Amritsar,India,31.63,74.87,25.8,207.0,Breezy,Normal
2022-09-15,Amritsar,Amritsar,India,31.63,74.87,20.5,282.0,Breezy,Normal
2022-09-22,Amritsar,Amritsar,India,31.63,74.87,21.8,232.0,Breezy,Normal
2022-10-03,Amritsar,Amritsar,India,31.63,74.87,23.1,332.0,Breezy,Normal
2022-10-10,Amritsar,Amritsar,India,31.63,74.87,29.6,331.0,Breezy,Normal
2022-10-18,Amritsar,Amritsar,India,31.63,74.87,23.4,161.0,Breezy,Normal
2022-10-23,Amritsar,Amritsar,India,31.63,74.87,23.4,7.0,Breezy,Normal
2022-10-30,Amritsar,Amritsar,India,31.63,74.87,22.1,278.0,Breezy,Normal
2022-11-05,Amritsar,Amritsar,India,31.63,74.87,27.2,148.0,Breezy,Normal
2022-11-06,Amritsar,Amritsar,India,31.63,74.87,21.3,123.0,Breezy,Normal
2022-11-08,Amritsar,Amritsar,India,31.63,74.87,24.0,248.0,Breezy,Normal
2022-11-18,Amritsar,Amritsar,India,31.63,74.87,24.7,79.0,Breezy,Normal
2022-11-26,Amritsar,Amritsar,India,31.63,74.87,20.8,305.0,Breezy,Normal
2022-12-03,Amritsar,Amritsar,India,31.63,74.87,23.6,23.0,Breezy,Normal
2022-12-15,Amritsar,Amritsar,India,31.63,74.87,22.1,147.0,Breezy,Normal
2022-12-16,Amritsar,Amritsar,India,31.63,74.87,31.7,85.0,Breezy,Normal
2022-12-18,Amritsar,Amritsar,India,31.63,74.87,29.1,111.0,Breezy,Normal
2022-12-23,Amritsar,Amritsar,India,31.63,74.87,20.8,296.0,Breezy,Normal
2023-01-03,Amritsar,Amritsar,India,31.63,74.87,24.1,191.0,Breezy,Normal
2023-01-12,Amritsar,Amritsar,India,31.63,74.87,21.3,4.0,Breezy,Normal
2023-01-21,Amritsar,Amritsar,India,31.63,74.87,25.2,72.0,Breezy,Normal
2023-01-28,Amritsar,Amritsar,India,31.63,74.87,27.4,108.0,Breezy,Normal
2023-02-05,Amritsar,Amritsar,India,31.63,74.87,28.7,353.0,Breezy,Normal
2023-02-21,Amritsar,Amritsar,India,31.63,74.87,27.4,299.0,Breezy,Normal
2023-02-22,Amritsar,Amritsar,India,31.63,74.87,21.0,189.0,Breezy,Heatwave
2023-02-26,Amritsar,Amritsar,India,31.63,74.87,21.1,104.0,Breezy,Heatwave
2023-02-28,Amritsar,Amritsar,India,31.63,74.87,26.7,265.0,Breezy,Normal
2023-03-02,Amritsar,Amritsar,India,31.63,74.87,25.0,157.0,Breezy,Heatwave
2023-03-22,Amritsar,Amritsar,India,31.63,74.87,20.2,92.0,Breezy,Heatwave
2023-03-23,Amritsar,Amritsar,India,31.63,74.87,21.6,248.0,Breezy,Normal
2023-03-27,Amritsar,Amritsar,India,31.63,74.87,22.5,174.0,Breezy,Heatwave
2023-03-30,Amritsar,Amritsar,India,31.63,74.87,23.1,36.0,Breezy,Heatwave
2023-04-10,Amritsar,Amritsar,India,31.63,74.87,29.7,99.0,Breezy,Heatwave
2023-04-29,Amritsar,Amritsar,India,31.63,74.87,22.9,81.0,Breezy,Normal
2023-05-17,Amritsar,Amritsar,India,31.63,74.87,24.6,63.0,Breezy,Heatwave
2023-05-21,Amritsar,Amritsar,India,31.63,74.87,24.4,188.0,Breezy,Normal
2023-05-28,Amritsar,Amritsar,India,31.63,74.87,21.6,38.0,Breezy,Heatwave
2023-06-02,Amritsar,Amritsar,India,31.63,74.87,21.0,58.0,Breezy,Normal
2023-06-03,Amritsar,Amritsar,India,31.63,74.87,22.4,243.0,Breezy,Normal
2023-06-07,Amritsar,Amritsar,India,31.63,74.87,20.9,177.0,Breezy,Normal
2023-06-08,Amritsar,Amritsar,India,31.63,74.87,24.8,193.0,Breezy,Heatwave
2023-06-09,Amritsar,Amritsar,India,31.63,74.87,24.7,189.0,Breezy,Normal
2023-06-25,Amritsar,Amritsar,India,31.63,74.87,26.8,87.0,Breezy,Normal
2023-08-07,Amritsar,Amritsar,India,31.63,74.87,21.5,31.0,Breezy,Normal
2023-08-10,Amritsar,Amritsar,India,31.63,74.87,21.9,263.0,Breezy,Normal
2023-08-28,Amritsar,Amritsar,India,31.63,74.87,23.6,158.0,Breezy,Normal
2023-09-09,Amritsar,Amritsar,India,31.63,74.87,21.5,156.0,Breezy,Normal
2023-09-12,Amritsar,Amritsar,India,31.63,74.87,21.0,139.0,Breezy,Normal
2023-09-14,Amritsar,Amritsar,India,31.63,74.87,27.2,354.0,Breezy,Normal
2023-09-16,Amritsar,Amritsar,India,31.63,74.87,28.6,22.0,Breezy,Normal
2023-09-17,Amritsar,Amritsar,India,31.63,74.87,26.1,352.0,Breezy,Normal
2023-09-21,Amritsar,Amritsar,India,31.63,74.87,25.0,213.0,Breezy,Normal
2023-09-24,Amritsar,Amritsar,India,31.63,74.87,28.8,88.0,Breezy,Normal
2023-09-25,Amritsar,Amritsar,India,31.63,74.87,24.6,204.0,Breezy,Normal
2023-10-18,Amritsar,Amritsar,India,31.63,74.87,20.9,28.0,Breezy,Normal
2023-10-29,Amritsar,Amritsar,India,31.63,74.87,20.6,218.0,Breezy,Normal
2023-11-01,Amritsar,Amritsar,India,31.63,74.87,21.8,268.0,Breezy,Normal
2023-11-19,Amritsar,Amritsar,India,31.63,74.87,25.2,234.0,Breezy,Normal
2023-12-01,Amritsar,Amritsar,India,31.63,74.87,21.5,4.0,Breezy,Normal
2023-12-02,Amritsar,Amritsar,India,31.63,74.87,25.9,127.0,Breezy,Normal
2023-12-03,Amritsar,Amritsar,India,31.63,74.87,25.0,18.0,Breezy,Normal
2023-12-05,Amritsar,Amritsar,India,31.63,74.87,21.6,208.0,Breezy,Normal
2023-12-06,Amritsar,Amritsar,India,31.63,74.87,20.1,288.0,Breezy,Normal
2023-12-13,Amritsar,Amritsar,India,31.63,74.87,21.4,317.0,Breezy,Normal
2023-12-29,Amritsar,Amritsar,India,31.63,74.87,21.7,84.0,Breezy,Normal
2023-12-30,Amritsar,Amritsar,India,31.63,74.87,24.2,323.0,Breezy,Normal
2022-01-01,Jaipur,Jaipur,India,26.92,75.79,23.0,160.0,Breezy,Normal
2022-01-02,Jaipur,Jaipur,India,26.92,75.79,25.9,132.0,Breezy,Normal
2022-01-08,Jaipur,Jaipur,India,26.92,75.79,22.5,16.0,Breezy,Normal
2022-01-11,Jaipur,Jaipur,India,26.92,75.79,41.0,313.0,Windy,Normal
2022-01-15,Jaipur,Jaipur,India,26.92,75.79,33.4,335.0,Breezy,Normal
2022-01-16,Jaipur,Jaipur,India,26.92,75.79,24.0,255.0,Breezy,Normal
2022-01-23,Jaipur,Jaipur,India,26.92,75.79,21.3,236.0,Breezy,Normal
2022-01-28,Jaipur,Jaipur,India,26.92,75.79,27.8,239.0,Breezy,Normal
2022-02-02,Jaipur,Jaipur,India,26.92,75.79,26.5,51.0,Breezy,Normal
2022-02-04,Jaipur,Jaipur,India,26.92,75.79,20.4,61.0,Breezy,Normal
2022-02-11,Jaipur,Jaipur,India,26.92,75.79,38.9,286.0,Breezy,Normal
2022-02-14,Jaipur,Jaipur,India,26.92,75.79,32.3,38.0,Breezy,Normal
2022-02-16,Jaipur,Jaipur,India,26.92,75.79,22.1,262.0,Breezy,Heatwave
2022-02-18,Jaipur,Jaipur,India,26.92,75.79,22.6,76.0,Breezy,Heatwave
2022-02-24,Jaipur,Jaipur,India,26.92,75.79,21.3,279.0,Breezy,Heatwave
2022-02-26,Jaipur,Jaipur,India,26.92,75.79,24.5,356.0,Breezy,Heatwave
2022-02-27,Jaipur,Jaipur,India,26.92,75.79,22.1,324.0,Breezy,Heatwave
2022-02-28,Jaipur,Jaipur,India,26.92,75.79,24.6,175.0,Breezy,Heatwave
2022-03-01,Jaipur,Jaipur,India,26.92,75.79,31.3,187.0,Breezy,Heatwave
2022-03-03,Jaipur,Jaipur,India,26.92,75.79,22.2,250.0,Breezy,Heatwave
2022-03-04,Jaipur,Jaipur,India,26.92,75.79,27.8,149.0,Breezy,Heatwave
2022-03-14,Jaipur,Jaipur,India,26.92,75.79,21.2,72.0,Breezy,Heatwave
2022-03-15,Jaipur,Jaipur,India,26.92,75.79,24.2,17.0,Breezy,Heatwave
2022-03-16,Jaipur,Jaipur,India,26.92,75.79,24.5,173.0,Breezy,Heatwave
2022-03-18,Jaipur,Jaipur,India,26.92,75.79,21.4,271.0,Breezy,Heatwave
2022-03-24,Jaipur,Jaipur,India,26.92,75.79,25.7,239.0,Breezy,Heatwave
2022-03-27,Jaipur,Jaipur,India,26.92,75.79,45.8,84.0,Windy,Heatwave
2022-03-31,Jaipur,Jaipur,India,26.92,75.79,26.9,166.0,Breezy,Heatwave
2022-04-02,Jaipur,Jaipur,India,26.92,75.79,27.2,89.0,Breezy,Heatwave
2022-04-04,Jaipur,Jaipur,India,26.92,75.79,20.7,307.0,Breezy,Heatwave
2022-04-05,Jaipur,Jaipur,India,26.92,75.79,28.2,102.0,Breezy,Heatwave
2022-04-07,Jaipur,Jaipur,India,26.92,75.79,20.9,302.0,Breezy,Heatwave
2022-04-09,Jaipur,Jaipur,India,26.92,75.79,25.2,65.0,Breezy,Heatwave
2022-04-13,Jaipur,Jaipur,India,26.92,75.79,28.6,159.0,Breezy,Heatwave
2022-04-15,Jaipur,Jaipur,India,26.92,75.79,31.3,258.0,Breezy,Heatwave
2022-04-18,Jaipur,Jaipur,India,26.92,75.79,20.6,116.0,Breezy,Heatwave
2022-04-21,Jaipur,Jaipur,India,26.92,75.79,33.6,257.0,Breezy,Heatwave
2022-04-22,Jaipur,Jaipur,India,26.92,75.79,33.0,304.0,Breezy,Heatwave
2022-04-24,Jaipur,Jaipur,India,26.92,75.79,21.2,37.0,Breezy,Heatwave
2022-04-27,Jaipur,Jaipur,India,26.92,75.79,20.5,186.0,Breezy,Heatwave
2022-04-29,Jaipur,Jaipur,India,26.92,75.79,22.0,215.0,Breezy,Heatwave
2022-05-03,Jaipur,Jaipur,India,26.92,75.79,35.5,145.0,Breezy,Heatwave
2022-05-05,Jaipur,Jaipur,India,26.92,75.79,21.1,220.0,Breezy,Heatwave
2022-05-06,Jaipur,Jaipur,India,26.92,75.79,31.7,268.0,Breezy,Heatwave
2022-05-12,Jaipur,Jaipur,India,26.92,75.79,27.4,289.0,Breezy,Heatwave
2022-05-15,Jaipur,Jaipur,India,26.92,75.79,25.9,221.0,Breezy,Heatwave
2022-05-16,Jaipur,Jaipur,India,26.92,75.79,21.4,225.0,Breezy,Heatwave
2022-05-20,Jaipur,Jaipur,India,26.92,75.79,29.4,317.0,Breezy,Normal
2022-05-23,Jaipur,Jaipur,India,26.92,75.79,28.1,243.0,Breezy,Heatwave
2022-05-24,Jaipur,Jaipur,India,26.92,75.79,21.8,254.0,Breezy,Normal
2022-05-25,Jaipur,Jaipur,India,26.92,75.79,25.4,210.0,Breezy,Heatwave
2022-05-27,Jaipur,Jaipur,India,26.92,75.79,23.5,234.0,Breezy,Heatwave
2022-05-31,Jaipur,Jaipur,India,26.92,75.79,22.4,257.0,Breezy,Heatwave
2022-06-08,Jaipur,Jaipur,India,26.92,75.79,25.3,114.0,Breezy,Normal
2022-06-11,Jaipur,Jaipur,India,26.92,75.79,28.7,199.0,Breezy,Normal
2022-06-12,Jaipur,Jaipur,India,26.92,75.79,24.9,29.0,Breezy,Heatwave
2022-06-14,Jaipur,Jaipur,India,26.92,75.79,20.1,248.0,Breezy,Heatwave
2022-06-19,Jaipur,Jaipur,India,26.92,75.79,23.6,97.0,Breezy,Heatwave
2022-06-20,Jaipur,Jaipur,India,26.92,75.79,22.9,282.0,Breezy,Normal
2022-06-22,Jaipur,Jaipur,India,26.92,75.79,30.7,252.0,Breezy,Heatwave
2022-06-24,Jaipur,Jaipur,India,26.92,75.79,20.7,213.0,Breezy,Heatwave
2022-06-26,Jaipur,Jaipur,India,26.92,75.79,24.2,177.0,Breezy,Normal
2022-07-05,Jaipur,Jaipur,India,26.92,75.79,33.7,69.0,Breezy,Heatwave
2022-07-14,Jaipur,Jaipur,India,26.92,75.79,24.7,316.0,Breezy,Normal
2022-07-21,Jaipur,Jaipur,India,26.92,75.79,29.4,85.0,Breezy,Normal
2022-07-23,Jaipur,Jaipur,India,26.92,75.79,23.6,73.0,Breezy,Normal
2022-07-24,Jaipur,Jaipur,India,26.92,75.79,35.7,324.0,Breezy,Normal
2022-07-27,Jaipur,Jaipur,India,26.92,75.79,33.4,107.0,Breezy,Normal
2022-07-30,Jaipur,Jaipur,India,26.92,75.79,23.6,350.0,Breezy,Normal
2022-08-04,Jaipur,Jaipur,India,26.92,75.79,23.4,217.0,Breezy,Normal
2022-08-06,Jaipur,Jaipur,India,26.92,75.79,27.8,302.0,Breezy,Normal
2022-08-14,Jaipur,Jaipur,India,26.92,75.79,30.7,346.0,Breezy,Normal
2022-08-15,Jaipur,Jaipur,India,26.92,75.79,21.3,259.0,Breezy,Normal
2022-08-18,Jaipur,Jaipur,India,26.92,75.79,35.7,257.0,Breezy,Normal
2022-08-20,Jaipur,Jaipur,India,26.92,75.79,21.3,162.0,Breezy,Normal
2022-08-21,Jaipur,Jaipur,India,26.92,75.79,20.8,343.0,Breezy,Normal
2022-08-25,Jaipur,Jaipur,India,26.92,75.79,21.8,271.0,Breezy,Normal
2022-08-29,Jaipur,Jaipur,India,26.92,75.79,26.6,218.0,Breezy,Normal
2022-09-05,Jaipur,Jaipur,India,26.92,75.79,29.5,314.0,Breezy,Normal
2022-09-06,Jaipur,Jaipur,India,26.92,75.79,25.9,347.0,Breezy,Normal
2022-09-08,Jaipur,Jaipur,India,26.92,75.79,28.4,195.0,Breezy,Normal
2022-09-12,Jaipur,Jaipur,India,26.92,75.79,26.6,178.0,Breezy,Normal
2022-09-14,Jaipur,Jaipur,India,26.92,75.79,26.5,116.0,Breezy,Normal
2022-09-16,Jaipur,Jaipur,India,26.92,75.79,35.8,25.0,Breezy,Normal
2022-09-23,Jaipur,Jaipur,India,26.92,75.79,23.7,256.0,Breezy,Normal
2022-09-28,Jaipur,Jaipur,India,26.92,75.79,23.0,59.0,Breezy,Normal
2022-09-29,Jaipur,Jaipur,India,26.92,75.79,22.5,218.0,Breezy,Normal
2022-10-05,Jaipur,Jaipur,India,26.92,75.79,26.3,101.0,Breezy,Normal
2022-10-06,Jaipur,Jaipur,India,26.92,75.79,27.4,360.0,Breezy,Normal
2022-10-10,Jaipur,Jaipur,India,26.92,75.79,21.6,314.0,Breezy,Normal
2022-10-15,Jaipur,Jaipur,India,26.92,75.79,33.7,201.0,Breezy,Normal
2022-10-24,Jaipur,Jaipur,India,26.92,75.79,23.7,140.0,Breezy,Normal
2022-10-30,Jaipur,Jaipur,India,26.92,75.79,29.3,47.0,Breezy,Normal
2022-11-06,Jaipur,Jaipur,India,26.92,75.79,23.5,295.0,Breezy,Normal
2022-11-08,Jaipur,Jaipur,India,26.92,75.79,25.2,225.0,Breezy,Normal
2022-11-12,Jaipur,Jaipur,India,26.92,75.79,31.7,237.0,Breezy,Normal
2022-11-13,Jaipur,Jaipur,India,26.92,75.79,23.7,42.0,Breezy,Normal
2022-11-20,Jaipur,Jaipur,India,26.92,75.79,38.7,22.0,Breezy,Normal
2022-11-22,Jaipur,Jaipur,India,26.92,75.79,26.0,145.0,Breezy,Normal
2022-11-25,Jaipur,Jaipur,India,26.92,75.79,22.1,355.0,Breezy,Normal
2022-11-27,Jaipur,Jaipur,India,26.92,75.79,39.2,277.0,Breezy,Normal
2022-11-30,Jaipur,Jaipur,India,26.92,75.79,21.6,39.0,Breezy,Normal
2022-12-01,Jaipur,Jaipur,India,26.92,75.79,21.4,295.0,Breezy,Normal
2022-12-02,Jaipur,Jaipur,India,26.92,75.79,27.5,165.0,Breezy,Normal
2022-12-04,Jaipur,Jaipur,India,26.92,75.79,23.5,10.0,Breezy,Normal
2022-12-06,Jaipur,Jaipur,India,26.92,75.79,24.6,28.0,Breezy,Normal
2022-12-13,Jaipur,Jaipur,India,26.92,75.79,23.9,285.0,Breezy,Normal
2022-12-15,Jaipur,Jaipur,India,26.92,75.79,26.7,186.0,Breezy,Normal
2022-12-16,Jaipur,Jaipur,India,26.92,75.79,20.3,108.0,Breezy,Normal
2022-12-24,Jaipur,Jaipur,India,26.92,75.79,25.2,168.0,Breezy,Normal
2022-12-26,Jaipur,Jaipur,India,26.92,75.79,20.3,338.0,Breezy,Normal
2022-12-28,Jaipur,Jaipur,India,26.92,75.79,22.6,183.0,Breezy,Normal
2022-12-30,Jaipur,Jaipur,India,26.92,75.79,20.9,309.0,Breezy,Normal
2022-12-31,Jaipur,Jaipur,India,26.92,75.79,31.8,105.0,Breezy,Normal
2023-01-01,Jaipur,Jaipur,India,26.92,75.79,23.6,254.0,Breezy,Normal
2023-01-05,Jaipur,Jaipur,India,26.92,75.79,25.9,213.0,Breezy,Normal
2023-01-09,Jaipur,Jaipur,India,26.92,75.79,28.1,56.0,Breezy,Normal
2023-01-10,Jaipur,Jaipur,India,26.92,75.79,25.3,270.0,Breezy,Normal
2023-01-14,Jaipur,Jaipur,India,26.92,75.79,23.9,101.0,Breezy,Normal
2023-01-17,Jaipur,Jaipur,India,26.92,75.79,28.3,207.0,Breezy,Normal
2023-01-19,Jaipur,Jaipur,India,26.92,75.79,34.6,43.0,Breezy,Heatwave
2023-01-20,Jaipur,Jaipur,India,26.92,75.79,22.6,175.0,Breezy,Normal
2023-01-24,Jaipur,Jaipur,India,26.92,75.79,25.0,228.0,Breezy,Heatwave
2023-01-26,Jaipur,Jaipur,India,26.92,75.79,21.2,56.0,Breezy,Normal
2023-01-30,Jaipur,Jaipur,India,26.92,75.79,20.2,113.0,Breezy,Normal
2023-01-31,Jaipur,Jaipur,India,26.92,75.79,28.0,213.0,Breezy,Heatwave
2023-02-02,Jaipur,Jaipur,India,26.92,75.79,24.3,111.0,Breezy,Normal
2023-02-04,Jaipur,Jaipur,India,26.92,75.79,25.9,155.0,Breezy,Normal
2023-02-07,Jaipur,Jaipur,India,26.92,75.79,30.6,247.0,Breezy,Normal
2023-02-08,Jaipur,Jaipur,India,26.92,75.79,24.3,324.0,Breezy,Heatwave
2023-02-09,Jaipur,Jaipur,India,26.92,75.79,27.7,318.0,Breezy,Heatwave
2023-02-12,Jaipur,Jaipur,India,26.92,75.79,20.6,261.0,Breezy,Normal
2023-02-15,Jaipur,Jaipur,India,26.92,75.79,32.8,213.0,Breezy,Heatwave
2023-02-16,Jaipur,Jaipur,India,26.92,75.79,26.0,293.0,Breezy,Normal
2023-02-17,Jaipur,Jaipur,India,26.92,75.79,30.3,5.0,Breezy,Heatwave
2023-02-21,Jaipur,Jaipur,India,26.92,75.79,26.6,201.0,Breezy,Heatwave
2023-02-22,Jaipur,Jaipur,India,26.92,75.79,23.2,248.0,Breezy,Heatwave
2023-02-24,Jaipur,Jaipur,India,26.92,75.79,24.4,92.0,Breezy,Heatwave
2023-02-26,Jaipur,Jaipur,India,26.92,75.79,27.6,97.0,Breezy,Heatwave
2023-02-27,Jaipur,Jaipur,India,26.92,75.79,22.6,114.0,Breezy,Heatwave
2023-02-28,Jaipur,Jaipur,India,26.92,75.79,23.9,349.0,Breezy,Heatwave
2023-03-02,Jaipur,Jaipur,India,26.92,75.79,21.9,311.0,Breezy,Heatwave
2023-03-08,Jaipur,Jaipur,India,26.92,75.79,22.3,131.0,Breezy,Heatwave
2023-03-09,Jaipur,Jaipur,India,26.92,75.79,20.5,100.0,Breezy,Heatwave
2023-03-16,Jaipur,Jaipur,India,26.92,75.79,28.2,166.0,Breezy,Heatwave
2023-03-18,Jaipur,Jaipur,India,26.92,75.79,21.5,169.0,Breezy,Heatwave
2023-03-19,Jaipur,Jaipur,India,26.92,75.79,23.2,35.0,Breezy,Heatwave
2023-03-24,Jaipur,Jaipur,India,26.92,75.79,21.8,327.0,Breezy,Heatwave
2023-03-30,Jaipur,Jaipur,India,26.92,75.79,33.5,257.0,Breezy,Heatwave
2023-03-31,Jaipur,Jaipur,India,26.92,75.79,22.7,16.0,Breezy,Heatwave
2023-04-01,Jaipur,Jaipur,India,26.92,75.79,27.0,299.0,Breezy,Heatwave
2023-04-03,Jaipur,Jaipur,India,26.92,75.79,25.7,314.0,Breezy,Heatwave
2023-04-05,Jaipur,Jaipur,India,26.92,75.79,26.6,29.0,Breezy,Heatwave
2023-04-07,Jaipur,Jaipur,India,26.92,75.79,31.1,32.0,Breezy,Heatwave
2023-04-12,Jaipur,Jaipur,India,26.92,75.79,38.9,34.0,Breezy,Heatwave
2023-04-15,Jaipur,Jaipur,India,26.92,75.79,50.4,268.0,Windy,Heatwave
2023-04-18,Jaipur,Jaipur,India,26.92,75.79,23.9,239.0,Breezy,Heatwave
2023-04-22,Jaipur,Jaipur,India,26.92,75.79,20.7,172.0,Breezy,Heatwave
2023-04-23,Jaipur,Jaipur,India,26.92,75.79,22.7,35.0,Breezy,Heatwave
2023-04-28,Jaipur,Jaipur,India,26.92,75.79,21.6,287.0,Breezy,Heatwave
2023-04-30,Jaipur,Jaipur,India,26.92,75.79,30.4,26.0,Breezy,Heatwave
2023-05-07,Jaipur,Jaipur,India,26.92,75.79,33.4,180.0,Breezy,Heatwave
2023-05-08,Jaipur,Jaipur,India,26.92,75.79,25.8,308.0,Breezy,Heatwave
2023-05-09,Jaipur,Jaipur,India,26.92,75.79,28.8,149.0,Breezy,Heatwave
2023-05-11,Jaipur,Jaipur,India,26.92,75.79,23.2,11.0,Breezy,Heatwave
2023-05-12,Jaipur,Jaipur,India,26.92,75.79,22.5,203.0,Breezy,Heatwave
2023-05-17,Jaipur,Jaipur,India,26.92,75.79,21.8,349.0,Breezy,Heatwave
2023-05-20,Jaipur,Jaipur,India,26.92,75.79,23.5,85.0,Breezy,Heatwave
2023-05-22,Jaipur,Jaipur,India,26.92,75.79,25.6,16.0,Breezy,Heatwave
2023-05-29,Jaipur,Jaipur,India,26.92,75.79,21.7,82.0,Breezy,Heatwave
2023-06-04,Jaipur,Jaipur,India,26.92,75.79,22.1,180.0,Breezy,Heatwave
2023-06-06,Jaipur,Jaipur,India,26.92,75.79,20.5,249.0,Breezy,Heatwave
2023-06-07,Jaipur,Jaipur,India,26.92,75.79,28.4,300.0,Breezy,Heatwave
2023-06-08,Jaipur,Jaipur,India,26.92,75.79,20.1,296.0,Breezy,Heatwave
2023-06-11,Jaipur,Jaipur,India,26.92,75.79,24.6,258.0,Breezy,Heatwave
2023-06-13,Jaipur,Jaipur,India,26.92,75.79,26.2,275.0,Breezy,Heatwave
2023-06-17,Jaipur,Jaipur,India,26.92,75.79,22.0,258.0,Breezy,Heatwave
2023-06-19,Jaipur,Jaipur,India,26.92,75.79,24.9,244.0,Breezy,Heatwave
2023-06-20,Jaipur,Jaipur,India,26.92,75.79,24.5,278.0,Breezy,Normal
2023-06-22,Jaipur,Jaipur,India,26.92,75.79,21.2,102.0,Breezy,Heatwave
2023-06-23,Jaipur,Jaipur,India,26.92,75.79,35.4,346.0,Breezy,Heatwave
2023-06-24,Jaipur,Jaipur,India,26.92,75.79,27.2,114.0,Breezy,Heatwave
2023-06-30,Jaipur,Jaipur,India,26.92,75.79,22.5,50.0,Breezy,Normal
2023-07-04,Jaipur,Jaipur,India,26.92,75.79,23.9,28.0,Breezy,Normal
2023-07-07,Jaipur,Jaipur,India,26.92,75.79,30.2,129.0,Breezy,Normal
2023-07-10,Jaipur,Jaipur,India,26.92,75.79,21.5,108.0,Breezy,Normal
2023-07-11,Jaipur,Jaipur,India,26.92,75.79,27.8,249.0,Breezy,Normal
2023-07-16,Jaipur,Jaipur,India,26.92,75.79,22.0,309.0,Breezy,Normal
2023-07-19,Jaipur,Jaipur,India,26.92,75.79,24.4,208.0,Breezy,Heatwave
2023-07-24,Jaipur,Jaipur,India,26.92,75.79,33.1,315.0,Breezy,Normal
2023-07-30,Jaipur,Jaipur,India,26.92,75.79,27.2,84.0,Breezy,Normal
2023-08-02,Jaipur,Jaipur,India,26.92,75.79,41.7,51.0,Windy,Normal
2023-08-04,Jaipur,Jaipur,India,26.92,75.79,33.9,30.0,Breezy,Normal
2023-08-07,Jaipur,Jaipur,India,26.92,75.79,30.0,73.0,Breezy,Normal
2023-08-08,Jaipur,Jaipur,India,26.92,75.79,24.4,92.0,Breezy,Normal
2023-08-22,Jaipur,Jaipur,India,26.92,75.79,20.2,135.0,Breezy,Normal
2023-08-23,Jaipur,Jaipur,India,26.92,75.79,33.5,162.0,Breezy,Normal
2023-08-27,Jaipur,Jaipur,India,26.92,75.79,29.3,135.0,Breezy,Normal
2023-08-29,Jaipur,Jaipur,India,26.92,75.79,26.9,27.0,Breezy,Normal
2023-08-30,Jaipur,Jaipur,India,26.92,75.79,30.7,188.0,Breezy,Normal
2023-09-05,Jaipur,Jaipur,India,26.92,75.79,20.1,125.0,Breezy,Normal
2023-09-07,Jaipur,Jaipur,India,26.92,75.79,20.6,259.0,Breezy,Normal
2023-09-09,Jaipur,Jaipur,India,26.92,75.79,26.7,108.0,Breezy,Normal
2023-09-12,Jaipur,Jaipur,India,26.92,75.79,26.4,52.0,Breezy,Normal
2023-09-18,Jaipur,Jaipur,India,26.92,75.79,20.7,68.0,Breezy,Normal
2023-09-23,Jaipur,Jaipur,India,26.92,75.79,37.3,58.0,Breezy,Normal
2023-09-25,Jaipur,Jaipur,India,26.92,75.79,27.2,98.0,Breezy,Normal
2023-09-30,Jaipur,Jaipur,India,26.92,75.79,22.0,37.0,Breezy,Normal
2023-10-12,Jaipur,Jaipur,India,26.92,75.79,39.2,242.0,Breezy,Normal
2023-10-13,Jaipur,Jaipur,India,26.92,75.79,29.2,54.0,Breezy,Normal
2023-10-14,Jaipur,Jaipur,India,26.92,75.79,24.7,137.0,Breezy,Normal
2023-10-16,Jaipur,Jaipur,India,26.92,75.79,25.0,201.0,Breezy,Normal
2023-10-21,Jaipur,Jaipur,India,26.92,75.79,21.4,190.0,Breezy,Normal
2023-10-23,Jaipur,Jaipur,India,26.92,75.79,27.4,136.0,Breezy,Normal
2023-10-24,Jaipur,Jaipur,India,26.92,75.79,41.6,96.0,Windy,Normal
2023-10-28,Jaipur,Jaipur,India,26.92,75.79,24.0,149.0,Breezy,Normal
2023-10-30,Jaipur,Jaipur,India,26.92,75.79,25.4,259.0,Breezy,Normal
2023-11-06,Jaipur,Jaipur,India,26.92,75.79,21.9,184.0,Breezy,Normal
2023-11-09,Jaipur,Jaipur,India,26.92,75.79,23.1,259.0,Breezy,Normal
2023-11-12,Jaipur,Jaipur,India,26.92,75.79,20.5,247.0,Breezy,Normal
2023-11-19,Jaipur,Jaipur,India,26.92,75.79,21.5,98.0,Breezy,Normal
2023-11-20,Jaipur,Jaipur,India,26.92,75.79,26.9,215.0,Breezy,Normal
2023-11-22,Jaipur,Jaipur,India,26.92,75.79,34.2,48.0,Breezy,Normal
2023-11-23,Jaipur,Jaipur,India,26.92,75.79,42.9,236.0,Windy,Normal
2023-11-25,Jaipur,Jaipur,India,26.92,75.79,27.9,57.0,Breezy,Normal
2023-11-28,Jaipur,Jaipur,India,26.92,75.79,21.1,359.0,Breezy,Normal
2023-11-29,Jaipur,Jaipur,India,26.92,75.79,24.0,201.0,Breezy,Normal
2023-12-01,Jaipur,Jaipur,India,26.92,75.79,38.0,281.0,Breezy,Normal
2023-12-08,Jaipur,Jaipur,India,26.92,75.79,28.7,75.0,Breezy,Normal
2023-12-09,Jaipur,Jaipur,India,26.92,75.79,22.2,309.0,Breezy,Normal
2023-12-10,Jaipur,Jaipur,India,26.92,75.79,20.7,338.0,Breezy,Normal
2023-12-16,Jaipur,Jaipur,India,26.92,75.79,28.6,230.0,Breezy,Normal
2023-12-18,Jaipur,Jaipur,India,26.92,75.79,21.4,69.0,Breezy,Normal
2023-12-19,Jaipur,Jaipur,India,26.92,75.79,24.6,225.0,Breezy,Normal
2023-12-23,Jaipur,Jaipur,India,26.92,75.79,29.8,24.0,Breezy,Normal
2023-12-24,Jaipur,Jaipur,India,26.92,75.79,29.6,225.0,Breezy,Normal
2023-12-26,Jaipur,Jaipur,India,26.92,75.79,20.3,111.0,Breezy,Normal
2023-12-31,Jaipur,Jaipur,India,26.92,75.79,25.3,145.0,Breezy,Normal
2022-04-05,Srinagar,Srinagar,India,34.09,74.8,20.3,158.0,Breezy,Normal
2022-06-07,Srinagar,Srinagar,India,34.09,74.8,21.3,148.0,Breezy,Normal
2022-07-04,Srinagar,Srinagar,India,34.09,74.8,20.6,87.0,Breezy,Normal
2022-07-21,Srinagar,Srinagar,India,34.09,74.8,20.5,37.0,Breezy,Normal
2022-07-31,Srinagar,Srinagar,India,34.09,74.8,20.7,85.0,Breezy,Normal
2022-09-23,Srinagar,Srinagar,India,34.09,74.8,20.9,131.0,Breezy,Normal
2022-10-05,Srinagar,Srinagar,India,34.09,74.8,25.2,54.0,Breezy,Normal
2022-10-18,Srinagar,Srinagar,India,34.09,74.8,21.5,94.0,Breezy,Normal
2022-11-15,Srinagar,Srinagar,India,34.09,74.8,23.2,160.0,Breezy,Normal
2022-11-20,Srinagar,Srinagar,India,34.09,74.8,25.5,286.0,Breezy,Normal
2022-11-23,Srinagar,Srinagar,India,34.09,74.8,21.7,294.0,Breezy,Normal
2022-11-25,Srinagar,Srinagar,India,34.09,74.8,22.2,250.0,Breezy,Normal
2022-12-03,Srinagar,Srinagar,India,34.09,74.8,25.2,237.0,Breezy,Normal
2022-12-14,Srinagar,Srinagar,India,34.09,74.8,21.0,144.0,Breezy,Normal
2022-12-24,Srinagar,Srinagar,India,34.09,74.8,29.9,67.0,Breezy,Normal
2023-01-13,Srinagar,Srinagar,India,34.09,74.8,22.8,128.0,Breezy,Normal
2023-01-26,Srinagar,Srinagar,India,34.09,74.8,21.1,312.0,Breezy,Normal
2023-02-02,Srinagar,Srinagar,India,34.09,74.8,20.8,201.0,Breezy,Normal
2023-02-03,Srinagar,Srinagar,India,34.09,74.8,20.3,81.0,Breezy,Normal
2023-03-12,Srinagar,Srinagar,India,34.09,74.8,21.1,327.0,Breezy,Normal
2023-04-05,Srinagar,Srinagar,India,34.09,74.8,25.5,223.0,Breezy,Normal
2023-06-30,Srinagar,Srinagar,India,34.09,74.8,20.2,151.0,Breezy,Normal
2023-07-11,Srinagar,Srinagar,India,34.09,74.8,26.4,138.0,Breezy,Normal
2023-07-21,Srinagar,Srinagar,India,34.09,74.8,21.3,77.0,Breezy,Normal
2023-08-31,Srinagar,Srinagar,India,34.09,74.8,21.8,187.0,Breezy,Normal
2023-09-15,Srinagar,Srinagar,India,34.09,74.8,20.9,266.0,Breezy,Normal
2023-10-02,Srinagar,Srinagar,India,34.09,74.8,20.5,41.0,Breezy,Normal
2023-11-01,Srinagar,Srinagar,India,34.09,74.8,23.7,55.0,Breezy,Normal
2023-11-27,Srinagar,Srinagar,India,34.09,74.8,21.4,169.0,Breezy,Normal
2023-12-09,Srinagar,Srinagar,India,34.09,74.8,23.2,358.0,Breezy,Normal
2023-12-10,Srinagar,Srinagar,India,34.09,74.8,26.1,64.0,Breezy,Normal
2023-12-13,Srinagar,Srinagar,India,34.09,74.8,21.9,214.0,Breezy,Normal
2023-12-22,Srinagar,Srinagar,India,34.09,74.8,23.4,71.0,Breezy,Normal
2022-01-02,Mumbai,Mumbai,India,19.07,72.88,29.9,199.0,Breezy,Normal
2022-01-07,Mumbai,Mumbai,India,19.07,72.88,28.3,14.0,Breezy,Normal
2022-01-08,Mumbai,Mumbai,India,19.07,72.88,33.8,320.0,Breezy,Normal
2022-01-10,Mumbai,Mumbai,India,19.07,72.88,25.0,2.0,Breezy,Normal
2022-01-17,Mumbai,Mumbai,India,19.07,72.88,25.7,76.0,Breezy,Normal
2022-01-18,Mumbai,Mumbai,India,19.07,72.88,29.5,99.0,Breezy,Normal
2022-01-19,Mumbai,Mumbai,India,19.07,72.88,20.7,270.0,Breezy,Normal
2022-01-20,Mumbai,Mumbai,India,19.07,72.88,55.4,201.0,Windy,Normal
2022-01-21,Mumbai,Mumbai,India,19.07,72.88,28.2,302.0,Breezy,Normal
2022-01-26,Mumbai,Mumbai,India,19.07,72.88,31.4,211.0,Breezy,Normal
2022-01-27,Mumbai,Mumbai,India,19.07,72.88,29.5,318.0,Breezy,Normal
2022-01-29,Mumbai,Mumbai,India,19.07,72.88,22.8,202.0,Breezy,Normal
2022-01-30,Mumbai,Mumbai,India,19.07,72.88,20.4,9.0,Breezy,Normal
2022-02-01,Mumbai,Mumbai,India,19.07,72.88,25.3,348.0,Breezy,Normal
2022-02-03,Mumbai,Mumbai,India,19.07,72.88,23.9,249.0,Breezy,Normal
2022-02-05,Mumbai,Mumbai,India,19.07,72.88,38.0,149.0,Breezy,Normal
2022-02-06,Mumbai,Mumbai,India,19.07,72.88,25.5,217.0,Breezy,Normal
2022-02-07,Mumbai,Mumbai,India,19.07,72.88,26.2,346.0,Breezy,Normal
2022-02-08,Mumbai,Mumbai,India,19.07,72.88,23.0,269.0,Breezy,Normal
2022-02-09,Mumbai,Mumbai,India,19.07,72.88,48.2,324.0,Windy,Normal
2022-02-11,Mumbai,Mumbai,India,19.07,72.88,21.8,126.0,Breezy,Normal
2022-02-12,Mumbai,Mumbai,India,19.07,72.88,26.4,203.0,Breezy,Normal
2022-02-13,Mumbai,Mumbai,India,19.07,72.88,29.0,92.0,Breezy,Normal
2022-02-14,Mumbai,Mumbai,India,19.07,72.88,30.6,121.0,Breezy,Normal
2022-02-15,Mumbai,Mumbai,India,19.07,72.88,23.8,301.0,Breezy,Normal
2022-02-17,Mumbai,Mumbai,India,19.07,72.88,28.0,55.0,Breezy,Normal
2022-02-18,Mumbai,Mumbai,India,19.07,72.88,31.5,208.0,Breezy,Normal
2022-02-19,Mumbai,Mumbai,India,19.07,72.88,41.3,340.0,Windy,Normal
2022-02-20,Mumbai,Mumbai,India,19.07,72.88,23.9,37.0,Breezy,Heatwave
2022-03-03,Mumbai,Mumbai,India,19.07,72.88,36.2,344.0,Breezy,Heatwave
2022-03-04,Mumbai,Mumbai,India,19.07,72.88,28.3,82.0,Breezy,Heatwave
2022-03-07,Mumbai,Mumbai,India,19.07,72.88,29.5,171.0,Breezy,Heatwave
2022-03-09,Mumbai,Mumbai,India,19.07,72.88,28.2,0.0,Breezy,Heatwave
2022-03-11,Mumbai,Mumbai,India,19.07,72.88,20.6,111.0,Breezy,Heatwave
2022-03-14,Mumbai,Mumbai,India,19.07,72.88,29.6,134.0,Breezy,Heatwave
2022-03-17,Mumbai,Mumbai,India,19.07,72.88,26.4,295.0,Breezy,Heatwave
2022-03-20,Mumbai,Mumbai,India,19.07,72.88,43.5,61.0,Windy,Heatwave
2022-03-21,Mumbai,Mumbai,India,19.07,72.88,45.3,184.0,Windy,Heatwave
2022-03-23,Mumbai,Mumbai,India,19.07,72.88,28.6,90.0,Breezy,Heatwave
2022-03-24,Mumbai,Mumbai,India,19.07,72.88,40.1,108.0,Windy,Heatwave
2022-03-29,Mumbai,Mumbai,India,19.07,72.88,34.4,71.0,Breezy,Heatwave
2022-04-01,Mumbai,Mumbai,India,19.07,72.88,22.0,94.0,Breezy,Heatwave
2022-04-02,Mumbai,Mumbai,India,19.07,72.88,27.3,68.0,Breezy,Heatwave
2022-04-06,Mumbai,Mumbai,India,19.07,72.88,25.5,72.0,Breezy,Heatwave
2022-04-10,Mumbai,Mumbai,India,19.07,72.88,25.0,89.0,Breezy,Heatwave
2022-04-12,Mumbai,Mumbai,India,19.07,72.88,25.4,155.0,Breezy,Heatwave
2022-04-15,Mumbai,Mumbai,India,19.07,72.88,25.4,52.0,Breezy,Heatwave
2022-04-19,Mumbai,Mumbai,India,19.07,72.88,23.8,214.0,Breezy,Heatwave
2022-04-20,Mumbai,Mumbai,India,19.07,72.88,45.7,296.0,Windy,Heatwave
2022-04-22,Mumbai,Mumbai,India,19.07,72.88,24.3,144.0,Breezy,Heatwave
2022-04-23,Mumbai,Mumbai,India,19.07,72.88,23.3,343.0,Breezy,Heatwave
2022-04-25,Mumbai,Mumbai,India,19.07,72.88,21.8,220.0,Breezy,Heatwave
2022-04-26,Mumbai,Mumbai,India,19.07,72.88,41.6,178.0,Windy,Heatwave
2022-04-29,Mumbai,Mumbai,India,19.07,72.88,28.0,6.0,Breezy,Heatwave
2022-04-30,Mumbai,Mumbai,India,19.07,72.88,23.5,56.0,Breezy,Heatwave
2022-05-01,Mumbai,Mumbai,India,19.07,72.88,26.5,241.0,Breezy,Heatwave
2022-05-05,Mumbai,Mumbai,India,19.07,72.88,44.1,8.0,Windy,Heatwave
2022-05-06,Mumbai,Mumbai,India,19.07,72.88,34.0,117.0,Breezy,Heatwave
2022-05-07,Mumbai,Mumbai,India,19.07,72.88,35.8,109.0,Breezy,Heatwave
2022-05-08,Mumbai,Mumbai,India,19.07,72.88,44.7,216.0,Windy,Heatwave
2022-05-10,Mumbai,Mumbai,India,19.07,72.88,32.6,216.0,Breezy,Heatwave
2022-05-11,Mumbai,Mumbai,India,19.07,72.88,41.3,308.0,Windy,Heatwave
2022-05-12,Mumbai,Mumbai,India,19.07,72.88,25.6,150.0,Breezy,Heatwave
2022-05-13,Mumbai,Mumbai,India,19.07,72.88,20.5,97.0,Breezy,Heatwave
2022-05-16,Mumbai,Mumbai,India,19.07,72.88,21.4,217.0,Breezy,Heatwave
2022-05-17,Mumbai,Mumbai,India,19.07,72.88,29.1,205.0,Breezy,Heatwave
2022-05-19,Mumbai,Mumbai,India,19.07,72.88,20.4,283.0,Breezy,Heatwave
2022-05-21,Mumbai,Mumbai,India,19.07,72.88,20.2,206.0,Breezy,Heatwave
2022-05-22,Mumbai,Mumbai,India,19.07,72.88,23.6,354.0,Breezy,Heatwave
2022-05-23,Mumbai,Mumbai,India,19.07,72.88,27.2,108.0,Breezy,Heatwave
2022-05-25,Mumbai,Mumbai,India,19.07,72.88,28.3,267.0,Breezy,Heatwave
2022-05-27,Mumbai,Mumbai,India,19.07,72.88,38.1,35.0,Breezy,Heatwave
2022-05-30,Mumbai,Mumbai,India,19.07,72.88,36.0,32.0,Breezy,Normal
2022-06-03,Mumbai,Mumbai,India,19.07,72.88,20.9,295.0,Breezy,Heatwave
2022-06-04,Mumbai,Mumbai,India,19.07,72.88,33.5,322.0,Breezy,Normal
2022-06-05,Mumbai,Mumbai,India,19.07,72.88,28.7,146.0,Breezy,Normal
2022-06-09,Mumbai,Mumbai,India,19.07,72.88,21.9,231.0,Breezy,Normal
2022-06-10,Mumbai,Mumbai,India,19.07,72.88,24.3,338.0,Breezy,Normal
2022-06-12,Mumbai,Mumbai,India,19.07,72.88,24.4,174.0,Breezy,Heatwave
2022-06-15,Mumbai,Mumbai,India,19.07,72.88,34.7,298.0,Breezy,Normal
2022-06-16,Mumbai,Mumbai,India,19.07,72.88,22.2,208.0,Breezy,Normal
2022-06-17,Mumbai,Mumbai,India,19.07,72.88,44.3,295.0,Windy,Normal
2022-06-20,Mumbai,Mumbai,India,19.07,72.88,20.2,187.0,Breezy,Normal
2022-06-24,Mumbai,Mumbai,India,19.07,72.88,28.2,23.0,Breezy,Normal
2022-06-25,Mumbai,Mumbai,India,19.07,72.88,27.6,130.0,Breezy,Normal
2022-06-30,Mumbai,Mumbai,India,19.07,72.88,55.7,104.0,Windy,Normal
2022-07-01,Mumbai,Mumbai,India,19.07,72.88,32.9,174.0,Breezy,Normal
2022-07-02,Mumbai,Mumbai,India,19.07,72.88,23.1,279.0,Breezy,Normal
2022-07-03,Mumbai,Mumbai,India,19.07,72.88,42.8,52.0,Windy,Normal
2022-07-07,Mumbai,Mumbai,India,19.07,72.88,29.2,98.0,Breezy,Normal
2022-07-10,Mumbai,Mumbai,India,19.07,72.88,47.1,130.0,Windy,Normal
2022-07-11,Mumbai,Mumbai,India,19.07,72.88,21.2,28.0,Breezy,Normal
2022-07-12,Mumbai,Mumbai,India,19.07,72.88,37.6,172.0,Breezy,Normal
2022-07-13,Mumbai,Mumbai,India,19.07,72.88,21.0,89.0,Breezy,Normal
2022-07-15,Mumbai,Mumbai,India,19.07,72.88,20.3,135.0,Breezy,Normal
2022-07-17,Mumbai,Mumbai,India,19.07,72.88,22.4,321.0,Breezy,Normal
2022-07-19,Mumbai,Mumbai,India,19.07,72.88,31.7,95.0,Breezy,Flood
2022-07-20,Mumbai,Mumbai,India,19.07,72.88,23.4,71.0,Breezy,Normal
2022-07-21,Mumbai,Mumbai,India,19.07,72.88,27.5,186.0,Breezy,Normal
2022-07-22,Mumbai,Mumbai,India,19.07,72.88,28.8,99.0,Breezy,Normal
2022-07-23,Mumbai,Mumbai,India,19.07,72.88,21.9,310.0,Breezy,Normal
2022-07-31,Mumbai,Mumbai,India,19.07,72.88,50.1,350.0,Windy,Normal
2022-08-01,Mumbai,Mumbai,India,19.07,72.88,36.7,164.0,Breezy,Normal
2022-08-02,Mumbai,Mumbai,India,19.07,72.88,24.9,303.0,Breezy,Normal
2022-08-03,Mumbai,Mumbai,India,19.07,72.88,20.6,18.0,Breezy,Normal
2022-08-04,Mumbai,Mumbai,India,19.07,72.88,33.7,303.0,Breezy,Normal
2022-08-05,Mumbai,Mumbai,India,19.07,72.88,35.9,202.0,Breezy,Normal
2022-08-08,Mumbai,Mumbai,India,19.07,72.88,33.3,16.0,Breezy,Normal
2022-08-13,Mumbai,Mumbai,India,19.07,72.88,44.7,307.0,Windy,Normal
2022-08-14,Mumbai,Mumbai,India,19.07,72.88,37.1,138.0,Breezy,Normal
2022-08-15,Mumbai,Mumbai,India,19.07,72.88,35.5,240.0,Breezy,Normal
2022-08-19,Mumbai,Mumbai,India,19.07,72.88,27.8,24.0,Breezy,Normal
2022-08-20,Mumbai,Mumbai,India,19.07,72.88,26.1,53.0,Breezy,Normal
2022-08-21,Mumbai,Mumbai,India,19.07,72.88,22.1,28.0,Breezy,Normal
2022-08-22,Mumbai,Mumbai,India,19.07,72.88,23.6,222.0,Breezy,Normal
2022-08-23,Mumbai,Mumbai,India,19.07,72.88,29.6,302.0,Breezy,Normal
2022-08-24,Mumbai,Mumbai,India,19.07,72.88,26.6,235.0,Breezy,Normal
2022-08-26,Mumbai,Mumbai,India,19.07,72.88,26.9,5.0,Breezy,Normal
2022-08-28,Mumbai,Mumbai,India,19.07,72.88,21.9,343.0,Breezy,Normal
2022-08-30,Mumbai,Mumbai,India,19.07,72.88,23.8,333.0,Breezy,Normal
2022-08-31,Mumbai,Mumbai,India,19.07,72.88,47.1,193.0,Windy,Normal
2022-09-04,Mumbai,Mumbai,India,19.07,72.88,32.4,315.0,Breezy,Normal
2022-09-09,Mumbai,Mumbai,India,19.07,72.88,29.0,34.0,Breezy,Normal
2022-09-10,Mumbai,Mumbai,India,19.07,72.88,28.2,245.0,Breezy,Normal
2022-09-13,Mumbai,Mumbai,India,19.07,72.88,34.0,36.0,Breezy,Normal
2022-09-14,Mumbai,Mumbai,India,19.07,72.88,29.6,69.0,Breezy,Normal
2022-09-17,Mumbai,Mumbai,India,19.07,72.88,32.1,265.0,Breezy,Normal
2022-09-18,Mumbai,Mumbai,India,19.07,72.88,25.8,282.0,Breezy,Normal
2022-09-19,Mumbai,Mumbai,India,19.07,72.88,28.8,183.0,Breezy,Normal
2022-09-21,Mumbai,Mumbai,India,19.07,72.88,32.2,135.0,Breezy,Normal
2022-09-24,Mumbai,Mumbai,India,19.07,72.88,26.7,166.0,Breezy,Normal
2022-09-25,Mumbai,Mumbai,India,19.07,72.88,20.9,336.0,Breezy,Normal
2022-09-27,Mumbai,Mumbai,India,19.07,72.88,22.0,170.0,Breezy,Normal
2022-09-28,Mumbai,Mumbai,India,19.07,72.88,42.0,53.0,Windy,Normal
2022-10-03,Mumbai,Mumbai,India,19.07,72.88,23.6,0.0,Breezy,Normal
2022-10-05,Mumbai,Mumbai,India,19.07,72.88,21.6,339.0,Breezy,Normal
2022-10-06,Mumbai,Mumbai,India,19.07,72.88,22.0,51.0,Breezy,Normal
2022-10-09,Mumbai,Mumbai,India,19.07,72.88,29.8,199.0,Breezy,Normal
2022-10-12,Mumbai,Mumbai,India,19.07,72.88,27.6,313.0,Breezy,Normal
2022-10-14,Mumbai,Mumbai,India,19.07,72.88,29.9,136.0,Breezy,Normal
2022-10-15,Mumbai,Mumbai,India,19.07,72.88,38.0,241.0,Breezy,Normal
2022-10-16,Mumbai,Mumbai,India,19.07,72.88,29.6,8.0,Breezy,Normal
2022-10-18,Mumbai,Mumbai,India,19.07,72.88,20.3,272.0,Breezy,Normal
2022-10-19,Mumbai,Mumbai,India,19.07,72.88,27.2,22.0,Breezy,Normal
2022-10-22,Mumbai,Mumbai,India,19.07,72.88,26.7,277.0,Breezy,Normal
2022-10-23,Mumbai,Mumbai,India,19.07,72.88,24.2,88.0,Breezy,Normal
2022-10-24,Mumbai,Mumbai,India,19.07,72.88,34.1,62.0,Breezy,Normal
2022-10-26,Mumbai,Mumbai,India,19.07,72.88,29.8,246.0,Breezy,Normal
2022-10-27,Mumbai,Mumbai,India,19.07,72.88,21.2,232.0,Breezy,Normal
2022-10-30,Mumbai,Mumbai,India,19.07,72.88,22.5,116.0,Breezy,Normal
2022-11-01,Mumbai,Mumbai,India,19.07,72.88,40.0,274.0,Breezy,Normal
2022-11-02,Mumbai,Mumbai,India,19.07,72.88,38.3,358.0,Breezy,Normal
2022-11-03,Mumbai,Mumbai,India,19.07,72.88,40.0,297.0,Breezy,Normal
2022-11-05,Mumbai,Mumbai,India,19.07,72.88,21.7,317.0,Breezy,Normal
2022-11-06,Mumbai,Mumbai,India,19.07,72.88,29.3,358.0,Breezy,Normal
2022-11-07,Mumbai,Mumbai,India,19.07,72.88,27.6,102.0,Breezy,Normal
2022-11-09,Mumbai,Mumbai,India,19.07,72.88,29.6,317.0,Breezy,Normal
2022-11-11,Mumbai,Mumbai,India,19.07,72.88,31.4,37.0,Breezy,Normal
2022-11-12,Mumbai,Mumbai,India,19.07,72.88,31.0,1.0,Breezy,Normal
2022-11-13,Mumbai,Mumbai,India,19.07,72.88,22.4,62.0,Breezy,Normal
2022-11-16,Mumbai,Mumbai,India,19.07,72.88,28.2,290.0,Breezy,Normal
2022-11-18,Mumbai,Mumbai,India,19.07,72.88,23.7,104.0,Breezy,Normal
2022-11-21,Mumbai,Mumbai,India,19.07,72.88,35.6,265.0,Breezy,Normal
2022-11-23,Mumbai,Mumbai,India,19.07,72.88,24.5,229.0,Breezy,Normal
2022-11-24,Mumbai,Mumbai,India,19.07,72.88,33.5,357.0,Breezy,Normal
2022-11-25,Mumbai,Mumbai,India,19.07,72.88,29.6,240.0,Breezy,Normal
2022-11-26,Mumbai,Mumbai,India,19.07,72.88,22.4,98.0,Breezy,Normal
2022-11-28,Mumbai,Mumbai,India,19.07,72.88,24.2,33.0,Breezy,Normal
2022-12-04,Mumbai,Mumbai,India,19.07,72.88,21.3,296.0,Breezy,Normal
2022-12-06,Mumbai,Mumbai,India,19.07,72.88,29.7,116.0,Breezy,Normal
2022-12-08,Mumbai,Mumbai,India,19.07,72.88,22.7,32.0,Breezy,Normal
2022-12-11,Mumbai,Mumbai,India,19.07,72.88,26.3,159.0,Breezy,Normal
2022-12-13,Mumbai,Mumbai,India,19.07,72.88,21.9,259.0,Breezy,Normal
2022-12-14,Mumbai,Mumbai,India,19.07,72.88,26.2,45.0,Breezy,Normal
2022-12-17,Mumbai,Mumbai,India,19.07,72.88,20.9,242.0,Breezy,Normal
2022-12-19,Mumbai,Mumbai,India,19.07,72.88,28.8,169.0,Breezy,Normal
2022-12-20,Mumbai,Mumbai,India,19.07,72.88,25.0,4.0,Breezy,Normal
2022-12-22,Mumbai,Mumbai,India,19.07,72.88,20.2,161.0,Breezy,Normal
2022-12-23,Mumbai,Mumbai,India,19.07,72.88,20.3,5.0,Breezy,Normal
2022-12-24,Mumbai,Mumbai,India,19.07,72.88,28.7,41.0,Breezy,Normal
2022-12-25,Mumbai,Mumbai,India,19.07,72.88,22.6,51.0,Breezy,Normal
2022-12-27,Mumbai,Mumbai,India,19.07,72.88,23.4,73.0,Breezy,Normal
2022-12-28,Mumbai,Mumbai,India,19.07,72.88,24.1,9.0,Breezy,Normal
2022-12-29,Mumbai,Mumbai,India,19.07,72.88,21.1,83.0,Breezy,Normal
2022-12-30,Mumbai,Mumbai,India,19.07,72.88,34.1,267.0,Breezy,Normal
2022-12-31,Mumbai,Mumbai,India,19.07,72.88,21.0,77.0,Breezy,Normal
2023-01-01,Mumbai,Mumbai,India,19.07,72.88,22.0,322.0,Breezy,Normal
2023-01-03,Mumbai,Mumbai,India,19.07,72.88,40.1,70.0,Windy,Normal
2023-01-04,Mumbai,Mumbai,India,19.07,72.88,36.3,241.0,Breezy,Normal
2023-01-06,Mumbai,Mumbai,India,19.07,72.88,26.3,185.0,Breezy,Normal
2023-01-09,Mumbai,Mumbai,India,19.07,72.88,31.5,81.0,Breezy,Normal
2023-01-10,Mumbai,Mumbai,India,19.07,72.88,30.4,242.0,Breezy,Normal
2023-01-13,Mumbai,Mumbai,India,19.07,72.88,23.5,24.0,Breezy,Normal
2023-01-16,Mumbai,Mumbai,India,19.07,72.88,36.3,288.0,Breezy,Normal
2023-01-20,Mumbai,Mumbai,India,19.07,72.88,20.1,260.0,Breezy,Normal
2023-01-21,Mumbai,Mumbai,India,19.07,72.88,23.3,186.0,Breezy,Normal
2023-01-22,Mumbai,Mumbai,India,19.07,72.88,32.1,3.0,Breezy,Normal
2023-01-24,Mumbai,Mumbai,India,19.07,72.88,23.1,82.0,Breezy,Normal
2023-01-25,Mumbai,Mumbai,India,19.07,72.88,22.8,168.0,Breezy,Normal
2023-01-27,Mumbai,Mumbai,India,19.07,72.88,39.2,88.0,Breezy,Normal
2023-01-29,Mumbai,Mumbai,India,19.07,72.88,29.2,34.0,Breezy,Normal
2023-01-31,Mumbai,Mumbai,India,19.07,72.88,44.5,140.0,Windy,Normal
2023-02-01,Mumbai,Mumbai,India,19.07,72.88,23.2,297.0,Breezy,Normal
2023-02-02,Mumbai,Mumbai,India,19.07,72.88,21.8,60.0,Breezy,Normal
2023-02-03,Mumbai,Mumbai,India,19.07,72.88,20.7,341.0,Breezy,Normal
2023-02-05,Mumbai,Mumbai,India,19.07,72.88,28.5,301.0,Breezy,Normal
2023-02-06,Mumbai,Mumbai,India,19.07,72.88,23.1,295.0,Breezy,Normal
2023-02-07,Mumbai,Mumbai,India,19.07,72.88,21.8,247.0,Breezy,Normal
2023-02-08,Mumbai,Mumbai,India,19.07,72.88,33.6,164.0,Breezy,Normal
2023-02-09,Mumbai,Mumbai,India,19.07,72.88,24.3,90.0,Breezy,Normal
2023-02-11,Mumbai,Mumbai,India,19.07,72.88,21.1,88.0,Breezy,Normal
2023-02-14,Mumbai,Mumbai,India,19.07,72.88,22.8,257.0,Breezy,Normal
2023-02-20,Mumbai,Mumbai,India,19.07,72.88,27.3,316.0,Breezy,Normal
2023-02-21,Mumbai,Mumbai,India,19.07,72.88,27.3,123.0,Breezy,Normal
2023-02-22,Mumbai,Mumbai,India,19.07,72.88,34.6,212.0,Breezy,Normal
2023-02-23,Mumbai,Mumbai,India,19.07,72.88,41.3,160.0,Windy,Normal
2023-02-24,Mumbai,Mumbai,India,19.07,72.88,20.8,242.0,Breezy,Normal
2023-02-25,Mumbai,Mumbai,India,19.07,72.88,27.2,29.0,Breezy,Normal
2023-02-27,Mumbai,Mumbai,India,19.07,72.88,33.9,91.0,Breezy,Heatwave
2023-03-03,Mumbai,Mumbai,India,19.07,72.88,35.3,250.0,Breezy,Heatwave
2023-03-05,Mumbai,Mumbai,India,19.07,72.88,26.2,188.0,Breezy,Normal
2023-03-08,Mumbai,Mumbai,India,19.07,72.88,20.9,337.0,Breezy,Heatwave
2023-03-10,Mumbai,Mumbai,India,19.07,72.88,24.5,233.0,Breezy,Heatwave
2023-03-14,Mumbai,Mumbai,India,19.07,72.88,38.6,354.0,Breezy,Heatwave
2023-03-15,Mumbai,Mumbai,India,19.07,72.88,20.3,119.0,Breezy,Heatwave
2023-03-16,Mumbai,Mumbai,India,19.07,72.88,52.5,219.0,Windy,Heatwave
2023-03-18,Mumbai,Mumbai,India,19.07,72.88,20.7,120.0,Breezy,Heatwave
2023-03-20,Mumbai,Mumbai,India,19.07,72.88,25.5,201.0,Breezy,Heatwave
2023-03-22,Mumbai,Mumbai,India,19.07,72.88,22.6,37.0,Breezy,Heatwave
2023-03-23,Mumbai,Mumbai,India,19.07,72.88,27.9,255.0,Breezy,Heatwave
2023-03-25,Mumbai,Mumbai,India,19.07,72.88,32.0,56.0,Breezy,Heatwave
2023-03-31,Mumbai,Mumbai,India,19.07,72.88,24.2,286.0,Breezy,Heatwave
2023-04-01,Mumbai,Mumbai,India,19.07,72.88,21.1,127.0,Breezy,Heatwave
2023-04-03,Mumbai,Mumbai,India,19.07,72.88,45.3,102.0,Windy,Heatwave
2023-04-04,Mumbai,Mumbai,India,19.07,72.88,39.1,254.0,Breezy,Heatwave
2023-04-05,Mumbai,Mumbai,India,19.07,72.88,20.8,344.0,Breezy,Heatwave
2023-04-06,Mumbai,Mumbai,India,19.07,72.88,24.4,232.0,Breezy,Heatwave
2023-04-07,Mumbai,Mumbai,India,19.07,72.88,39.2,76.0,Breezy,Heatwave
2023-04-09,Mumbai,Mumbai,India,19.07,72.88,21.1,2.0,Breezy,Heatwave
2023-04-10,Mumbai,Mumbai,India,19.07,72.88,26.0,279.0,Breezy,Heatwave
2023-04-12,Mumbai,Mumbai,India,19.07,72.88,20.3,114.0,Breezy,Heatwave
2023-04-14,Mumbai,Mumbai,India,19.07,72.88,21.4,335.0,Breezy,Heatwave
2023-04-17,Mumbai,Mumbai,India,19.07,72.88,36.7,149.0,Breezy,Heatwave
2023-04-19,Mumbai,Mumbai,India,19.07,72.88,21.8,181.0,Breezy,Heatwave
2023-04-24,Mumbai,Mumbai,India,19.07,72.88,23.7,21.0,Breezy,Heatwave
2023-04-29,Mumbai,Mumbai,India,19.07,72.88,32.6,344.0,Breezy,Heatwave
2023-05-01,Mumbai,Mumbai,India,19.07,72.88,24.8,344.0,Breezy,Heatwave
2023-05-02,Mumbai,Mumbai,India,19.07,72.88,25.0,182.0,Breezy,Heatwave
2023-05-04,Mumbai,Mumbai,India,19.07,72.88,39.0,256.0,Breezy,Heatwave
2023-05-05,Mumbai,Mumbai,India,19.07,72.88,22.8,322.0,Breezy,Heatwave
2023-05-07,Mumbai,Mumbai,India,19.07,72.88,32.0,316.0,Breezy,Heatwave
2023-05-09,Mumbai,Mumbai,India,19.07,72.88,24.7,301.0,Breezy,Heatwave
2023-05-10,Mumbai,Mumbai,India,19.07,72.88,35.5,219.0,Breezy,Heatwave
2023-05-12,Mumbai,Mumbai,India,19.07,72.88,27.9,231.0,Breezy,Heatwave
2023-05-14,Mumbai,Mumbai,India,19.07,72.88,20.1,311.0,Breezy,Heatwave
2023-05-17,Mumbai,Mumbai,India,19.07,72.88,31.9,210.0,Breezy,Heatwave
2023-05-18,Mumbai,Mumbai,India,19.07,72.88,20.5,194.0,Breezy,Heatwave
2023-05-19,Mumbai,Mumbai,India,19.07,72.88,27.4,6.0,Breezy,Heatwave
2023-06-04,Mumbai,Mumbai,India,19.07,72.88,35.6,121.0,Breezy,Normal
2023-06-05,Mumbai,Mumbai,India,19.07,72.88,32.7,68.0,Breezy,Heatwave
2023-06-06,Mumbai,Mumbai,India,19.07,72.88,24.4,343.0,Breezy,Heatwave
2023-06-08,Mumbai,Mumbai,India,19.07,72.88,21.1,347.0,Breezy,Normal
2023-06-10,Mumbai,Mumbai,India,19.07,72.88,30.3,279.0,Breezy,Normal
2023-06-11,Mumbai,Mumbai,India,19.07,72.88,27.0,178.0,Breezy,Normal
2023-06-12,Mumbai,Mumbai,India,19.07,72.88,36.0,258.0,Breezy,Normal
2023-06-21,Mumbai,Mumbai,India,19.07,72.88,33.8,36.0,Breezy,Normal
2023-06-22,Mumbai,Mumbai,India,19.07,72.88,22.2,304.0,Breezy,Normal
2023-06-23,Mumbai,Mumbai,India,19.07,72.88,32.3,318.0,Breezy,Normal
2023-06-24,Mumbai,Mumbai,India,19.07,72.88,26.6,181.0,Breezy,Normal
2023-06-25,Mumbai,Mumbai,India,19.07,72.88,26.6,307.0,Breezy,Normal
2023-06-26,Mumbai,Mumbai,India,19.07,72.88,37.8,25.0,Breezy,Normal
2023-06-27,Mumbai,Mumbai,India,19.07,72.88,37.8,254.0,Breezy,Normal
2023-06-28,Mumbai,Mumbai,India,19.07,72.88,31.9,75.0,Breezy,Normal
2023-06-29,Mumbai,Mumbai,India,19.07,72.88,26.8,350.0,Breezy,Normal
2023-06-30,Mumbai,Mumbai,India,19.07,72.88,41.2,261.0,Windy,Normal
2023-07-02,Mumbai,Mumbai,India,19.07,72.88,39.3,219.0,Breezy,Normal
2023-07-05,Mumbai,Mumbai,India,19.07,72.88,32.3,158.0,Breezy,Normal
2023-07-06,Mumbai,Mumbai,India,19.07,72.88,24.0,162.0,Breezy,Normal
2023-07-07,Mumbai,Mumbai,India,19.07,72.88,20.5,237.0,Breezy,Normal
2023-07-11,Mumbai,Mumbai,India,19.07,72.88,31.7,168.0,Breezy,Normal
2023-07-12,Mumbai,Mumbai,India,19.07,72.88,33.5,238.0,Breezy,Normal
2023-07-14,Mumbai,Mumbai,India,19.07,72.88,24.3,156.0,Breezy,Normal
2023-07-15,Mumbai,Mumbai,India,19.07,72.88,23.7,33.0,Breezy,Normal
2023-07-17,Mumbai,Mumbai,India,19.07,72.88,25.1,249.0,Breezy,Normal
2023-07-20,Mumbai,Mumbai,India,19.07,72.88,43.0,341.0,Windy,Normal
2023-07-21,Mumbai,Mumbai,India,19.07,72.88,21.2,201.0,Breezy,Normal
2023-07-22,Mumbai,Mumbai,India,19.07,72.88,27.9,210.0,Breezy,Normal
2023-07-23,Mumbai,Mumbai,India,19.07,72.88,30.8,20.0,Breezy,Normal
2023-07-25,Mumbai,Mumbai,India,19.07,72.88,35.2,249.0,Breezy,Normal
2023-07-30,Mumbai,Mumbai,India,19.07,72.88,22.3,205.0,Breezy,Normal
2023-07-31,Mumbai,Mumbai,India,19.07,72.88,24.4,306.0,Breezy,Normal
2023-08-01,Mumbai,Mumbai,India,19.07,72.88,28.4,67.0,Breezy,Normal
2023-08-02,Mumbai,Mumbai,India,19.07,72.88,23.9,88.0,Breezy,Normal
2023-08-05,Mumbai,Mumbai,India,19.07,72.88,29.2,115.0,Breezy,Normal
2023-08-06,Mumbai,Mumbai,India,19.07,72.88,22.1,36.0,Breezy,Flood
2023-08-08,Mumbai,Mumbai,India,19.07,72.88,26.8,206.0,Breezy,Normal
2023-08-09,Mumbai,Mumbai,India,19.07,72.88,24.5,63.0,Breezy,Normal
2023-08-10,Mumbai,Mumbai,India,19.07,72.88,35.2,302.0,Breezy,Normal
2023-08-13,Mumbai,Mumbai,India,19.07,72.88,22.4,148.0,Breezy,Normal
2023-08-16,Mumbai,Mumbai,India,19.07,72.88,47.6,329.0,Windy,Normal
2023-08-18,Mumbai,Mumbai,India,19.07,72.88,20.7,80.0,Breezy,Normal
2023-08-22,Mumbai,Mumbai,India,19.07,72.88,21.4,262.0,Breezy,Normal
2023-08-24,Mumbai,Mumbai,India,19.07,72.88,36.2,192.0,Breezy,Flood
2023-08-25,Mumbai,Mumbai,India,19.07,72.88,34.5,47.0,Breezy,Normal
2023-08-27,Mumbai,Mumbai,India,19.07,72.88,22.1,318.0,Breezy,Normal
2023-08-28,Mumbai,Mumbai,India,19.07,72.88,44.5,341.0,Windy,Normal
2023-08-30,Mumbai,Mumbai,India,19.07,72.88,39.6,193.0,Breezy,Normal
2023-08-31,Mumbai,Mumbai,India,19.07,72.88,32.3,295.0,Breezy,Normal
2023-09-04,Mumbai,Mumbai,India,19.07,72.88,21.3,281.0,Breezy,Normal
2023-09-05,Mumbai,Mumbai,India,19.07,72.88,20.4,347.0,Breezy,Normal
2023-09-06,Mumbai,Mumbai,India,19.07,72.88,47.5,84.0,Windy,Normal
2023-09-08,Mumbai,Mumbai,India,19.07,72.88,24.3,152.0,Breezy,Normal
2023-09-09,Mumbai,Mumbai,India,19.07,72.88,25.0,231.0,Breezy,Normal
2023-09-10,Mumbai,Mumbai,India,19.07,72.88,21.7,340.0,Breezy,Normal
2023-09-11,Mumbai,Mumbai,India,19.07,72.88,21.4,294.0,Breezy,Normal
2023-09-12,Mumbai,Mumbai,India,19.07,72.88,23.9,152.0,Breezy,Normal
2023-09-14,Mumbai,Mumbai,India,19.07,72.88,32.5,355.0,Breezy,Normal
2023-09-15,Mumbai,Mumbai,India,19.07,72.88,27.1,346.0,Breezy,Flood
2023-09-17,Mumbai,Mumbai,India,19.07,72.88,36.7,192.0,Breezy,Normal
2023-09-18,Mumbai,Mumbai,India,19.07,72.88,22.6,342.0,Breezy,Normal
2023-09-20,Mumbai,Mumbai,India,19.07,72.88,23.7,239.0,Breezy,Normal
2023-09-22,Mumbai,Mumbai,India,19.07,72.88,40.9,321.0,Windy,Normal
2023-09-23,Mumbai,Mumbai,India,19.07,72.88,25.2,38.0,Breezy,Normal
2023-09-25,Mumbai,Mumbai,India,19.07,72.88,25.0,319.0,Breezy,Normal
2023-09-26,Mumbai,Mumbai,India,19.07,72.88,32.8,257.0,Breezy,Normal
2023-09-27,Mumbai,Mumbai,India,19.07,72.88,46.0,193.0,Windy,Normal
2023-09-30,Mumbai,Mumbai,India,19.07,72.88,30.0,55.0,Breezy,Normal
2023-10-01,Mumbai,Mumbai,India,19.07,72.88,22.2,163.0,Breezy,Normal
2023-10-02,Mumbai,Mumbai,India,19.07,72.88,25.7,28.0,Breezy,Normal
2023-10-03,Mumbai,Mumbai,India,19.07,72.88,26.1,126.0,Breezy,Normal
2023-10-04,Mumbai,Mumbai,India,19.07,72.88,27.2,1.0,Breezy,Normal
2023-10-08,Mumbai,Mumbai,India,19.07,72.88,33.9,112.0,Breezy,Normal
2023-10-09,Mumbai,Mumbai,India,19.07,72.88,20.2,40.0,Breezy,Normal
2023-10-10,Mumbai,Mumbai,India,19.07,72.88,21.1,284.0,Breezy,Normal
2023-10-11,Mumbai,Mumbai,India,19.07,72.88,26.5,67.0,Breezy,Normal
2023-10-13,Mumbai,Mumbai,India,19.07,72.88,29.5,25.0,Breezy,Normal
2023-10-14,Mumbai,Mumbai,India,19.07,72.88,26.2,339.0,Breezy,Normal
2023-10-16,Mumbai,Mumbai,India,19.07,72.88,21.7,90.0,Breezy,Normal
2023-10-19,Mumbai,Mumbai,India,19.07,72.88,21.9,48.0,Breezy,Normal
2023-10-21,Mumbai,Mumbai,India,19.07,72.88,34.4,122.0,Breezy,Normal
2023-10-22,Mumbai,Mumbai,India,19.07,72.88,32.9,63.0,Breezy,Normal
2023-10-24,Mumbai,Mumbai,India,19.07,72.88,21.2,246.0,Breezy,Normal
2023-10-26,Mumbai,Mumbai,India,19.07,72.88,23.5,355.0,Breezy,Normal
2023-10-30,Mumbai,Mumbai,India,19.07,72.88,38.8,89.0,Breezy,Normal
2023-11-03,Mumbai,Mumbai,India,19.07,72.88,30.3,124.0,Breezy,Normal
2023-11-05,Mumbai,Mumbai,India,19.07,72.88,33.0,207.0,Breezy,Normal
2023-11-06,Mumbai,Mumbai,India,19.07,72.88,20.1,320.0,Breezy,Normal
2023-11-08,Mumbai,Mumbai,India,19.07,72.88,23.6,157.0,Breezy,Normal
2023-11-10,Mumbai,Mumbai,India,19.07,72.88,31.9,215.0,Breezy,Normal
2023-11-11,Mumbai,Mumbai,India,19.07,72.88,20.5,281.0,Breezy,Normal
2023-11-15,Mumbai,Mumbai,India,19.07,72.88,32.2,54.0,Breezy,Normal
2023-11-16,Mumbai,Mumbai,India,19.07,72.88,32.4,291.0,Breezy,Normal
2023-11-18,Mumbai,Mumbai,India,19.07,72.88,42.7,172.0,Windy,Normal
2023-11-21,Mumbai,Mumbai,India,19.07,72.88,26.4,213.0,Breezy,Normal
2023-11-22,Mumbai,Mumbai,India,19.07,72.88,27.4,156.0,Breezy,Normal
2023-11-23,Mumbai,Mumbai,India,19.07,72.88,29.5,318.0,Breezy,Normal
2023-11-24,Mumbai,Mumbai,India,19.07,72.88,22.5,17.0,Breezy,Normal
2023-11-28,Mumbai,Mumbai,India,19.07,72.88,43.2,264.0,Windy,Normal
2023-11-30,Mumbai,Mumbai,India,19.07,72.88,40.2,12.0,Windy,Normal
2023-12-01,Mumbai,Mumbai,India,19.07,72.88,30.3,242.0,Breezy,Normal
2023-12-03,Mumbai,Mumbai,India,19.07,72.88,42.0,173.0,Windy,Normal
2023-12-04,Mumbai,Mumbai,India,19.07,72.88,25.1,106.0,Breezy,Normal
2023-12-12,Mumbai,Mumbai,India,19.07,72.88,45.7,278.0,Windy,Normal
2023-12-15,Mumbai,Mumbai,India,19.07,72.88,28.7,40.0,Breezy,Normal
2023-12-16,Mumbai,Mumbai,India,19.07,72.88,23.5,129.0,Breezy,Normal
2023-12-20,Mumbai,Mumbai,India,19.07,72.88,24.7,188.0,Breezy,Normal
2023-12-21,Mumbai,Mumbai,India,19.07,72.88,23.7,191.0,Breezy,Normal
2023-12-23,Mumbai,Mumbai,India,19.07,72.88,35.7,271.0,Breezy,Normal
2023-12-24,Mumbai,Mumbai,India,19.07,72.88,38.2,157.0,Breezy,Normal
2023-12-25,Mumbai,Mumbai,India,19.07,72.88,41.2,256.0,Windy,Normal
2023-12-26,Mumbai,Mumbai,India,19.07,72.88,37.2,113.0,Breezy,Normal
2023-12-27,Mumbai,Mumbai,India,19.07,72.88,32.5,214.0,Breezy,Normal
2023-12-29,Mumbai,Mumbai,India,19.07,72.88,35.4,351.0,Breezy,Normal
2022-01-07,Kabul,Kabul,Afghanistan,34.53,69.17,28.0,244.0,Breezy,Normal
2022-01-16,Kabul,Kabul,Afghanistan,34.53,69.17,20.2,38.0,Breezy,Normal
2022-01-24,Kabul,Kabul,Afghanistan,34.53,69.17,33.1,7.0,Breezy,Normal
2022-01-26,Kabul,Kabul,Afghanistan,34.53,69.17,27.2,222.0,Breezy,Normal
2022-02-08,Kabul,Kabul,Afghanistan,34.53,69.17,21.9,50.0,Breezy,Normal
2022-02-15,Kabul,Kabul,Afghanistan,34.53,69.17,22.3,57.0,Breezy,Normal
2022-02-22,Kabul,Kabul,Afghanistan,34.53,69.17,22.2,225.0,Breezy,Normal
2022-03-12,Kabul,Kabul,Afghanistan,34.53,69.17,20.4,172.0,Breezy,Normal
2022-03-18,Kabul,Kabul,Afghanistan,34.53,69.17,21.8,78.0,Breezy,Normal
2022-03-30,Kabul,Kabul,Afghanistan,34.53,69.17,27.6,193.0,Breezy,Normal
2022-03-31,Kabul,Kabul,Afghanistan,34.53,69.17,36.5,157.0,Breezy,Normal
2022-04-15,Kabul,Kabul,Afghanistan,34.53,69.17,22.5,318.0,Breezy,Normal
2022-04-26,Kabul,Kabul,Afghanistan,34.53,69.17,20.2,100.0,Breezy,Normal
2022-04-28,Kabul,Kabul,Afghanistan,34.53,69.17,28.0,285.0,Breezy,Normal
2022-04-30,Kabul,Kabul,Afghanistan,34.53,69.17,29.1,331.0,Breezy,Normal
2022-05-01,Kabul,Kabul,Afghanistan,34.53,69.17,20.1,154.0,Breezy,Normal
2022-05-02,Kabul,Kabul,Afghanistan,34.53,69.17,22.0,193.0,Breezy,Normal
2022-05-06,Kabul,Kabul,Afghanistan,34.53,69.17,30.4,316.0,Breezy,Normal
2022-05-07,Kabul,Kabul,Afghanistan,34.53,69.17,26.6,138.0,Breezy,Normal
2022-05-08,Kabul,Kabul,Afghanistan,34.53,69.17,27.4,308.0,Breezy,Normal
2022-05-20,Kabul,Kabul,Afghanistan,34.53,69.17,21.6,311.0,Breezy,Normal
2022-05-28,Kabul,Kabul,Afghanistan,34.53,69.17,24.4,215.0,Breezy,Normal
2022-05-29,Kabul,Kabul,Afghanistan,34.53,69.17,32.0,180.0,Breezy,Normal
2022-06-10,Kabul,Kabul,Afghanistan,34.53,69.17,22.9,37.0,Breezy,Normal
2022-06-11,Kabul,Kabul,Afghanistan,34.53,69.17,21.1,194.0,Breezy,Normal
2022-06-13,Kabul,Kabul,Afghanistan,34.53,69.17,33.2,131.0,Breezy,Normal
2022-06-18,Kabul,Kabul,Afghanistan,34.53,69.17,20.6,318.0,Breezy,Normal
2022-06-20,Kabul,Kabul,Afghanistan,34.53,69.17,30.5,110.0,Breezy,Normal
2022-06-22,Kabul,Kabul,Afghanistan,34.53,69.17,24.7,25.0,Breezy,Normal
2022-07-10,Kabul,Kabul,Afghanistan,34.53,69.17,26.1,244.0,Breezy,Normal
2022-07-14,Kabul,Kabul,Afghanistan,34.53,69.17,30.3,328.0,Breezy,Normal
2022-07-16,Kabul,Kabul,Afghanistan,34.53,69.17,26.1,221.0,Breezy,Normal
2022-07-18,Kabul,Kabul,Afghanistan,34.53,69.17,21.6,350.0,Breezy,Normal
2022-07-22,Kabul,Kabul,Afghanistan,34.53,69.17,20.9,121.0,Breezy,Normal
2022-07-24,Kabul,Kabul,Afghanistan,34.53,69.17,21.8,208.0,Breezy,Normal
2022-07-26,Kabul,Kabul,Afghanistan,34.53,69.17,21.6,18.0,Breezy,Normal
2022-08-10,Kabul,Kabul,Afghanistan,34.53,69.17,25.5,148.0,Breezy,Normal
2022-08-17,Kabul,Kabul,Afghanistan,34.53,69.17,35.4,172.0,Breezy,Normal
2022-08-18,Kabul,Kabul,Afghanistan,34.53,69.17,24.9,156.0,Breezy,Normal
2022-08-19,Kabul,Kabul,Afghanistan,34.53,69.17,20.2,25.0,Breezy,Normal
2022-08-21,Kabul,Kabul,Afghanistan,34.53,69.17,21.7,245.0,Breezy,Normal
2022-08-22,Kabul,Kabul,Afghanistan,34.53,69.17,20.8,23.0,Breezy,Normal
2022-08-24,Kabul,Kabul,Afghanistan,34.53,69.17,22.1,342.0,Breezy,Normal
2022-08-29,Kabul,Kabul,Afghanistan,34.53,69.17,38.5,37.0,Breezy,Normal
2022-09-02,Kabul,Kabul,Afghanistan,34.53,69.17,25.6,321.0,Breezy,Normal
2022-09-03,Kabul,Kabul,Afghanistan,34.53,69.17,24.5,135.0,Breezy,Normal
2022-09-05,Kabul,Kabul,Afghanistan,34.53,69.17,21.8,294.0,Breezy,Normal
2022-09-15,Kabul,Kabul,Afghanistan,34.53,69.17,25.2,191.0,Breezy,Normal
2022-09-16,Kabul,Kabul,Afghanistan,34.53,69.17,20.7,4.0,Breezy,Normal
2022-09-17,Kabul,Kabul,Afghanistan,34.53,69.17,21.2,35.0,Breezy,Normal
2022-09-30,Kabul,Kabul,Afghanistan,34.53,69.17,21.9,94.0,Breezy,Normal
2022-10-06,Kabul,Kabul,Afghanistan,34.53,69.17,21.1,313.0,Breezy,Normal
2022-10-16,Kabul,Kabul,Afghanistan,34.53,69.17,28.6,359.0,Breezy,Normal
2022-10-17,Kabul,Kabul,Afghanistan,34.53,69.17,20.8,336.0,Breezy,Normal
2022-10-20,Kabul,Kabul,Afghanistan,34.53,69.17,23.1,234.0,Breezy,Normal
2022-10-25,Kabul,Kabul,Afghanistan,34.53,69.17,24.7,64.0,Breezy,Normal
2022-10-29,Kabul,Kabul,Afghanistan,34.53,69.17,20.8,3.0,Breezy,Normal
2022-10-30,Kabul,Kabul,Afghanistan,34.53,69.17,23.1,59.0,Breezy,Normal
2022-11-03,Kabul,Kabul,Afghanistan,34.53,69.17,21.7,355.0,Breezy,Normal
2022-11-04,Kabul,Kabul,Afghanistan,34.53,69.17,22.2,209.0,Breezy,Normal
2022-11-11,Kabul,Kabul,Afghanistan,34.53,69.17,28.4,289.0,Breezy,Normal
2022-11-13,Kabul,Kabul,Afghanistan,34.53,69.17,25.1,115.0,Breezy,Normal
2022-11-19,Kabul,Kabul,Afghanistan,34.53,69.17,25.3,330.0,Breezy,Normal
2022-11-26,Kabul,Kabul,Afghanistan,34.53,69.17,21.7,266.0,Breezy,Normal
2022-12-01,Kabul,Kabul,Afghanistan,34.53,69.17,23.1,269.0,Breezy,Normal
2022-12-03,Kabul,Kabul,Afghanistan,34.53,69.17,24.6,185.0,Breezy,Normal
2022-12-04,Kabul,Kabul,Afghanistan,34.53,69.17,20.2,288.0,Breezy,Normal
2022-12-06,Kabul,Kabul,Afghanistan,34.53,69.17,23.6,30.0,Breezy,Normal
2022-12-09,Kabul,Kabul,Afghanistan,34.53,69.17,23.5,38.0,Breezy,Normal
2022-12-10,Kabul,Kabul,Afghanistan,34.53,69.17,23.7,107.0,Breezy,Normal
2022-12-11,Kabul,Kabul,Afghanistan,34.53,69.17,21.3,313.0,Breezy,Normal
2022-12-13,Kabul,Kabul,Afghanistan,34.53,69.17,25.5,196.0,Breezy,Normal
2022-12-29,Kabul,Kabul,Afghanistan,34.53,69.17,23.2,354.0,Breezy,Normal
2023-01-02,Kabul,Kabul,Afghanistan,34.53,69.17,23.0,259.0,Breezy,Normal
2023-01-04,Kabul,Kabul,Afghanistan,34.53,69.17,30.2,174.0,Breezy,Normal
2023-01-13,Kabul,Kabul,Afghanistan,34.53,69.17,23.3,320.0,Breezy,Normal
2023-01-17,Kabul,Kabul,Afghanistan,34.53,69.17,21.6,327.0,Breezy,Normal
2023-01-19,Kabul,Kabul,Afghanistan,34.53,69.17,31.4,286.0,Breezy,Normal
2023-01-22,Kabul,Kabul,Afghanistan,34.53,69.17,29.8,169.0,Breezy,Normal
2023-01-23,Kabul,Kabul,Afghanistan,34.53,69.17,24.1,294.0,Breezy,Normal
2023-01-24,Kabul,Kabul,Afghanistan,34.53,69.17,20.3,49.0,Breezy,Normal
2023-01-29,Kabul,Kabul,Afghanistan,34.53,69.17,24.1,1.0,Breezy,Normal
2023-02-01,Kabul,Kabul,Afghanistan,34.53,69.17,34.4,250.0,Breezy,Normal
2023-02-07,Kabul,Kabul,Afghanistan,34.53,69.17,22.7,51.0,Breezy,Normal
2023-02-10,Kabul,Kabul,Afghanistan,34.53,69.17,21.5,28.0,Breezy,Normal
2023-02-11,Kabul,Kabul,Afghanistan,34.53,69.17,23.7,120.0,Breezy,Normal
2023-02-13,Kabul,Kabul,Afghanistan,34.53,69.17,28.4,35.0,Breezy,Normal
2023-02-14,Kabul,Kabul,Afghanistan,34.53,69.17,21.5,286.0,Breezy,Normal
2023-02-20,Kabul,Kabul,Afghanistan,34.53,69.17,27.2,176.0,Breezy,Normal
2023-02-27,Kabul,Kabul,Afghanistan,34.53,69.17,25.5,168.0,Breezy,Normal
2023-03-01,Kabul,Kabul,Afghanistan,34.53,69.17,26.1,217.0,Breezy,Normal
2023-03-04,Kabul,Kabul,Afghanistan,34.53,69.17,27.1,111.0,Breezy,Normal
2023-03-06,Kabul,Kabul,Afghanistan,34.53,69.17,21.8,130.0,Breezy,Normal
2023-03-07,Kabul,Kabul,Afghanistan,34.53,69.17,21.8,152.0,Breezy,Normal
2023-03-11,Kabul,Kabul,Afghanistan,34.53,69.17,20.2,194.0,Breezy,Normal
2023-03-21,Kabul,Kabul,Afghanistan,34.53,69.17,23.7,95.0,Breezy,Heatwave
2023-03-28,Kabul,Kabul,Afghanistan,34.53,69.17,26.9,102.0,Breezy,Normal
2023-03-29,Kabul,Kabul,Afghanistan,34.53,69.17,25.9,257.0,Breezy,Heatwave
2023-04-02,Kabul,Kabul,Afghanistan,34.53,69.17,25.7,285.0,Breezy,Normal
2023-04-03,Kabul,Kabul,Afghanistan,34.53,69.17,26.1,142.0,Breezy,Heatwave
2023-04-11,Kabul,Kabul,Afghanistan,34.53,69.17,20.9,161.0,Breezy,Heatwave
2023-04-18,Kabul,Kabul,Afghanistan,34.53,69.17,29.2,13.0,Breezy,Normal
2023-04-19,Kabul,Kabul,Afghanistan,34.53,69.17,22.3,306.0,Breezy,Normal
2023-04-20,Kabul,Kabul,Afghanistan,34.53,69.17,21.4,181.0,Breezy,Normal
2023-04-27,Kabul,Kabul,Afghanistan,34.53,69.17,20.4,207.0,Breezy,Normal
2023-05-09,Kabul,Kabul,Afghanistan,34.53,69.17,23.7,46.0,Breezy,Heatwave
2023-05-13,Kabul,Kabul,Afghanistan,34.53,69.17,23.9,162.0,Breezy,Heatwave
2023-05-15,Kabul,Kabul,Afghanistan,34.53,69.17,25.2,139.0,Breezy,Normal
2023-05-16,Kabul,Kabul,Afghanistan,34.53,69.17,25.1,285.0,Breezy,Normal
2023-05-21,Kabul,Kabul,Afghanistan,34.53,69.17,22.3,40.0,Breezy,Normal
2023-05-22,Kabul,Kabul,Afghanistan,34.53,69.17,26.3,218.0,Breezy,Normal
2023-05-25,Kabul,Kabul,Afghanistan,34.53,69.17,22.8,63.0,Breezy,Normal
2023-06-01,Kabul,Kabul,Afghanistan,34.53,69.17,32.4,29.0,Breezy,Normal
2023-06-03,Kabul,Kabul,Afghanistan,34.53,69.17,27.2,352.0,Breezy,Normal
2023-06-06,Kabul,Kabul,Afghanistan,34.53,69.17,25.8,305.0,Breezy,Normal
2023-06-07,Kabul,Kabul,Afghanistan,34.53,69.17,23.4,161.0,Breezy,Normal
2023-06-08,Kabul,Kabul,Afghanistan,34.53,69.17,31.0,1.0,Breezy,Normal
2023-06-14,Kabul,Kabul,Afghanistan,34.53,69.17,20.3,264.0,Breezy,Normal
2023-06-20,Kabul,Kabul,Afghanistan,34.53,69.17,28.9,300.0,Breezy,Normal
2023-06-21,Kabul,Kabul,Afghanistan,34.53,69.17,21.0,284.0,Breezy,Normal
2023-06-22,Kabul,Kabul,Afghanistan,34.53,69.17,21.4,205.0,Breezy,Normal
2023-06-23,Kabul,Kabul,Afghanistan,34.53,69.17,25.6,154.0,Breezy,Normal
2023-06-27,Kabul,Kabul,Afghanistan,34.53,69.17,22.9,347.0,Breezy,Normal
2023-06-30,Kabul,Kabul,Afghanistan,34.53,69.17,25.0,216.0,Breezy,Normal
2023-07-06,Kabul,Kabul,Afghanistan,34.53,69.17,23.5,113.0,Breezy,Normal
2023-07-13,Kabul,Kabul,Afghanistan,34.53,69.17,24.2,319.0,Breezy,Normal
2023-07-14,Kabul,Kabul,Afghanistan,34.53,69.17,24.3,46.0,Breezy,Normal
2023-07-15,Kabul,Kabul,Afghanistan,34.53,69.17,21.4,160.0,Breezy,Normal
2023-07-16,Kabul,Kabul,Afghanistan,34.53,69.17,24.3,140.0,Breezy,Normal
2023-07-17,Kabul,Kabul,Afghanistan,34.53,69.17,37.6,238.0,Breezy,Normal
2023-07-22,Kabul,Kabul,Afghanistan,34.53,69.17,28.7,262.0,Breezy,Normal
2023-07-28,Kabul,Kabul,Afghanistan,34.53,69.17,21.7,21.0,Breezy,Normal
2023-08-03,Kabul,Kabul,Afghanistan,34.53,69.17,23.8,91.0,Breezy,Normal
2023-08-06,Kabul,Kabul,Afghanistan,34.53,69.17,31.2,193.0,Breezy,Normal
2023-08-13,Kabul,Kabul,Afghanistan,34.53,69.17,24.3,201.0,Breezy,Normal
2023-08-21,Kabul,Kabul,Afghanistan,34.53,69.17,31.6,317.0,Breezy,Normal
2023-08-22,Kabul,Kabul,Afghanistan,34.53,69.17,31.7,276.0,Breezy,Normal
2023-08-27,Kabul,Kabul,Afghanistan,34.53,69.17,25.2,91.0,Breezy,Normal
2023-09-03,Kabul,Kabul,Afghanistan,34.53,69.17,29.4,237.0,Breezy,Normal
2023-09-07,Kabul,Kabul,Afghanistan,34.53,69.17,20.3,175.0,Breezy,Normal
2023-09-12,Kabul,Kabul,Afghanistan,34.53,69.17,21.8,95.0,Breezy,Normal
2023-09-19,Kabul,Kabul,Afghanistan,34.53,69.17,27.1,69.0,Breezy,Normal
2023-09-22,Kabul,Kabul,Afghanistan,34.53,69.17,23.9,288.0,Breezy,Normal
2023-10-03,Kabul,Kabul,Afghanistan,34.53,69.17,20.5,357.0,Breezy,Normal
2023-10-07,Kabul,Kabul,Afghanistan,34.53,69.17,23.4,49.0,Breezy,Normal
2023-10-15,Kabul,Kabul,Afghanistan,34.53,69.17,27.1,82.0,Breezy,Normal
2023-10-18,Kabul,Kabul,Afghanistan,34.53,69.17,22.0,268.0,Breezy,Normal
2023-10-19,Kabul,Kabul,Afghanistan,34.53,69.17,28.9,70.0,Breezy,Normal
2023-11-02,Kabul,Kabul,Afghanistan,34.53,69.17,22.2,52.0,Breezy,Normal
2023-11-08,Kabul,Kabul,Afghanistan,34.53,69.17,24.3,294.0,Breezy,Normal
2023-11-20,Kabul,Kabul,Afghanistan,34.53,69.17,23.2,200.0,Breezy,Normal
2023-11-24,Kabul,Kabul,Afghanistan,34.53,69.17,22.4,309.0,Breezy,Normal
2023-11-29,Kabul,Kabul,Afghanistan,34.53,69.17,22.3,323.0,Breezy,Normal
2023-11-30,Kabul,Kabul,Afghanistan,34.53,69.17,28.9,98.0,Breezy,Normal
2023-12-12,Kabul,Kabul,Afghanistan,34.53,69.17,21.8,218.0,Breezy,Normal
2022-01-02,Kandahar,Kandahar,Afghanistan,31.61,65.71,31.1,43.0,Breezy,Normal
2022-01-08,Kandahar,Kandahar,Afghanistan,31.61,65.71,33.8,114.0,Breezy,Normal
2022-01-10,Kandahar,Kandahar,Afghanistan,31.61,65.71,25.8,157.0,Breezy,Normal
2022-01-11,Kandahar,Kandahar,Afghanistan,31.61,65.71,20.5,177.0,Breezy,Normal
2022-01-12,Kandahar,Kandahar,Afghanistan,31.61,65.71,32.3,350.0,Breezy,Normal
2022-01-15,Kandahar,Kandahar,Afghanistan,31.61,65.71,37.8,91.0,Breezy,Normal
2022-01-17,Kandahar,Kandahar,Afghanistan,31.61,65.71,22.2,83.0,Breezy,Normal
2022-01-18,Kandahar,Kandahar,Afghanistan,31.61,65.71,24.6,230.0,Breezy,Normal
2022-01-21,Kandahar,Kandahar,Afghanistan,31.61,65.71,32.3,183.0,Breezy,Normal
2022-01-29,Kandahar,Kandahar,Afghanistan,31.61,65.71,29.6,48.0,Breezy,Normal
2022-01-30,Kandahar,Kandahar,Afghanistan,31.61,65.71,22.7,31.0,Breezy,Normal
2022-01-31,Kandahar,Kandahar,Afghanistan,31.61,65.71,34.2,320.0,Breezy,Normal
2022-02-04,Kandahar,Kandahar,Afghanistan,31.61,65.71,46.8,128.0,Windy,Normal
2022-02-12,Kandahar,Kandahar,Afghanistan,31.61,65.71,25.2,256.0,Breezy,Normal
2022-02-16,Kandahar,Kandahar,Afghanistan,31.61,65.71,22.3,40.0,Breezy,Heatwave
2022-02-17,Kandahar,Kandahar,Afghanistan,31.61,65.71,22.7,229.0,Breezy,Normal
2022-02-19,Kandahar,Kandahar,Afghanistan,31.61,65.71,27.5,197.0,Breezy,Normal
2022-02-21,Kandahar,Kandahar,Afghanistan,31.61,65.71,26.6,342.0,Breezy,Heatwave
2022-02-23,Kandahar,Kandahar,Afghanistan,31.61,65.71,26.7,142.0,Breezy,Heatwave
2022-02-24,Kandahar,Kandahar,Afghanistan,31.61,65.71,23.9,63.0,Breezy,Normal
2022-02-28,Kandahar,Kandahar,Afghanistan,31.61,65.71,23.5,291.0,Breezy,Normal
2022-03-01,Kandahar,Kandahar,Afghanistan,31.61,65.71,29.4,32.0,Breezy,Normal
2022-03-11,Kandahar,Kandahar,Afghanistan,31.61,65.71,23.6,82.0,Breezy,Normal
2022-03-12,Kandahar,Kandahar,Afghanistan,31.61,65.71,30.4,164.0,Breezy,Heatwave
2022-03-16,Kandahar,Kandahar,Afghanistan,31.61,65.71,24.5,50.0,Breezy,Heatwave
2022-03-20,Kandahar,Kandahar,Afghanistan,31.61,65.71,24.0,171.0,Breezy,Heatwave
2022-03-25,Kandahar,Kandahar,Afghanistan,31.61,65.71,25.0,171.0,Breezy,Normal
2022-03-27,Kandahar,Kandahar,Afghanistan,31.61,65.71,40.1,216.0,Windy,Heatwave
2022-03-29,Kandahar,Kandahar,Afghanistan,31.61,65.71,21.3,262.0,Breezy,Normal
2022-03-30,Kandahar,Kandahar,Afghanistan,31.61,65.71,25.7,247.0,Breezy,Heatwave
2022-03-31,Kandahar,Kandahar,Afghanistan,31.61,65.71,31.1,57.0,Breezy,Heatwave
2022-04-01,Kandahar,Kandahar,Afghanistan,31.61,65.71,27.6,283.0,Breezy,Heatwave
2022-04-02,Kandahar,Kandahar,Afghanistan,31.61,65.71,24.6,49.0,Breezy,Normal
2022-04-03,Kandahar,Kandahar,Afghanistan,31.61,65.71,24.5,311.0,Breezy,Heatwave
2022-04-04,Kandahar,Kandahar,Afghanistan,31.61,65.71,25.2,88.0,Breezy,Heatwave
2022-04-05,Kandahar,Kandahar,Afghanistan,31.61,65.71,26.0,201.0,Breezy,Heatwave
2022-04-12,Kandahar,Kandahar,Afghanistan,31.61,65.71,37.5,282.0,Breezy,Heatwave
2022-04-16,Kandahar,Kandahar,Afghanistan,31.61,65.71,26.5,328.0,Breezy,Heatwave
2022-04-17,Kandahar,Kandahar,Afghanistan,31.61,65.71,38.1,23.0,Breezy,Heatwave
2022-04-19,Kandahar,Kandahar,Afghanistan,31.61,65.71,22.5,96.0,Breezy,Heatwave
2022-04-21,Kandahar,Kandahar,Afghanistan,31.61,65.71,32.2,197.0,Breezy,Normal
2022-04-22,Kandahar,Kandahar,Afghanistan,31.61,65.71,31.8,276.0,Breezy,Heatwave
2022-04-23,Kandahar,Kandahar,Afghanistan,31.61,65.71,31.4,197.0,Breezy,Heatwave
2022-04-24,Kandahar,Kandahar,Afghanistan,31.61,65.71,28.3,132.0,Breezy,Normal
2022-04-25,Kandahar,Kandahar,Afghanistan,31.61,65.71,27.6,74.0,Breezy,Heatwave
2022-04-28,Kandahar,Kandahar,Afghanistan,31.61,65.71,20.5,165.0,Breezy,Heatwave
2022-04-29,Kandahar,Kandahar,Afghanistan,31.61,65.71,21.5,349.0,Breezy,Normal
2022-05-01,Kandahar,Kandahar,Afghanistan,31.61,65.71,30.5,216.0,Breezy,Heatwave
2022-05-03,Kandahar,Kandahar,Afghanistan,31.61,65.71,22.3,310.0,Breezy,Heatwave
2022-05-06,Kandahar,Kandahar,Afghanistan,31.61,65.71,35.3,244.0,Breezy,Heatwave
2022-05-07,Kandahar,Kandahar,Afghanistan,31.61,65.71,49.1,27.0,Windy,Normal
2022-05-09,Kandahar,Kandahar,Afghanistan,31.61,65.71,22.3,303.0,Breezy,Normal
2022-05-10,Kandahar,Kandahar,Afghanistan,31.61,65.71,24.3,168.0,Breezy,Heatwave
2022-05-17,Kandahar,Kandahar,Afghanistan,31.61,65.71,21.2,286.0,Breezy,Heatwave
2022-05-18,Kandahar,Kandahar,Afghanistan,31.61,65.71,32.7,258.0,Breezy,Normal
2022-05-20,Kandahar,Kandahar,Afghanistan,31.61,65.71,25.5,25.0,Breezy,Normal
2022-05-22,Kandahar,Kandahar,Afghanistan,31.61,65.71,20.5,80.0,Breezy,Normal
2022-05-27,Kandahar,Kandahar,Afghanistan,31.61,65.71,23.8,306.0,Breezy,Normal
2022-05-29,Kandahar,Kandahar,Afghanistan,31.61,65.71,31.4,238.0,Breezy,Normal
2022-05-30,Kandahar,Kandahar,Afghanistan,31.61,65.71,26.8,356.0,Breezy,Heatwave
2022-06-02,Kandahar,Kandahar,Afghanistan,31.61,65.71,23.2,270.0,Breezy,Heatwave
2022-06-04,Kandahar,Kandahar,Afghanistan,31.61,65.71,20.9,117.0,Breezy,Heatwave
2022-06-05,Kandahar,Kandahar,Afghanistan,31.61,65.71,20.8,356.0,Breezy,Normal
2022-06-14,Kandahar,Kandahar,Afghanistan,31.61,65.71,21.0,217.0,Breezy,Normal
2022-06-16,Kandahar,Kandahar,Afghanistan,31.61,65.71,30.4,63.0,Breezy,Normal
2022-06-17,Kandahar,Kandahar,Afghanistan,31.61,65.71,32.5,119.0,Breezy,Normal
2022-06-19,Kandahar,Kandahar,Afghanistan,31.61,65.71,26.9,2.0,Breezy,Normal
2022-06-22,Kandahar,Kandahar,Afghanistan,31.61,65.71,34.7,159.0,Breezy,Normal
2022-06-24,Kandahar,Kandahar,Afghanistan,31.61,65.71,24.7,30.0,Breezy,Normal
2022-06-27,Kandahar,Kandahar,Afghanistan,31.61,65.71,27.1,227.0,Breezy,Normal
2022-07-03,Kandahar,Kandahar,Afghanistan,31.61,65.71,20.6,39.0,Breezy,Normal
2022-07-04,Kandahar,Kandahar,Afghanistan,31.61,65.71,28.6,234.0,Breezy,Normal
2022-07-05,Kandahar,Kandahar,Afghanistan,31.61,65.71,32.0,287.0,Breezy,Normal
2022-07-06,Kandahar,Kandahar,Afghanistan,31.61,65.71,38.8,259.0,Breezy,Normal
2022-07-09,Kandahar,Kandahar,Afghanistan,31.61,65.71,28.7,243.0,Breezy,Normal
2022-07-14,Kandahar,Kandahar,Afghanistan,31.61,65.71,30.6,182.0,Breezy,Normal
2022-07-20,Kandahar,Kandahar,Afghanistan,31.61,65.71,23.7,25.0,Breezy,Normal
2022-07-21,Kandahar,Kandahar,Afghanistan,31.61,65.71,26.4,216.0,Breezy,Normal
2022-07-25,Kandahar,Kandahar,Afghanistan,31.61,65.71,24.1,99.0,Breezy,Normal
2022-07-26,Kandahar,Kandahar,Afghanistan,31.61,65.71,26.5,254.0,Breezy,Normal
2022-07-28,Kandahar,Kandahar,Afghanistan,31.61,65.71,22.3,35.0,Breezy,Normal
2022-07-29,Kandahar,Kandahar,Afghanistan,31.61,65.71,43.5,296.0,Windy,Normal
2022-08-01,Kandahar,Kandahar,Afghanistan,31.61,65.71,34.8,308.0,Breezy,Normal
2022-08-02,Kandahar,Kandahar,Afghanistan,31.61,65.71,22.8,351.0,Breezy,Normal
2022-08-04,Kandahar,Kandahar,Afghanistan,31.61,65.71,44.5,161.0,Windy,Normal
2022-08-08,Kandahar,Kandahar,Afghanistan,31.61,65.71,31.7,350.0,Breezy,Normal
2022-08-11,Kandahar,Kandahar,Afghanistan,31.61,65.71,22.4,96.0,Breezy,Normal
2022-08-12,Kandahar,Kandahar,Afghanistan,31.61,65.71,34.3,161.0,Breezy,Normal
2022-08-15,Kandahar,Kandahar,Afghanistan,31.61,65.71,33.7,95.0,Breezy,Normal
2022-08-16,Kandahar,Kandahar,Afghanistan,31.61,65.71,24.9,170.0,Breezy,Normal
2022-08-17,Kandahar,Kandahar,Afghanistan,31.61,65.71,20.4,131.0,Breezy,Normal
2022-08-19,Kandahar,Kandahar,Afghanistan,31.61,65.71,28.6,87.0,Breezy,Normal
2022-08-24,Kandahar,Kandahar,Afghanistan,31.61,65.71,32.9,105.0,Breezy,Normal
2022-08-26,Kandahar,Kandahar,Afghanistan,31.61,65.71,38.3,324.0,Breezy,Normal
2022-08-27,Kandahar,Kandahar,Afghanistan,31.61,65.71,28.3,336.0,Breezy,Normal
2022-08-29,Kandahar,Kandahar,Afghanistan,31.61,65.71,21.2,166.0,Breezy,Normal
2022-09-03,Kandahar,Kandahar,Afghanistan,31.61,65.71,24.4,229.0,Breezy,Normal
2022-09-04,Kandahar,Kandahar,Afghanistan,31.61,65.71,31.8,233.0,Breezy,Normal
2022-09-05,Kandahar,Kandahar,Afghanistan,31.61,65.71,26.7,15.0,Breezy,Normal
2022-09-07,Kandahar,Kandahar,Afghanistan,31.61,65.71,23.1,117.0,Breezy,Normal
2022-09-13,Kandahar,Kandahar,Afghanistan,31.61,65.71,28.8,231.0,Breezy,Normal
2022-09-16,Kandahar,Kandahar,Afghanistan,31.61,65.71,20.2,205.0,Breezy,Normal
2022-09-23,Kandahar,Kandahar,Afghanistan,31.61,65.71,25.6,113.0,Breezy,Normal
2022-09-24,Kandahar,Kandahar,Afghanistan,31.61,65.71,39.2,4.0,Breezy,Normal
2022-09-25,Kandahar,Kandahar,Afghanistan,31.61,65.71,28.5,249.0,Breezy,Normal
2022-09-27,Kandahar,Kandahar,Afghanistan,31.61,65.71,22.1,185.0,Breezy,Normal
2022-10-06,Kandahar,Kandahar,Afghanistan,31.61,65.71,21.2,156.0,Breezy,Normal
2022-10-09,Kandahar,Kandahar,Afghanistan,31.61,65.71,41.9,145.0,Windy,Normal
2022-10-10,Kandahar,Kandahar,Afghanistan,31.61,65.71,34.1,270.0,Breezy,Normal
2022-10-11,Kandahar,Kandahar,Afghanistan,31.61,65.71,32.9,305.0,Breezy,Normal
2022-10-12,Kandahar,Kandahar,Afghanistan,31.61,65.71,26.4,282.0,Breezy,Normal
2022-10-17,Kandahar,Kandahar,Afghanistan,31.61,65.71,32.3,202.0,Breezy,Normal
2022-10-19,Kandahar,Kandahar,Afghanistan,31.61,65.71,23.1,203.0,Breezy,Normal
2022-10-20,Kandahar,Kandahar,Afghanistan,31.61,65.71,31.5,6.0,Breezy,Normal
2022-10-21,Kandahar,Kandahar,Afghanistan,31.61,65.71,38.6,285.0,Breezy,Normal
2022-10-23,Kandahar,Kandahar,Afghanistan,31.61,65.71,24.3,324.0,Breezy,Normal
2022-10-24,Kandahar,Kandahar,Afghanistan,31.61,65.71,20.8,267.0,Breezy,Normal
2022-10-26,Kandahar,Kandahar,Afghanistan,31.61,65.71,23.5,230.0,Breezy,Normal
2022-10-28,Kandahar,Kandahar,Afghanistan,31.61,65.71,21.8,356.0,Breezy,Normal
2022-10-29,Kandahar,Kandahar,Afghanistan,31.61,65.71,24.7,217.0,Breezy,Normal
2022-11-02,Kandahar,Kandahar,Afghanistan,31.61,65.71,33.9,99.0,Breezy,Normal
2022-11-05,Kandahar,Kandahar,Afghanistan,31.61,65.71,25.1,13.0,Breezy,Normal
2022-11-07,Kandahar,Kandahar,Afghanistan,31.61,65.71,20.1,139.0,Breezy,Normal
2022-11-08,Kandahar,Kandahar,Afghanistan,31.61,65.71,30.6,186.0,Breezy,Normal
2022-11-09,Kandahar,Kandahar,Afghanistan,31.61,65.71,25.1,346.0,Breezy,Normal
2022-11-10,Kandahar,Kandahar,Afghanistan,31.61,65.71,21.0,273.0,Breezy,Normal
2022-11-12,Kandahar,Kandahar,Afghanistan,31.61,65.71,43.7,337.0,Windy,Normal
2022-11-13,Kandahar,Kandahar,Afghanistan,31.61,65.71,32.4,72.0,Breezy,Normal
2022-11-14,Kandahar,Kandahar,Afghanistan,31.61,65.71,24.3,241.0,Breezy,Normal
2022-11-21,Kandahar,Kandahar,Afghanistan,31.61,65.71,29.2,213.0,Breezy,Normal
2022-11-22,Kandahar,Kandahar,Afghanistan,31.61,65.71,21.8,327.0,Breezy,Normal
2022-11-24,Kandahar,Kandahar,Afghanistan,31.61,65.71,28.2,268.0,Breezy,Normal
2022-11-25,Kandahar,Kandahar,Afghanistan,31.61,65.71,28.3,212.0,Breezy,Normal
2022-11-29,Kandahar,Kandahar,Afghanistan,31.61,65.71,20.7,226.0,Breezy,Normal
2022-11-30,Kandahar,Kandahar,Afghanistan,31.61,65.71,25.5,212.0,Breezy,Normal
2022-12-02,Kandahar,Kandahar,Afghanistan,31.61,65.71,22.2,13.0,Breezy,Normal
2022-12-04,Kandahar,Kandahar,Afghanistan,31.61,65.71,34.3,93.0,Breezy,Normal
2022-12-06,Kandahar,Kandahar,Afghanistan,31.61,65.71,21.0,311.0,Breezy,Normal
2022-12-07,Kandahar,Kandahar,Afghanistan,31.61,65.71,30.0,177.0,Breezy,Normal
2022-12-09,Kandahar,Kandahar,Afghanistan,31.61,65.71,24.9,4.0,Breezy,Normal
2022-12-10,Kandahar,Kandahar,Afghanistan,31.61,65.71,32.7,47.0,Breezy,Normal
2022-12-12,Kandahar,Kandahar,Afghanistan,31.61,65.71,23.6,205.0,Breezy,Normal
2022-12-14,Kandahar,Kandahar,Afghanistan,31.61,65.71,27.1,120.0,Breezy,Normal
2022-12-15,Kandahar,Kandahar,Afghanistan,31.61,65.71,22.6,169.0,Breezy,Normal
2022-12-17,Kandahar,Kandahar,Afghanistan,31.61,65.71,22.9,244.0,Breezy,Normal
2022-12-20,Kandahar,Kandahar,Afghanistan,31.61,65.71,33.7,229.0,Breezy,Normal
2022-12-21,Kandahar,Kandahar,Afghanistan,31.61,65.71,33.7,210.0,Breezy,Normal
2022-12-22,Kandahar,Kandahar,Afghanistan,31.61,65.71,20.9,347.0,Breezy,Normal
2022-12-23,Kandahar,Kandahar,Afghanistan,31.61,65.71,23.9,176.0,Breezy,Normal
2022-12-24,Kandahar,Kandahar,Afghanistan,31.61,65.71,31.1,190.0,Breezy,Normal
2022-12-25,Kandahar,Kandahar,Afghanistan,31.61,65.71,26.8,37.0,Breezy,Normal
2022-12-26,Kandahar,Kandahar,Afghanistan,31.61,65.71,22.6,11.0,Breezy,Normal
2022-12-28,Kandahar,Kandahar,Afghanistan,31.61,65.71,39.8,124.0,Breezy,Normal
2022-12-30,Kandahar,Kandahar,Afghanistan,31.61,65.71,25.7,290.0,Breezy,Normal
2023-01-02,Kandahar,Kandahar,Afghanistan,31.61,65.71,29.9,193.0,Breezy,Normal
2023-01-03,Kandahar,Kandahar,Afghanistan,31.61,65.71,22.6,247.0,Breezy,Normal
2023-01-06,Kandahar,Kandahar,Afghanistan,31.61,65.71,36.8,15.0,Breezy,Normal
2023-01-07,Kandahar,Kandahar,Afghanistan,31.61,65.71,40.3,244.0,Windy,Normal
2023-01-08,Kandahar,Kandahar,Afghanistan,31.61,65.71,25.7,258.0,Breezy,Normal
2023-01-09,Kandahar,Kandahar,Afghanistan,31.61,65.71,23.1,223.0,Breezy,Normal
2023-01-14,Kandahar,Kandahar,Afghanistan,31.61,65.71,25.5,16.0,Breezy,Normal
2023-01-15,Kandahar,Kandahar,Afghanistan,31.61,65.71,20.5,268.0,Breezy,Normal
2023-01-17,Kandahar,Kandahar,Afghanistan,31.61,65.71,27.4,143.0,Breezy,Normal
2023-01-20,Kandahar,Kandahar,Afghanistan,31.61,65.71,26.4,12.0,Breezy,Normal
2023-01-21,Kandahar,Kandahar,Afghanistan,31.61,65.71,29.4,46.0,Breezy,Normal
2023-01-22,Kandahar,Kandahar,Afghanistan,31.61,65.71,26.4,349.0,Breezy,Normal
2023-01-24,Kandahar,Kandahar,Afghanistan,31.61,65.71,20.6,43.0,Breezy,Normal
2023-01-25,Kandahar,Kandahar,Afghanistan,31.61,65.71,24.9,153.0,Breezy,Normal
2023-01-28,Kandahar,Kandahar,Afghanistan,31.61,65.71,35.7,102.0,Breezy,Normal
2023-01-29,Kandahar,Kandahar,Afghanistan,31.61,65.71,28.0,194.0,Breezy,Normal
2023-02-01,Kandahar,Kandahar,Afghanistan,31.61,65.71,25.5,87.0,Breezy,Normal
2023-02-04,Kandahar,Kandahar,Afghanistan,31.61,65.71,40.0,200.0,Breezy,Normal
2023-02-07,Kandahar,Kandahar,Afghanistan,31.61,65.71,38.1,312.0,Breezy,Normal
2023-02-08,Kandahar,Kandahar,Afghanistan,31.61,65.71,20.7,54.0,Breezy,Normal
2023-02-10,Kandahar,Kandahar,Afghanistan,31.61,65.71,28.9,156.0,Breezy,Normal
2023-02-11,Kandahar,Kandahar,Afghanistan,31.61,65.71,24.6,242.0,Breezy,Heatwave
2023-02-12,Kandahar,Kandahar,Afghanistan,31.61,65.71,37.1,235.0,Breezy,Normal
2023-02-13,Kandahar,Kandahar,Afghanistan,31.61,65.71,32.3,239.0,Breezy,Normal
2023-02-14,Kandahar,Kandahar,Afghanistan,31.61,65.71,36.6,186.0,Breezy,Normal
2023-02-15,Kandahar,Kandahar,Afghanistan,31.61,65.71,24.0,146.0,Breezy,Normal
2023-02-19,Kandahar,Kandahar,Afghanistan,31.61,65.71,38.0,187.0,Breezy,Normal
2023-02-23,Kandahar,Kandahar,Afghanistan,31.61,65.71,23.3,7.0,Breezy,Heatwave
2023-02-24,Kandahar,Kandahar,Afghanistan,31.61,65.71,22.4,166.0,Breezy,Normal
2023-02-25,Kandahar,Kandahar,Afghanistan,31.61,65.71,24.4,251.0,Breezy,Normal
2023-02-26,Kandahar,Kandahar,Afghanistan,31.61,65.71,29.9,35.0,Breezy,Heatwave
2023-02-28,Kandahar,Kandahar,Afghanistan,31.61,65.71,25.4,81.0,Breezy,Normal
2023-03-02,Kandahar,Kandahar,Afghanistan,31.61,65.71,37.2,128.0,Breezy,Normal
2023-03-03,Kandahar,Kandahar,Afghanistan,31.61,65.71,27.7,189.0,Breezy,Heatwave
2023-03-08,Kandahar,Kandahar,Afghanistan,31.61,65.71,25.2,306.0,Breezy,Heatwave
2023-03-12,Kandahar,Kandahar,Afghanistan,31.61,65.71,21.6,195.0,Breezy,Heatwave
2023-03-13,Kandahar,Kandahar,Afghanistan,31.61,65.71,34.9,74.0,Breezy,Normal
2023-03-14,Kandahar,Kandahar,Afghanistan,31.61,65.71,23.9,138.0,Breezy,Normal
2023-03-16,Kandahar,Kandahar,Afghanistan,31.61,65.71,37.4,350.0,Breezy,Heatwave
2023-03-25,Kandahar,Kandahar,Afghanistan,31.61,65.71,41.3,349.0,Windy,Heatwave
2023-03-26,Kandahar,Kandahar,Afghanistan,31.61,65.71,29.3,255.0,Breezy,Normal
2023-03-27,Kandahar,Kandahar,Afghanistan,31.61,65.71,31.1,302.0,Breezy,Heatwave
2023-04-02,Kandahar,Kandahar,Afghanistan,31.61,65.71,28.5,95.0,Breezy,Heatwave
2023-04-04,Kandahar,Kandahar,Afghanistan,31.61,65.71,21.3,230.0,Breezy,Heatwave
2023-04-08,Kandahar,Kandahar,Afghanistan,31.61,65.71,23.7,336.0,Breezy,Normal
2023-04-10,Kandahar,Kandahar,Afghanistan,31.61,65.71,29.3,289.0,Breezy,Heatwave
2023-04-16,Kandahar,Kandahar,Afghanistan,31.61,65.71,30.8,330.0,Breezy,Heatwave
2023-04-17,Kandahar,Kandahar,Afghanistan,31.61,65.71,32.9,71.0,Breezy,Heatwave
2023-04-18,Kandahar,Kandahar,Afghanistan,31.61,65.71,37.8,331.0,Breezy,Normal
2023-04-19,Kandahar,Kandahar,Afghanistan,31.61,65.71,26.8,103.0,Breezy,Heatwave
2023-04-20,Kandahar,Kandahar,Afghanistan,31.61,65.71,32.4,310.0,Breezy,Heatwave
2023-04-23,Kandahar,Kandahar,Afghanistan,31.61,65.71,32.2,249.0,Breezy,Heatwave
2023-04-26,Kandahar,Kandahar,Afghanistan,31.61,65.71,21.4,208.0,Breezy,Heatwave
2023-04-27,Kandahar,Kandahar,Afghanistan,31.61,65.71,22.3,29.0,Breezy,Normal
2023-04-29,Kandahar,Kandahar,Afghanistan,31.61,65.71,21.7,233.0,Breezy,Heatwave
2023-04-30,Kandahar,Kandahar,Afghanistan,31.61,65.71,30.2,139.0,Breezy,Heatwave
2023-05-02,Kandahar,Kandahar,Afghanistan,31.61,65.71,20.5,17.0,Breezy,Heatwave
2023-05-03,Kandahar,Kandahar,Afghanistan,31.61,65.71,43.1,55.0,Windy,Normal
2023-05-04,Kandahar,Kandahar,Afghanistan,31.61,65.71,24.4,230.0,Breezy,Heatwave
2023-05-06,Kandahar,Kandahar,Afghanistan,31.61,65.71,53.3,275.0,Windy,Heatwave
2023-05-07,Kandahar,Kandahar,Afghanistan,31.61,65.71,25.6,151.0,Breezy,Heatwave
2023-05-10,Kandahar,Kandahar,Afghanistan,31.61,65.71,37.4,145.0,Breezy,Heatwave
2023-05-12,Kandahar,Kandahar,Afghanistan,31.61,65.71,37.0,85.0,Breezy,Heatwave
2023-05-13,Kandahar,Kandahar,Afghanistan,31.61,65.71,20.5,205.0,Breezy,Heatwave
2023-05-15,Kandahar,Kandahar,Afghanistan,31.61,65.71,42.2,294.0,Windy,Heatwave
2023-05-16,Kandahar,Kandahar,Afghanistan,31.61,65.71,23.8,4.0,Breezy,Heatwave
2023-05-17,Kandahar,Kandahar,Afghanistan,31.61,65.71,26.9,223.0,Breezy,Normal
2023-05-19,Kandahar,Kandahar,Afghanistan,31.61,65.71,24.2,34.0,Breezy,Normal
2023-05-22,Kandahar,Kandahar,Afghanistan,31.61,65.71,24.7,50.0,Breezy,Heatwave
2023-05-23,Kandahar,Kandahar,Afghanistan,31.61,65.71,31.3,77.0,Breezy,Heatwave
2023-05-28,Kandahar,Kandahar,Afghanistan,31.61,65.71,29.8,18.0,Breezy,Heatwave
2023-06-01,Kandahar,Kandahar,Afghanistan,31.61,65.71,28.9,81.0,Breezy,Normal
2023-06-09,Kandahar,Kandahar,Afghanistan,31.61,65.71,23.7,277.0,Breezy,Normal
2023-06-11,Kandahar,Kandahar,Afghanistan,31.61,65.71,29.3,55.0,Breezy,Normal
2023-06-12,Kandahar,Kandahar,Afghanistan,31.61,65.71,23.8,71.0,Breezy,Normal
2023-06-16,Kandahar,Kandahar,Afghanistan,31.61,65.71,25.0,204.0,Breezy,Normal
2023-06-20,Kandahar,Kandahar,Afghanistan,31.61,65.71,32.8,223.0,Breezy,Normal
2023-06-21,Kandahar,Kandahar,Afghanistan,31.61,65.71,20.7,128.0,Breezy,Normal
2023-06-26,Kandahar,Kandahar,Afghanistan,31.61,65.71,31.6,304.0,Breezy,Normal
2023-06-27,Kandahar,Kandahar,Afghanistan,31.61,65.71,32.6,292.0,Breezy,Normal
2023-07-04,Kandahar,Kandahar,Afghanistan,31.61,65.71,22.4,18.0,Breezy,Normal
2023-07-05,Kandahar,Kandahar,Afghanistan,31.61,65.71,33.9,358.0,Breezy,Normal
2023-07-08,Kandahar,Kandahar,Afghanistan,31.61,65.71,27.4,46.0,Breezy,Normal
2023-07-12,Kandahar,Kandahar,Afghanistan,31.61,65.71,32.5,127.0,Breezy,Normal
2023-07-13,Kandahar,Kandahar,Afghanistan,31.61,65.71,32.3,224.0,Breezy,Normal
2023-07-14,Kandahar,Kandahar,Afghanistan,31.61,65.71,21.5,96.0,Breezy,Normal
2023-07-15,Kandahar,Kandahar,Afghanistan,31.61,65.71,32.6,60.0,Breezy,Normal
2023-07-16,Kandahar,Kandahar,Afghanistan,31.61,65.71,22.7,201.0,Breezy,Normal
2023-07-19,Kandahar,Kandahar,Afghanistan,31.61,65.71,29.3,308.0,Breezy,Normal
2023-07-20,Kandahar,Kandahar,Afghanistan,31.61,65.71,24.5,257.0,Breezy,Normal
2023-07-21,Kandahar,Kandahar,Afghanistan,31.61,65.71,31.9,172.0,Breezy,Normal
2023-07-22,Kandahar,Kandahar,Afghanistan,31.61,65.71,40.8,259.0,Windy,Normal
2023-07-26,Kandahar,Kandahar,Afghanistan,31.61,65.71,32.3,264.0,Breezy,Normal
2023-07-31,Kandahar,Kandahar,Afghanistan,31.61,65.71,27.9,10.0,Breezy,Normal
2023-08-01,Kandahar,Kandahar,Afghanistan,31.61,65.71,22.4,121.0,Breezy,Normal
2023-08-02,Kandahar,Kandahar,Afghanistan,31.61,65.71,23.8,66.0,Breezy,Normal
2023-08-05,Kandahar,Kandahar,Afghanistan,31.61,65.71,21.1,5.0,Breezy,Normal
2023-08-06,Kandahar,Kandahar,Afghanistan,31.61,65.71,23.9,96.0,Breezy,Normal
2023-08-09,Kandahar,Kandahar,Afghanistan,31.61,65.71,34.0,159.0,Breezy,Normal
2023-08-14,Kandahar,Kandahar,Afghanistan,31.61,65.71,29.7,265.0,Breezy,Normal
2023-08-16,Kandahar,Kandahar,Afghanistan,31.61,65.71,20.9,23.0,Breezy,Normal
2023-08-17,Kandahar,Kandahar,Afghanistan,31.61,65.71,38.5,209.0,Breezy,Normal
2023-08-19,Kandahar,Kandahar,Afghanistan,31.61,65.71,30.8,258.0,Breezy,Normal
2023-08-20,Kandahar,Kandahar,Afghanistan,31.61,65.71,24.3,127.0,Breezy,Normal
2023-08-21,Kandahar,Kandahar,Afghanistan,31.61,65.71,30.5,164.0,Breezy,Normal
2023-08-26,Kandahar,Kandahar,Afghanistan,31.61,65.71,29.3,349.0,Breezy,Normal
2023-08-28,Kandahar,Kandahar,Afghanistan,31.61,65.71,35.3,93.0,Breezy,Normal
2023-08-30,Kandahar,Kandahar,Afghanistan,31.61,65.71,31.6,200.0,Breezy,Normal
2023-09-01,Kandahar,Kandahar,Afghanistan,31.61,65.71,27.7,172.0,Breezy,Normal
2023-09-04,Kandahar,Kandahar,Afghanistan,31.61,65.71,36.3,356.0,Breezy,Normal
2023-09-05,Kandahar,Kandahar,Afghanistan,31.61,65.71,34.2,333.0,Breezy,Normal
2023-09-06,Kandahar,Kandahar,Afghanistan,31.61,65.71,21.9,312.0,Breezy,Normal
2023-09-09,Kandahar,Kandahar,Afghanistan,31.61,65.71,22.4,305.0,Breezy,Normal
2023-09-10,Kandahar,Kandahar,Afghanistan,31.61,65.71,25.1,41.0,Breezy,Normal
2023-09-12,Kandahar,Kandahar,Afghanistan,31.61,65.71,25.2,12.0,Breezy,Normal
2023-09-13,Kandahar,Kandahar,Afghanistan,31.61,65.71,21.9,344.0,Breezy,Normal
2023-09-18,Kandahar,Kandahar,Afghanistan,31.61,65.71,30.5,30.0,Breezy,Normal
2023-09-25,Kandahar,Kandahar,Afghanistan,31.61,65.71,27.3,254.0,Breezy,Normal
2023-09-29,Kandahar,Kandahar,Afghanistan,31.61,65.71,34.4,287.0,Breezy,Normal
2023-09-30,Kandahar,Kandahar,Afghanistan,31.61,65.71,30.0,72.0,Breezy,Normal
2023-10-02,Kandahar,Kandahar,Afghanistan,31.61,65.71,32.9,274.0,Breezy,Normal
2023-10-03,Kandahar,Kandahar,Afghanistan,31.61,65.71,28.4,296.0,Breezy,Normal
2023-10-10,Kandahar,Kandahar,Afghanistan,31.61,65.71,47.2,293.0,Windy,Normal
2023-10-11,Kandahar,Kandahar,Afghanistan,31.61,65.71,30.5,288.0,Breezy,Normal
2023-10-14,Kandahar,Kandahar,Afghanistan,31.61,65.71,24.1,348.0,Breezy,Normal
2023-10-15,Kandahar,Kandahar,Afghanistan,31.61,65.71,29.4,75.0,Breezy,Normal
2023-10-16,Kandahar,Kandahar,Afghanistan,31.61,65.71,34.9,179.0,Breezy,Normal
2023-10-17,Kandahar,Kandahar,Afghanistan,31.61,65.71,29.0,245.0,Breezy,Normal
2023-10-22,Kandahar,Kandahar,Afghanistan,31.61,65.71,51.5,302.0,Windy,Normal
2023-10-25,Kandahar,Kandahar,Afghanistan,31.61,65.71,20.1,53.0,Breezy,Normal
2023-10-28,Kandahar,Kandahar,Afghanistan,31.61,65.71,33.2,219.0,Breezy,Normal
2023-10-29,Kandahar,Kandahar,Afghanistan,31.61,65.71,26.3,109.0,Breezy,Normal
2023-10-30,Kandahar,Kandahar,Afghanistan,31.61,65.71,33.9,186.0,Breezy,Normal
2023-11-02,Kandahar,Kandahar,Afghanistan,31.61,65.71,27.3,117.0,Breezy,Normal
2023-11-04,Kandahar,Kandahar,Afghanistan,31.61,65.71,20.2,68.0,Breezy,Normal
2023-11-06,Kandahar,Kandahar,Afghanistan,31.61,65.71,24.7,263.0,Breezy,Normal
2023-11-07,Kandahar,Kandahar,Afghanistan,31.61,65.71,36.3,17.0,Breezy,Normal
2023-11-09,Kandahar,Kandahar,Afghanistan,31.61,65.71,26.2,124.0,Breezy,Normal
2023-11-10,Kandahar,Kandahar,Afghanistan,31.61,65.71,25.7,332.0,Breezy,Normal
2023-11-12,Kandahar,Kandahar,Afghanistan,31.61,65.71,22.3,16.0,Breezy,Normal
2023-11-14,Kandahar,Kandahar,Afghanistan,31.61,65.71,29.4,323.0,Breezy,Normal
2023-11-15,Kandahar,Kandahar,Afghanistan,31.61,65.71,30.9,260.0,Breezy,Normal
2023-11-16,Kandahar,Kandahar,Afghanistan,31.61,65.71,32.6,233.0,Breezy,Normal
2023-11-19,Kandahar,Kandahar,Afghanistan,31.61,65.71,31.1,13.0,Breezy,Normal
2023-11-21,Kandahar,Kandahar,Afghanistan,31.61,65.71,21.9,317.0,Breezy,Normal
2023-11-22,Kandahar,Kandahar,Afghanistan,31.61,65.71,25.8,348.0,Breezy,Normal
2023-11-23,Kandahar,Kandahar,Afghanistan,31.61,65.71,27.7,24.0,Breezy,Normal
2023-11-25,Kandahar,Kandahar,Afghanistan,31.61,65.71,29.8,137.0,Breezy,Normal
2023-11-26,Kandahar,Kandahar,Afghanistan,31.61,65.71,26.2,323.0,Breezy,Normal
2023-11-27,Kandahar,Kandahar,Afghanistan,31.61,65.71,24.1,292.0,Breezy,Normal
2023-12-01,Kandahar,Kandahar,Afghanistan,31.61,65.71,30.1,325.0,Breezy,Normal
2023-12-04,Kandahar,Kandahar,Afghanistan,31.61,65.71,24.6,318.0,Breezy,Normal
2023-12-05,Kandahar,Kandahar,Afghanistan,31.61,65.71,21.2,319.0,Breezy,Normal
2023-12-07,Kandahar,Kandahar,Afghanistan,31.61,65.71,37.7,20.0,Breezy,Normal
2023-12-15,Kandahar,Kandahar,Afghanistan,31.61,65.71,30.6,298.0,Breezy,Normal
2023-12-17,Kandahar,Kandahar,Afghanistan,31.61,65.71,20.7,193.0,Breezy,Normal
2023-12-20,Kandahar,Kandahar,Afghanistan,31.61,65.71,35.6,338.0,Breezy,Normal
2023-12-21,Kandahar,Kandahar,Afghanistan,31.61,65.71,25.6,312.0,Breezy,Normal
2023-12-25,Kandahar,Kandahar,Afghanistan,31.61,65.71,27.4,184.0,Breezy,Normal
2023-12-28,Kandahar,Kandahar,Afghanistan,31.61,65.71,24.6,347.0,Breezy,Normal
2023-12-30,Kandahar,Kandahar,Afghanistan,31.61,65.71,22.1,16.0,Breezy,Normal
2023-12-31,Kandahar,Kandahar,Afghanistan,31.61,65.71,36.7,340.0,Breezy,Normal
2022-01-06,Jalalabad,Jalalabad,Afghanistan,34.43,70.45,23.0,114.0,Breezy,Normal
2022-01-07,Jalalabad,Jalalabad,Afghanistan,34.43,70.45,21.8,176.0,Breezy,Normal
2022-01-12,Jalalabad,Jalalabad,Afghanistan,34.43,70.45,22.9,121.0,Breezy,Normal
2022-01-17,Jalalabad,Jalalabad,Afghanistan,34.43,70.45,28.5,163.0,Breezy,Normal
2022-01-18,Jalalabad,Jalalabad,Afghanistan,34.43,70.45,20.7,173.0,Breezy,Normal
2022-01-21,Jalalabad,Jalalabad,Afghanistan,34.43,70.45,20.4,296.0,Breezy,Normal
2022-01-25,Jalalabad,Jalalabad,Afghanistan,34.43,70.45,22.4,226.0,Breezy,Normal
2022-01-27,Jalalabad,Jalalabad,Afghanistan,34.43,70.45,20.2,351.0,Breezy,Normal
2022-02-05,Jalalabad,Jalalabad,Afghanistan,34.43,70.45,26.6,170.0,Breezy,Normal
2022-02-06,Jalalabad,Jalalabad,Afghanistan,34.43,70.45,25.6,318.0,Breezy,Normal
2022-02-07,Jalalabad,Jalalabad,Afghanistan,34.43,70.45,26.6,180.0,Breezy,Normal
2022-02-10,Jalalabad,Jalalabad,Afghanistan,34.43,70.45,22.4,202.0,Breezy,Normal
2022-02-22,Jalalabad,Jalalabad,Afghanistan,34.43,70.45,23.2,166.0,Breezy,Normal
2022-02-26,Jalalabad,Jalalabad,Afghanistan,34.43,70.45,26.1,24.0,Breezy,Normal
2022-03-04,Jalalabad,Jalalabad,Afghanistan,34.43,70.45,22.7,94.0,Breezy,Heatwave
2022-03-07,Jalalabad,Jalalabad,Afghanistan,34.43,70.45,21.5,171.0,Breezy,Heatwave
2022-03-08,Jalalabad,Jalalabad,Afghanistan,34.43,70.45,20.7,66.0,Breezy,Normal
2022-03-16,Jalalabad,Jalalabad,Afghanistan,34.43,70.45,22.9,10.0,Breezy,Normal
2022-03-19,Jalalabad,Jalalabad,Afghanistan,34.43,70.45,20.2,115.0,Breezy,Normal
2022-03-26,Jalalabad,Jalalabad,Afghanistan,34.43,70.45,24.1,100.0,Breezy,Normal
2022-03-28,Jalalabad,Jalalabad,Afghanistan,34.43,70.45,25.1,316.0,Breezy,Heatwave
2022-04-04,Jalalabad,Jalalabad,Afghanistan,34.43,70.45,23.1,309.0,Breezy,Heatwave
2022-04-05,Jalalabad,Jalalabad,Afghanistan,34.43,70.45,22.2,215.0,Breezy,Normal
2022-04-12,Jalalabad,Jalalabad,Afghanistan,34.43,70.45,24.6,237.0,Breezy,Heatwave
2022-04-29,Jalalabad,Jalalabad,Afghanistan,34.43,70.45,24.9,42.0,Breezy,Normal
2022-05-04,Jalalabad,Jalalabad,Afghanistan,34.43,70.45,22.5,204.0,Breezy,Heatwave
2022-05-10,Jalalabad,Jalalabad,Afghanistan,34.43,70.45,25.0,231.0,Breezy,Heatwave
2022-05-14,Jalalabad,Jalalabad,Afghanistan,34.43,70.45,20.2,175.0,Breezy,Normal
2022-05-27,Jalalabad,Jalalabad,Afghanistan,34.43,70.45,29.3,333.0,Breezy,Normal
2022-06-11,Jalalabad,Jalalabad,Afghanistan,34.43,70.45,21.6,181.0,Breezy,Heatwave
2022-06-12,Jalalabad,Jalalabad,Afghanistan,34.43,70.45,20.3,267.0,Breezy,Normal
2022-06-16,Jalalabad,Jalalabad,Afghanistan,34.43,70.45,20.1,122.0,Breezy,Normal
2022-06-23,Jalalabad,Jalalabad,Afghanistan,34.43,70.45,25.8,142.0,Breezy,Normal
2022-06-26,Jalalabad,Jalalabad,Afghanistan,34.43,70.45,28.8,164.0,Breezy,Normal
2022-06-28,Jalalabad,Jalalabad,Afghanistan,34.43,70.45,33.4,184.0,Breezy,Normal
2022-07-07,Jalalabad,Jalalabad,Afghanistan,34.43,70.45,23.7,34.0,Breezy,Normal
2022-07-10,Jalalabad,Jalalabad,Afghanistan,34.43,70.45,21.1,285.0,Breezy,Normal
2022-07-25,Jalalabad,Jalalabad,Afghanistan,34.43,70.45,22.2,214.0,Breezy,Normal
2022-08-08,Jalalabad,Jalalabad,Afghanistan,34.43,70.45,30.1,160.0,Breezy,Normal
2022-08-16,Jalalabad,Jalalabad,Afghanistan,34.43,70.45,22.7,91.0,Breezy,Normal
2022-08-18,Jalalabad,Jalalabad,Afghanistan,34.43,70.45,21.5,68.0,Breezy,Normal
2022-08-25,Jalalabad,Jalalabad,Afghanistan,34.43,70.45,25.4,80.0,Breezy,Normal
2022-08-26,Jalalabad,Jalalabad,Afghanistan,34.43,70.45,21.9,111.0,Breezy,Normal
2022-09-02,Jalalabad,Jalalabad,Afghanistan,34.43,70.45,21.2,281.0,Breezy,Normal
2022-09-10,Jalalabad,Jalalabad,Afghanistan,34.43,70.45,29.9,15.0,Breezy,Normal
2022-09-30,Jalalabad,Jalalabad,Afghanistan,34.43,70.45,21.6,318.0,Breezy,Normal
2022-10-01,Jalalabad,Jalalabad,Afghanistan,34.43,70.45,23.2,209.0,Breezy,Normal
2022-10-04,Jalalabad,Jalalabad,Afghanistan,34.43,70.45,20.4,278.0,Breezy,Normal
2022-10-07,Jalalabad,Jalalabad,Afghanistan,34.43,70.45,20.4,336.0,Breezy,Normal
2022-10-13,Jalalabad,Jalalabad,Afghanistan,34.43,70.45,30.5,290.0,Breezy,Normal
2022-10-15,Jalalabad,Jalalabad,Afghanistan,34.43,70.45,23.5,83.0,Breezy,Normal
2022-10-17,Jalalabad,Jalalabad,Afghanistan,34.43,70.45,24.5,329.0,Breezy,Normal
2022-10-20,Jalalabad,Jalalabad,Afghanistan,34.43,70.45,20.5,250.0,Breezy,Normal
2022-10-21,Jalalabad,Jalalabad,Afghanistan,34.43,70.45,24.4,263.0,Breezy,Normal
2022-10-22,Jalalabad,Jalalabad,Afghanistan,34.43,70.45,20.9,286.0,Breezy,Normal
2022-10-28,Jalalabad,Jalalabad,Afghanistan,34.43,70.45,22.4,166.0,Breezy,Normal
2022-10-30,Jalalabad,Jalalabad,Afghanistan,34.43,70.45,23.1,280.0,Breezy,Normal
2022-11-03,Jalalabad,Jalalabad,Afghanistan,34.43,70.45,24.1,98.0,Breezy,Normal
2022-11-04,Jalalabad,Jalalabad,Afghanistan,34.43,70.45,24.1,53.0,Breezy,Normal
2022-11-07,Jalalabad,Jalalabad,Afghanistan,34.43,70.45,23.0,189.0,Breezy,Normal
2022-11-08,Jalalabad,Jalalabad,Afghanistan,34.43,70.45,20.9,290.0,Breezy,Normal
2022-11-12,Jalalabad,Jalalabad,Afghanistan,34.43,70.45,23.1,52.0,Breezy,Normal
2022-11-19,Jalalabad,Jalalabad,Afghanistan,34.43,70.45,20.2,170.0,Breezy,Normal
2022-11-22,Jalalabad,Jalalabad,Afghanistan,34.43,70.45,22.6,2.0,Breezy,Normal
2022-11-29,Jalalabad,Jalalabad,Afghanistan,34.43,70.45,30.9,243.0,Breezy,Normal
2022-12-01,Jalalabad,Jalalabad,Afghanistan,34.43,70.45,20.7,348.0,Breezy,Normal
2022-12-07,Jalalabad,Jalalabad,Afghanistan,34.43,70.45,21.0,277.0,Breezy,Normal
2022-12-09,Jalalabad,Jalalabad,Afghanistan,34.43,70.45,20.1,269.0,Breezy,Normal
2022-12-11,Jalalabad,Jalalabad,Afghanistan,34.43,70.45,20.8,353.0,Breezy,Normal
2022-12-22,Jalalabad,Jalalabad,Afghanistan,34.43,70.45,28.9,351.0,Breezy,Normal
2022-12-24,Jalalabad,Jalalabad,Afghanistan,34.43,70.45,22.4,206.0,Breezy,Normal
2022-12-27,Jalalabad,Jalalabad,Afghanistan,34.43,70.45,22.5,70.0,Breezy,Normal
2023-01-01,Jalalabad,Jalalabad,Afghanistan,34.43,70.45,21.2,190.0,Breezy,Normal
2023-01-03,Jalalabad,Jalalabad,Afghanistan,34.43,70.45,29.1,289.0,Breezy,Normal
2023-01-09,Jalalabad,Jalalabad,Afghanistan,34.43,70.45,20.8,267.0,Breezy,Normal
2023-01-26,Jalalabad,Jalalabad,Afghanistan,34.43,70.45,32.3,201.0,Breezy,Normal
2023-01-27,Jalalabad,Jalalabad,Afghanistan,34.43,70.45,31.9,101.0,Breezy,Normal
2023-02-02,Jalalabad,Jalalabad,Afghanistan,34.43,70.45,26.3,65.0,Breezy,Normal
2023-02-07,Jalalabad,Jalalabad,Afghanistan,34.43,70.45,27.2,164.0,Breezy,Normal
2023-02-09,Jalalabad,Jalalabad,Afghanistan,34.43,70.45,25.6,188.0,Breezy,Normal
2023-02-19,Jalalabad,Jalalabad,Afghanistan,34.43,70.45,20.7,265.0,Breezy,Heatwave
2023-02-24,Jalalabad,Jalalabad,Afghanistan,34.43,70.45,23.4,22.0,Breezy,Normal
2023-03-01,Jalalabad,Jalalabad,Afghanistan,34.43,70.45,21.8,303.0,Breezy,Normal
2023-03-17,Jalalabad,Jalalabad,Afghanistan,34.43,70.45,24.5,196.0,Breezy,Heatwave
2023-03-27,Jalalabad,Jalalabad,Afghanistan,34.43,70.45,22.4,330.0,Breezy,Normal
2023-04-08,Jalalabad,Jalalabad,Afghanistan,34.43,70.45,20.8,179.0,Breezy,Heatwave
2023-04-21,Jalalabad,Jalalabad,Afghanistan,34.43,70.45,23.2,244.0,Breezy,Normal
2023-04-23,Jalalabad,Jalalabad,Afghanistan,34.43,70.45,21.9,95.0,Breezy,Heatwave
2023-04-24,Jalalabad,Jalalabad,Afghanistan,34.43,70.45,36.9,174.0,Breezy,Normal
2023-05-05,Jalalabad,Jalalabad,Afghanistan,34.43,70.45,26.9,103.0,Breezy,Heatwave
2023-05-13,Jalalabad,Jalalabad,Afghanistan,34.43,70.45,25.9,88.0,Breezy,Normal
2023-05-17,Jalalabad,Jalalabad,Afghanistan,34.43,70.45,35.4,297.0,Breezy,Heatwave
2023-05-18,Jalalabad,Jalalabad,Afghanistan,34.43,70.45,21.4,267.0,Breezy,Heatwave
2023-05-29,Jalalabad,Jalalabad,Afghanistan,34.43,70.45,20.6,335.0,Breezy,Normal
2023-05-30,Jalalabad,Jalalabad,Afghanistan,34.43,70.45,30.3,157.0,Breezy,Normal
2023-06-06,Jalalabad,Jalalabad,Afghanistan,34.43,70.45,24.4,43.0,Breezy,Normal
2023-06-07,Jalalabad,Jalalabad,Afghanistan,34.43,70.45,26.0,90.0,Breezy,Normal
2023-06-16,Jalalabad,Jalalabad,Afghanistan,34.43,70.45,24.5,280.0,Breezy,Normal
2023-06-24,Jalalabad,Jalalabad,Afghanistan,34.43,70.45,27.5,200.0,Breezy,Normal
2023-06-27,Jalalabad,Jalalabad,Afghanistan,34.43,70.45,27.1,188.0,Breezy,Normal
2023-07-06,Jalalabad,Jalalabad,Afghanistan,34.43,70.45,23.8,142.0,Breezy,Normal
2023-07-21,Jalalabad,Jalalabad,Afghanistan,34.43,70.45,20.6,317.0,Breezy,Normal
2023-07-30,Jalalabad,Jalalabad,Afghanistan,34.43,70.45,26.3,167.0,Breezy,Normal
2023-08-05,Jalalabad,Jalalabad,Afghanistan,34.43,70.45,26.3,30.0,Breezy,Normal
2023-08-17,Jalalabad,Jalalabad,Afghanistan,34.43,70.45,28.7,137.0,Breezy,Normal
2023-09-01,Jalalabad,Jalalabad,Afghanistan,34.43,70.45,28.7,231.0,Breezy,Normal
2023-09-06,Jalalabad,Jalalabad,Afghanistan,34.43,70.45,23.1,249.0,Breezy,Normal
2023-09-10,Jalalabad,Jalalabad,Afghanistan,34.43,70.45,36.3,64.0,Breezy,Normal
2023-09-12,Jalalabad,Jalalabad,Afghanistan,34.43,70.45,23.6,82.0,Breezy,Normal
2023-09-16,Jalalabad,Jalalabad,Afghanistan,34.43,70.45,21.6,216.0,Breezy,Normal
2023-09-26,Jalalabad,Jalalabad,Afghanistan,34.43,70.45,31.2,172.0,Breezy,Normal
2023-09-30,Jalalabad,Jalalabad,Afghanistan,34.43,70.45,20.1,271.0,Breezy,Normal
2023-10-07,Jalalabad,Jalalabad,Afghanistan,34.43,70.45,20.1,49.0,Breezy,Normal
2023-10-09,Jalalabad,Jalalabad,Afghanistan,34.43,70.45,20.5,15.0,Breezy,Normal
2023-11-02,Jalalabad,Jalalabad,Afghanistan,34.43,70.45,27.3,25.0,Breezy,Normal
2023-11-04,Jalalabad,Jalalabad,Afghanistan,34.43,70.45,22.4,2.0,Breezy,Normal
2023-11-15,Jalalabad,Jalalabad,Afghanistan,34.43,70.45,20.4,204.0,Breezy,Normal
2023-11-19,Jalalabad,Jalalabad,Afghanistan,34.43,70.45,27.6,328.0,Breezy,Normal
2023-11-22,Jalalabad,Jalalabad,Afghanistan,34.43,70.45,25.4,48.0,Breezy,Normal
2023-11-24,Jalalabad,Jalalabad,Afghanistan,34.43,70.45,27.3,20.0,Breezy,Normal
2023-11-25,Jalalabad,Jalalabad,Afghanistan,34.43,70.45,22.0,118.0,Breezy,Normal
2023-11-30,Jalalabad,Jalalabad,Afghanistan,34.43,70.45,21.9,104.0,Breezy,Normal
2023-12-09,Jalalabad,Jalalabad,Afghanistan,34.43,70.45,24.7,107.0,Breezy,Normal
2023-12-12,Jalalabad,Jalalabad,Afghanistan,34.43,70.45,21.4,286.0,Breezy,Normal
2023-12-15,Jalalabad,Jalalabad,Afghanistan,34.43,70.45,20.1,40.0,Breezy,Normal
2023-12-16,Jalalabad,Jalalabad,Afghanistan,34.43,70.45,20.7,113.0,Breezy,Normal
2023-12-22,Jalalabad,Jalalabad,Afghanistan,34.43,70.45,20.9,73.0,Breezy,Normal
2023-12-28,Jalalabad,Jalalabad,Afghanistan,34.43,70.45,30.4,212.0,Breezy,Normal
2022-01-02,Herat,Herat,Afghanistan,34.35,62.2,21.3,258.0,Breezy,Normal
2022-01-04,Herat,Herat,Afghanistan,34.35,62.2,29.0,317.0,Breezy,Normal
2022-01-08,Herat,Herat,Afghanistan,34.35,62.2,20.2,245.0,Breezy,Normal
2022-01-10,Herat,Herat,Afghanistan,34.35,62.2,22.5,72.0,Breezy,Normal
2022-01-11,Herat,Herat,Afghanistan,34.35,62.2,24.6,222.0,Breezy,Normal
2022-01-12,Herat,Herat,Afghanistan,34.35,62.2,20.1,162.0,Breezy,Normal
2022-01-15,Herat,Herat,Afghanistan,34.35,62.2,33.1,276.0,Breezy,Normal
2022-01-17,Herat,Herat,Afghanistan,34.35,62.2,26.7,335.0,Breezy,Normal
2022-01-19,Herat,Herat,Afghanistan,34.35,62.2,22.0,154.0,Breezy,Normal
2022-01-21,Herat,Herat,Afghanistan,34.35,62.2,35.9,220.0,Breezy,Normal
2022-01-22,Herat,Herat,Afghanistan,34.35,62.2,21.4,220.0,Breezy,Normal
2022-01-25,Herat,Herat,Afghanistan,34.35,62.2,23.6,344.0,Breezy,Normal
2022-01-26,Herat,Herat,Afghanistan,34.35,62.2,34.6,356.0,Breezy,Normal
2022-01-27,Herat,Herat,Afghanistan,34.35,62.2,22.9,173.0,Breezy,Normal
2022-01-29,Herat,Herat,Afghanistan,34.35,62.2,32.1,132.0,Breezy,Normal
2022-01-30,Herat,Herat,Afghanistan,34.35,62.2,22.2,109.0,Breezy,Normal
2022-01-31,Herat,Herat,Afghanistan,34.35,62.2,22.5,219.0,Breezy,Normal
2022-02-04,Herat,Herat,Afghanistan,34.35,62.2,23.1,356.0,Breezy,Normal
2022-02-05,Herat,Herat,Afghanistan,34.35,62.2,42.7,329.0,Windy,Normal
2022-02-06,Herat,Herat,Afghanistan,34.35,62.2,21.5,94.0,Breezy,Normal
2022-02-07,Herat,Herat,Afghanistan,34.35,62.2,29.6,79.0,Breezy,Normal
2022-02-08,Herat,Herat,Afghanistan,34.35,62.2,38.5,359.0,Breezy,Normal
2022-02-10,Herat,Herat,Afghanistan,34.35,62.2,26.6,212.0,Breezy,Normal
2022-02-12,Herat,Herat,Afghanistan,34.35,62.2,28.3,204.0,Breezy,Normal
2022-02-13,Herat,Herat,Afghanistan,34.35,62.2,34.9,61.0,Breezy,Normal
2022-02-14,Herat,Herat,Afghanistan,34.35,62.2,21.4,7.0,Breezy,Normal
2022-02-17,Herat,Herat,Afghanistan,34.35,62.2,24.1,78.0,Breezy,Normal
2022-02-20,Herat,Herat,Afghanistan,34.35,62.2,26.1,148.0,Breezy,Heatwave
2022-02-23,Herat,Herat,Afghanistan,34.35,62.2,40.1,213.0,Windy,Normal
2022-02-26,Herat,Herat,Afghanistan,34.35,62.2,26.9,59.0,Breezy,Normal
2022-02-27,Herat,Herat,Afghanistan,34.35,62.2,32.9,201.0,Breezy,Heatwave
2022-02-28,Herat,Herat,Afghanistan,34.35,62.2,29.4,143.0,Breezy,Normal
2022-03-04,Herat,Herat,Afghanistan,34.35,62.2,22.3,148.0,Breezy,Normal
2022-03-06,Herat,Herat,Afghanistan,34.35,62.2,31.3,332.0,Breezy,Normal
2022-03-08,Herat,Herat,Afghanistan,34.35,62.2,28.0,164.0,Breezy,Normal
2022-03-10,Herat,Herat,Afghanistan,34.35,62.2,34.9,327.0,Breezy,Normal
2022-03-12,Herat,Herat,Afghanistan,34.35,62.2,28.5,289.0,Breezy,Normal
2022-03-15,Herat,Herat,Afghanistan,34.35,62.2,23.5,102.0,Breezy,Heatwave
2022-03-17,Herat,Herat,Afghanistan,34.35,62.2,23.5,200.0,Breezy,Normal
2022-03-18,Herat,Herat,Afghanistan,34.35,62.2,31.0,233.0,Breezy,Normal
2022-03-20,Herat,Herat,Afghanistan,34.35,62.2,23.2,246.0,Breezy,Heatwave
2022-03-21,Herat,Herat,Afghanistan,34.35,62.2,38.9,106.0,Breezy,Normal
2022-03-22,Herat,Herat,Afghanistan,34.35,62.2,55.2,255.0,Windy,Normal
2022-03-24,Herat,Herat,Afghanistan,34.35,62.2,24.8,355.0,Breezy,Normal
2022-03-26,Herat,Herat,Afghanistan,34.35,62.2,27.3,268.0,Breezy,Heatwave
2022-03-28,Herat,Herat,Afghanistan,34.35,62.2,40.7,79.0,Windy,Heatwave
2022-03-31,Herat,Herat,Afghanistan,34.35,62.2,27.5,242.0,Breezy,Heatwave
2022-04-02,Herat,Herat,Afghanistan,34.35,62.2,31.0,307.0,Breezy,Normal
2022-04-03,Herat,Herat,Afghanistan,34.35,62.2,30.5,312.0,Breezy,Normal
2022-04-04,Herat,Herat,Afghanistan,34.35,62.2,26.6,74.0,Breezy,Heatwave
2022-04-05,Herat,Herat,Afghanistan,34.35,62.2,32.8,130.0,Breezy,Heatwave
2022-04-16,Herat,Herat,Afghanistan,34.35,62.2,22.3,61.0,Breezy,Normal
2022-04-17,Herat,Herat,Afghanistan,34.35,62.2,29.2,208.0,Breezy,Heatwave
2022-04-19,Herat,Herat,Afghanistan,34.35,62.2,23.7,116.0,Breezy,Normal
2022-04-23,Herat,Herat,Afghanistan,34.35,62.2,27.9,345.0,Breezy,Heatwave
2022-04-27,Herat,Herat,Afghanistan,34.35,62.2,23.8,59.0,Breezy,Normal
2022-04-28,Herat,Herat,Afghanistan,34.35,62.2,36.9,274.0,Breezy,Normal
2022-04-29,Herat,Herat,Afghanistan,34.35,62.2,48.4,354.0,Windy,Normal
2022-04-30,Herat,Herat,Afghanistan,34.35,62.2,29.9,270.0,Breezy,Normal
2022-05-01,Herat,Herat,Afghanistan,34.35,62.2,27.5,88.0,Breezy,Normal
2022-05-02,Herat,Herat,Afghanistan,34.35,62.2,21.0,145.0,Breezy,Normal
2022-05-04,Herat,Herat,Afghanistan,34.35,62.2,23.0,215.0,Breezy,Normal
2022-05-05,Herat,Herat,Afghanistan,34.35,62.2,38.0,211.0,Breezy,Normal
2022-05-06,Herat,Herat,Afghanistan,34.35,62.2,25.9,145.0,Breezy,Normal
2022-05-07,Herat,Herat,Afghanistan,34.35,62.2,21.2,223.0,Breezy,Normal
2022-05-08,Herat,Herat,Afghanistan,34.35,62.2,28.4,280.0,Breezy,Heatwave
2022-05-09,Herat,Herat,Afghanistan,34.35,62.2,37.0,200.0,Breezy,Normal
2022-05-11,Herat,Herat,Afghanistan,34.35,62.2,30.8,7.0,Breezy,Normal
2022-05-14,Herat,Herat,Afghanistan,34.35,62.2,32.9,165.0,Breezy,Normal
2022-05-17,Herat,Herat,Afghanistan,34.35,62.2,29.2,38.0,Breezy,Normal
2022-05-18,Herat,Herat,Afghanistan,34.35,62.2,27.4,142.0,Breezy,Heatwave
2022-05-20,Herat,Herat,Afghanistan,34.35,62.2,38.9,202.0,Breezy,Normal
2022-05-21,Herat,Herat,Afghanistan,34.35,62.2,38.3,274.0,Breezy,Normal
2022-05-29,Herat,Herat,Afghanistan,34.35,62.2,24.9,266.0,Breezy,Normal
2022-05-30,Herat,Herat,Afghanistan,34.35,62.2,23.7,237.0,Breezy,Normal
2022-05-31,Herat,Herat,Afghanistan,34.35,62.2,21.7,196.0,Breezy,Heatwave
2022-06-02,Herat,Herat,Afghanistan,34.35,62.2,22.9,58.0,Breezy,Normal
2022-06-04,Herat,Herat,Afghanistan,34.35,62.2,31.6,281.0,Breezy,Normal
2022-06-05,Herat,Herat,Afghanistan,34.35,62.2,44.4,266.0,Windy,Normal
2022-06-06,Herat,Herat,Afghanistan,34.35,62.2,32.1,118.0,Breezy,Normal
2022-06-08,Herat,Herat,Afghanistan,34.35,62.2,26.2,146.0,Breezy,Heatwave
2022-06-10,Herat,Herat,Afghanistan,34.35,62.2,25.9,91.0,Breezy,Normal
2022-06-11,Herat,Herat,Afghanistan,34.35,62.2,23.6,67.0,Breezy,Normal
2022-06-13,Herat,Herat,Afghanistan,34.35,62.2,30.9,181.0,Breezy,Normal
2022-06-16,Herat,Herat,Afghanistan,34.35,62.2,23.5,21.0,Breezy,Normal
2022-06-17,Herat,Herat,Afghanistan,34.35,62.2,33.4,61.0,Breezy,Normal
2022-06-18,Herat,Herat,Afghanistan,34.35,62.2,25.0,1.0,Breezy,Normal
2022-06-19,Herat,Herat,Afghanistan,34.35,62.2,27.4,280.0,Breezy,Normal
2022-06-21,Herat,Herat,Afghanistan,34.35,62.2,24.7,192.0,Breezy,Normal
2022-06-23,Herat,Herat,Afghanistan,34.35,62.2,40.8,253.0,Windy,Normal
2022-06-25,Herat,Herat,Afghanistan,34.35,62.2,22.0,192.0,Breezy,Normal
2022-06-26,Herat,Herat,Afghanistan,34.35,62.2,24.3,148.0,Breezy,Normal
2022-06-27,Herat,Herat,Afghanistan,34.35,62.2,37.0,219.0,Breezy,Normal
2022-06-28,Herat,Herat,Afghanistan,34.35,62.2,22.2,266.0,Breezy,Normal
2022-06-29,Herat,Herat,Afghanistan,34.35,62.2,41.2,256.0,Windy,Normal
2022-06-30,Herat,Herat,Afghanistan,34.35,62.2,35.5,231.0,Breezy,Normal
2022-07-01,Herat,Herat,Afghanistan,34.35,62.2,23.3,53.0,Breezy,Normal
2022-07-02,Herat,Herat,Afghanistan,34.35,62.2,31.0,219.0,Breezy,Normal
2022-07-03,Herat,Herat,Afghanistan,34.35,62.2,22.6,252.0,Breezy,Normal
2022-07-04,Herat,Herat,Afghanistan,34.35,62.2,35.1,90.0,Breezy,Normal
2022-07-05,Herat,Herat,Afghanistan,34.35,62.2,25.9,357.0,Breezy,Normal
2022-07-06,Herat,Herat,Afghanistan,34.35,62.2,33.5,187.0,Breezy,Normal
2022-07-08,Herat,Herat,Afghanistan,34.35,62.2,21.1,340.0,Breezy,Normal
2022-07-09,Herat,Herat,Afghanistan,34.35,62.2,26.3,57.0,Breezy,Normal
2022-07-10,Herat,Herat,Afghanistan,34.35,62.2,45.1,109.0,Windy,Normal
2022-07-11,Herat,Herat,Afghanistan,34.35,62.2,27.4,121.0,Breezy,Normal
2022-07-16,Herat,Herat,Afghanistan,34.35,62.2,32.7,111.0,Breezy,Normal
2022-07-17,Herat,Herat,Afghanistan,34.35,62.2,35.1,220.0,Breezy,Normal
2022-07-18,Herat,Herat,Afghanistan,34.35,62.2,26.6,341.0,Breezy,Normal
2022-07-21,Herat,Herat,Afghanistan,34.35,62.2,23.2,342.0,Breezy,Normal
2022-07-23,Herat,Herat,Afghanistan,34.35,62.2,28.5,355.0,Breezy,Normal
2022-07-24,Herat,Herat,Afghanistan,34.35,62.2,22.1,312.0,Breezy,Normal
2022-07-25,Herat,Herat,Afghanistan,34.35,62.2,27.5,38.0,Breezy,Normal
2022-07-26,Herat,Herat,Afghanistan,34.35,62.2,36.3,319.0,Breezy,Normal
2022-07-27,Herat,Herat,Afghanistan,34.35,62.2,22.9,23.0,Breezy,Normal
2022-07-30,Herat,Herat,Afghanistan,34.35,62.2,27.3,298.0,Breezy,Normal
2022-07-31,Herat,Herat,Afghanistan,34.35,62.2,28.3,337.0,Breezy,Normal
2022-08-03,Herat,Herat,Afghanistan,34.35,62.2,20.5,342.0,Breezy,Normal
2022-08-05,Herat,Herat,Afghanistan,34.35,62.2,25.1,305.0,Breezy,Normal
2022-08-06,Herat,Herat,Afghanistan,34.35,62.2,30.2,221.0,Breezy,Normal
2022-08-10,Herat,Herat,Afghanistan,34.35,62.2,24.8,15.0,Breezy,Normal
2022-08-11,Herat,Herat,Afghanistan,34.35,62.2,23.8,3.0,Breezy,Normal
2022-08-12,Herat,Herat,Afghanistan,34.35,62.2,38.5,50.0,Breezy,Normal
2022-08-13,Herat,Herat,Afghanistan,34.35,62.2,35.4,61.0,Breezy,Normal
2022-08-16,Herat,Herat,Afghanistan,34.35,62.2,29.7,360.0,Breezy,Normal
2022-08-18,Herat,Herat,Afghanistan,34.35,62.2,30.5,207.0,Breezy,Normal
2022-08-21,Herat,Herat,Afghanistan,34.35,62.2,21.7,146.0,Breezy,Normal
2022-08-23,Herat,Herat,Afghanistan,34.35,62.2,34.2,305.0,Breezy,Normal
2022-08-24,Herat,Herat,Afghanistan,34.35,62.2,38.6,52.0,Breezy,Normal
2022-08-25,Herat,Herat,Afghanistan,34.35,62.2,21.0,333.0,Breezy,Normal
2022-08-27,Herat,Herat,Afghanistan,34.35,62.2,40.5,195.0,Windy,Normal
2022-08-29,Herat,Herat,Afghanistan,34.35,62.2,31.8,302.0,Breezy,Normal
2022-08-31,Herat,Herat,Afghanistan,34.35,62.2,27.5,321.0,Breezy,Normal
2022-09-01,Herat,Herat,Afghanistan,34.35,62.2,32.6,311.0,Breezy,Normal
2022-09-03,Herat,Herat,Afghanistan,34.35,62.2,32.4,213.0,Breezy,Normal
2022-09-07,Herat,Herat,Afghanistan,34.35,62.2,35.6,140.0,Breezy,Normal
2022-09-10,Herat,Herat,Afghanistan,34.35,62.2,30.3,306.0,Breezy,Normal
2022-09-13,Herat,Herat,Afghanistan,34.35,62.2,22.1,46.0,Breezy,Normal
2022-09-15,Herat,Herat,Afghanistan,34.35,62.2,22.9,276.0,Breezy,Normal
2022-09-17,Herat,Herat,Afghanistan,34.35,62.2,28.4,320.0,Breezy,Normal
2022-09-20,Herat,Herat,Afghanistan,34.35,62.2,23.1,54.0,Breezy,Normal
2022-09-22,Herat,Herat,Afghanistan,34.35,62.2,35.1,85.0,Breezy,Normal
2022-09-24,Herat,Herat,Afghanistan,34.35,62.2,26.5,77.0,Breezy,Normal
2022-09-25,Herat,Herat,Afghanistan,34.35,62.2,28.7,38.0,Breezy,Normal
2022-09-27,Herat,Herat,Afghanistan,34.35,62.2,32.1,358.0,Breezy,Normal
2022-09-29,Herat,Herat,Afghanistan,34.35,62.2,26.3,329.0,Breezy,Normal
2022-10-02,Herat,Herat,Afghanistan,34.35,62.2,29.5,259.0,Breezy,Normal
2022-10-03,Herat,Herat,Afghanistan,34.35,62.2,35.1,260.0,Breezy,Normal
2022-10-07,Herat,Herat,Afghanistan,34.35,62.2,28.9,230.0,Breezy,Normal
2022-10-08,Herat,Herat,Afghanistan,34.35,62.2,32.1,225.0,Breezy,Normal
2022-10-09,Herat,Herat,Afghanistan,34.35,62.2,20.5,33.0,Breezy,Normal
2022-10-10,Herat,Herat,Afghanistan,34.35,62.2,22.5,211.0,Breezy,Normal
2022-10-12,Herat,Herat,Afghanistan,34.35,62.2,26.4,347.0,Breezy,Normal
2022-10-16,Herat,Herat,Afghanistan,34.35,62.2,36.6,360.0,Breezy,Normal
2022-10-19,Herat,Herat,Afghanistan,34.35,62.2,42.6,194.0,Windy,Normal
2022-10-20,Herat,Herat,Afghanistan,34.35,62.2,42.9,138.0,Windy,Normal
2022-10-21,Herat,Herat,Afghanistan,34.35,62.2,37.4,132.0,Breezy,Normal
2022-10-23,Herat,Herat,Afghanistan,34.35,62.2,20.9,251.0,Breezy,Normal
2022-10-24,Herat,Herat,Afghanistan,34.35,62.2,33.2,262.0,Breezy,Normal
2022-10-25,Herat,Herat,Afghanistan,34.35,62.2,36.9,222.0,Breezy,Normal
2022-10-26,Herat,Herat,Afghanistan,34.35,62.2,34.6,24.0,Breezy,Normal
2022-10-27,Herat,Herat,Afghanistan,34.35,62.2,34.1,7.0,Breezy,Normal
2022-10-31,Herat,Herat,Afghanistan,34.35,62.2,39.3,19.0,Breezy,Normal
2022-11-04,Herat,Herat,Afghanistan,34.35,62.2,49.4,109.0,Windy,Normal
2022-11-07,Herat,Herat,Afghanistan,34.35,62.2,32.2,163.0,Breezy,Normal
2022-11-09,Herat,Herat,Afghanistan,34.35,62.2,20.3,296.0,Breezy,Normal
2022-11-13,Herat,Herat,Afghanistan,34.35,62.2,30.9,214.0,Breezy,Normal
2022-11-15,Herat,Herat,Afghanistan,34.35,62.2,25.6,85.0,Breezy,Normal
2022-11-17,Herat,Herat,Afghanistan,34.35,62.2,29.2,130.0,Breezy,Normal
2022-11-18,Herat,Herat,Afghanistan,34.35,62.2,25.2,54.0,Breezy,Normal
2022-11-20,Herat,Herat,Afghanistan,34.35,62.2,25.1,102.0,Breezy,Normal
2022-11-26,Herat,Herat,Afghanistan,34.35,62.2,25.0,210.0,Breezy,Normal
2022-11-28,Herat,Herat,Afghanistan,34.35,62.2,33.5,198.0,Breezy,Normal
2022-12-02,Herat,Herat,Afghanistan,34.35,62.2,25.0,307.0,Breezy,Normal
2022-12-04,Herat,Herat,Afghanistan,34.35,62.2,43.3,260.0,Windy,Normal
2022-12-05,Herat,Herat,Afghanistan,34.35,62.2,24.8,157.0,Breezy,Normal
2022-12-06,Herat,Herat,Afghanistan,34.35,62.2,44.3,168.0,Windy,Normal
2022-12-07,Herat,Herat,Afghanistan,34.35,62.2,22.4,100.0,Breezy,Normal
2022-12-10,Herat,Herat,Afghanistan,34.35,62.2,26.8,176.0,Breezy,Normal
2022-12-11,Herat,Herat,Afghanistan,34.35,62.2,21.6,277.0,Breezy,Normal
2022-12-12,Herat,Herat,Afghanistan,34.35,62.2,23.4,143.0,Breezy,Normal
2022-12-13,Herat,Herat,Afghanistan,34.35,62.2,38.9,292.0,Breezy,Normal
2022-12-15,Herat,Herat,Afghanistan,34.35,62.2,35.6,343.0,Breezy,Normal
2022-12-17,Herat,Herat,Afghanistan,34.35,62.2,30.2,339.0,Breezy,Normal
2022-12-18,Herat,Herat,Afghanistan,34.35,62.2,26.0,163.0,Breezy,Normal
2022-12-19,Herat,Herat,Afghanistan,34.35,62.2,27.1,51.0,Breezy,Normal
2022-12-20,Herat,Herat,Afghanistan,34.35,62.2,35.2,207.0,Breezy,Normal
2022-12-23,Herat,Herat,Afghanistan,34.35,62.2,22.3,246.0,Breezy,Normal
2022-12-25,Herat,Herat,Afghanistan,34.35,62.2,31.6,5.0,Breezy,Normal
2022-12-26,Herat,Herat,Afghanistan,34.35,62.2,34.2,44.0,Breezy,Normal
2022-12-27,Herat,Herat,Afghanistan,34.35,62.2,32.6,37.0,Breezy,Normal
2022-12-28,Herat,Herat,Afghanistan,34.35,62.2,27.9,153.0,Breezy,Normal
2023-01-01,Herat,Herat,Afghanistan,34.35,62.2,28.0,184.0,Breezy,Normal
2023-01-02,Herat,Herat,Afghanistan,34.35,62.2,26.7,333.0,Breezy,Normal
2023-01-04,Herat,Herat,Afghanistan,34.35,62.2,26.6,19.0,Breezy,Normal
2023-01-06,Herat,Herat,Afghanistan,34.35,62.2,24.9,280.0,Breezy,Normal
2023-01-08,Herat,Herat,Afghanistan,34.35,62.2,24.4,10.0,Breezy,Normal
2023-01-11,Herat,Herat,Afghanistan,34.35,62.2,27.0,87.0,Breezy,Normal
2023-01-16,Herat,Herat,Afghanistan,34.35,62.2,25.0,140.0,Breezy,Normal
2023-01-18,Herat,Herat,Afghanistan,34.35,62.2,34.5,41.0,Breezy,Normal
2023-01-23,Herat,Herat,Afghanistan,34.35,62.2,22.7,306.0,Breezy,Normal
2023-01-24,Herat,Herat,Afghanistan,34.35,62.2,20.6,160.0,Breezy,Normal
2023-01-27,Herat,Herat,Afghanistan,34.35,62.2,31.0,129.0,Breezy,Normal
2023-01-29,Herat,Herat,Afghanistan,34.35,62.2,38.4,328.0,Breezy,Normal
2023-02-02,Herat,Herat,Afghanistan,34.35,62.2,26.7,159.0,Breezy,Normal
2023-02-03,Herat,Herat,Afghanistan,34.35,62.2,44.6,279.0,Windy,Normal
2023-02-04,Herat,Herat,Afghanistan,34.35,62.2,26.1,272.0,Breezy,Normal
2023-02-07,Herat,Herat,Afghanistan,34.35,62.2,33.1,57.0,Breezy,Normal
2023-02-09,Herat,Herat,Afghanistan,34.35,62.2,30.1,21.0,Breezy,Normal
2023-02-10,Herat,Herat,Afghanistan,34.35,62.2,31.1,254.0,Breezy,Normal
2023-02-12,Herat,Herat,Afghanistan,34.35,62.2,23.0,9.0,Breezy,Normal
2023-02-15,Herat,Herat,Afghanistan,34.35,62.2,47.7,275.0,Windy,Normal
2023-02-17,Herat,Herat,Afghanistan,34.35,62.2,42.4,260.0,Windy,Normal
2023-02-19,Herat,Herat,Afghanistan,34.35,62.2,20.8,257.0,Breezy,Normal
2023-02-20,Herat,Herat,Afghanistan,34.35,62.2,38.0,117.0,Breezy,Normal
2023-02-22,Herat,Herat,Afghanistan,34.35,62.2,42.9,183.0,Windy,Normal
2023-02-23,Herat,Herat,Afghanistan,34.35,62.2,29.8,153.0,Breezy,Normal
2023-02-24,Herat,Herat,Afghanistan,34.35,62.2,22.3,138.0,Breezy,Normal
2023-02-27,Herat,Herat,Afghanistan,34.35,62.2,39.5,357.0,Breezy,Normal
2023-02-28,Herat,Herat,Afghanistan,34.35,62.2,31.3,316.0,Breezy,Normal
2023-03-02,Herat,Herat,Afghanistan,34.35,62.2,26.6,133.0,Breezy,Normal
2023-03-04,Herat,Herat,Afghanistan,34.35,62.2,50.9,23.0,Windy,Normal
2023-03-07,Herat,Herat,Afghanistan,34.35,62.2,29.7,17.0,Breezy,Normal
2023-03-08,Herat,Herat,Afghanistan,34.35,62.2,23.3,23.0,Breezy,Normal
2023-03-13,Herat,Herat,Afghanistan,34.35,62.2,25.2,17.0,Breezy,Normal
2023-03-14,Herat,Herat,Afghanistan,34.35,62.2,26.8,262.0,Breezy,Normal
2023-03-16,Herat,Herat,Afghanistan,34.35,62.2,24.7,345.0,Breezy,Heatwave
2023-03-18,Herat,Herat,Afghanistan,34.35,62.2,44.0,123.0,Windy,Heatwave
2023-03-19,Herat,Herat,Afghanistan,34.35,62.2,37.2,77.0,Breezy,Normal
2023-03-21,Herat,Herat,Afghanistan,34.35,62.2,20.9,5.0,Breezy,Heatwave
2023-03-23,Herat,Herat,Afghanistan,34.35,62.2,27.9,194.0,Breezy,Normal
2023-03-25,Herat,Herat,Afghanistan,34.35,62.2,27.2,120.0,Breezy,Heatwave
2023-03-31,Herat,Herat,Afghanistan,34.35,62.2,28.6,152.0,Breezy,Normal
2023-04-06,Herat,Herat,Afghanistan,34.35,62.2,24.0,44.0,Breezy,Normal
2023-04-07,Herat,Herat,Afghanistan,34.35,62.2,26.7,212.0,Breezy,Heatwave
2023-04-09,Herat,Herat,Afghanistan,34.35,62.2,26.1,55.0,Breezy,Normal
2023-04-11,Herat,Herat,Afghanistan,34.35,62.2,26.1,186.0,Breezy,Normal
2023-04-14,Herat,Herat,Afghanistan,34.35,62.2,20.7,7.0,Breezy,Normal
2023-04-16,Herat,Herat,Afghanistan,34.35,62.2,32.3,30.0,Breezy,Heatwave
2023-04-18,Herat,Herat,Afghanistan,34.35,62.2,25.2,100.0,Breezy,Normal
2023-04-19,Herat,Herat,Afghanistan,34.35,62.2,22.9,265.0,Breezy,Normal
2023-04-21,Herat,Herat,Afghanistan,34.35,62.2,22.7,262.0,Breezy,Heatwave
2023-04-27,Herat,Herat,Afghanistan,34.35,62.2,24.7,12.0,Breezy,Normal
2023-04-29,Herat,Herat,Afghanistan,34.35,62.2,47.1,71.0,Windy,Heatwave
2023-04-30,Herat,Herat,Afghanistan,34.35,62.2,21.1,352.0,Breezy,Normal
2023-05-01,Herat,Herat,Afghanistan,34.35,62.2,32.4,345.0,Breezy,Heatwave
2023-05-02,Herat,Herat,Afghanistan,34.35,62.2,30.5,36.0,Breezy,Heatwave
2023-05-05,Herat,Herat,Afghanistan,34.35,62.2,21.5,285.0,Breezy,Normal
2023-05-06,Herat,Herat,Afghanistan,34.35,62.2,24.7,140.0,Breezy,Normal
2023-05-08,Herat,Herat,Afghanistan,34.35,62.2,29.5,278.0,Breezy,Normal
2023-05-09,Herat,Herat,Afghanistan,34.35,62.2,26.7,70.0,Breezy,Normal
2023-05-10,Herat,Herat,Afghanistan,34.35,62.2,20.1,156.0,Breezy,Normal
2023-05-11,Herat,Herat,Afghanistan,34.35,62.2,30.3,100.0,Breezy,Heatwave
2023-05-12,Herat,Herat,Afghanistan,34.35,62.2,40.3,138.0,Windy,Normal
2023-05-14,Herat,Herat,Afghanistan,34.35,62.2,31.7,354.0,Breezy,Normal
2023-05-16,Herat,Herat,Afghanistan,34.35,62.2,34.7,166.0,Breezy,Normal
2023-05-18,Herat,Herat,Afghanistan,34.35,62.2,33.8,30.0,Breezy,Normal
2023-05-20,Herat,Herat,Afghanistan,34.35,62.2,38.2,342.0,Breezy,Normal
2023-05-22,Herat,Herat,Afghanistan,34.35,62.2,45.0,154.0,Windy,Normal
2023-05-26,Herat,Herat,Afghanistan,34.35,62.2,28.7,214.0,Breezy,Normal
2023-05-27,Herat,Herat,Afghanistan,34.35,62.2,28.4,97.0,Breezy,Normal
2023-05-28,Herat,Herat,Afghanistan,34.35,62.2,36.7,155.0,Breezy,Normal
2023-05-30,Herat,Herat,Afghanistan,34.35,62.2,26.5,134.0,Breezy,Normal
2023-06-03,Herat,Herat,Afghanistan,34.35,62.2,28.3,243.0,Breezy,Normal
2023-06-04,Herat,Herat,Afghanistan,34.35,62.2,28.6,292.0,Breezy,Heatwave
2023-06-05,Herat,Herat,Afghanistan,34.35,62.2,26.8,1.0,Breezy,Normal
2023-06-09,Herat,Herat,Afghanistan,34.35,62.2,27.1,70.0,Breezy,Normal
2023-06-11,Herat,Herat,Afghanistan,34.35,62.2,26.6,54.0,Breezy,Normal
2023-06-13,Herat,Herat,Afghanistan,34.35,62.2,20.7,310.0,Breezy,Normal
2023-06-15,Herat,Herat,Afghanistan,34.35,62.2,22.3,36.0,Breezy,Normal
2023-06-24,Herat,Herat,Afghanistan,34.35,62.2,45.8,154.0,Windy,Normal
2023-06-28,Herat,Herat,Afghanistan,34.35,62.2,20.6,137.0,Breezy,Normal
2023-06-29,Herat,Herat,Afghanistan,34.35,62.2,29.4,29.0,Breezy,Normal
2023-07-01,Herat,Herat,Afghanistan,34.35,62.2,31.5,334.0,Breezy,Normal
2023-07-02,Herat,Herat,Afghanistan,34.35,62.2,28.1,136.0,Breezy,Normal
2023-07-03,Herat,Herat,Afghanistan,34.35,62.2,21.9,101.0,Breezy,Normal
2023-07-04,Herat,Herat,Afghanistan,34.35,62.2,20.1,140.0,Breezy,Normal
2023-07-07,Herat,Herat,Afghanistan,34.35,62.2,29.9,318.0,Breezy,Normal
2023-07-08,Herat,Herat,Afghanistan,34.35,62.2,30.3,166.0,Breezy,Normal
2023-07-09,Herat,Herat,Afghanistan,34.35,62.2,24.2,252.0,Breezy,Normal
2023-07-10,Herat,Herat,Afghanistan,34.35,62.2,26.6,323.0,Breezy,Normal
2023-07-13,Herat,Herat,Afghanistan,34.35,62.2,20.4,317.0,Breezy,Normal
2023-07-15,Herat,Herat,Afghanistan,34.35,62.2,27.7,239.0,Breezy,Normal
2023-07-16,Herat,Herat,Afghanistan,34.35,62.2,21.5,107.0,Breezy,Normal
2023-07-19,Herat,Herat,Afghanistan,34.35,62.2,21.5,156.0,Breezy,Normal
2023-07-22,Herat,Herat,Afghanistan,34.35,62.2,29.4,257.0,Breezy,Normal
2023-07-25,Herat,Herat,Afghanistan,34.35,62.2,25.5,315.0,Breezy,Normal
2023-07-26,Herat,Herat,Afghanistan,34.35,62.2,31.1,20.0,Breezy,Normal
2023-07-27,Herat,Herat,Afghanistan,34.35,62.2,28.3,43.0,Breezy,Normal
2023-07-29,Herat,Herat,Afghanistan,34.35,62.2,47.1,128.0,Windy,Normal
2023-07-30,Herat,Herat,Afghanistan,34.35,62.2,28.7,31.0,Breezy,Normal
2023-08-03,Herat,Herat,Afghanistan,34.35,62.2,27.4,232.0,Breezy,Normal
2023-08-04,Herat,Herat,Afghanistan,34.35,62.2,22.5,245.0,Breezy,Normal
2023-08-06,Herat,Herat,Afghanistan,34.35,62.2,23.7,69.0,Breezy,Normal
2023-08-09,Herat,Herat,Afghanistan,34.35,62.2,29.1,165.0,Breezy,Normal
2023-08-12,Herat,Herat,Afghanistan,34.35,62.2,22.6,1.0,Breezy,Normal
2023-08-15,Herat,Herat,Afghanistan,34.35,62.2,21.4,309.0,Breezy,Normal
2023-08-18,Herat,Herat,Afghanistan,34.35,62.2,38.4,346.0,Breezy,Normal
2023-08-20,Herat,Herat,Afghanistan,34.35,62.2,20.3,212.0,Breezy,Normal
2023-08-21,Herat,Herat,Afghanistan,34.35,62.2,55.2,298.0,Windy,Normal
2023-08-22,Herat,Herat,Afghanistan,34.35,62.2,21.1,331.0,Breezy,Normal
2023-08-23,Herat,Herat,Afghanistan,34.35,62.2,28.3,2.0,Breezy,Normal
2023-08-26,Herat,Herat,Afghanistan,34.35,62.2,36.6,324.0,Breezy,Normal
2023-08-27,Herat,Herat,Afghanistan,34.35,62.2,28.8,21.0,Breezy,Normal
2023-08-30,Herat,Herat,Afghanistan,34.35,62.2,29.8,146.0,Breezy,Normal
2023-08-31,Herat,Herat,Afghanistan,34.35,62.2,24.9,209.0,Breezy,Normal
2023-09-06,Herat,Herat,Afghanistan,34.35,62.2,26.4,71.0,Breezy,Normal
2023-09-08,Herat,Herat,Afghanistan,34.35,62.2,27.8,95.0,Breezy,Normal
2023-09-09,Herat,Herat,Afghanistan,34.35,62.2,32.6,333.0,Breezy,Normal
2023-09-10,Herat,Herat,Afghanistan,34.35,62.2,46.8,267.0,Windy,Normal
2023-09-12,Herat,Herat,Afghanistan,34.35,62.2,32.3,188.0,Breezy,Normal
2023-09-16,Herat,Herat,Afghanistan,34.35,62.2,31.9,252.0,Breezy,Normal
2023-09-17,Herat,Herat,Afghanistan,34.35,62.2,21.2,287.0,Breezy,Normal
2023-09-18,Herat,Herat,Afghanistan,34.35,62.2,25.8,194.0,Breezy,Normal
2023-09-19,Herat,Herat,Afghanistan,34.35,62.2,30.0,334.0,Breezy,Normal
2023-09-20,Herat,Herat,Afghanistan,34.35,62.2,25.3,173.0,Breezy,Normal
2023-09-24,Herat,Herat,Afghanistan,34.35,62.2,28.4,121.0,Breezy,Normal
2023-09-25,Herat,Herat,Afghanistan,34.35,62.2,21.3,295.0,Breezy,Normal
2023-09-26,Herat,Herat,Afghanistan,34.35,62.2,38.3,342.0,Breezy,Normal
2023-09-28,Herat,Herat,Afghanistan,34.35,62.2,23.3,68.0,Breezy,Normal
2023-10-04,Herat,Herat,Afghanistan,34.35,62.2,24.1,316.0,Breezy,Normal
2023-10-06,Herat,Herat,Afghanistan,34.35,62.2,36.7,14.0,Breezy,Normal
2023-10-08,Herat,Herat,Afghanistan,34.35,62.2,29.7,128.0,Breezy,Normal
2023-10-11,Herat,Herat,Afghanistan,34.35,62.2,25.9,301.0,Breezy,Normal
2023-10-12,Herat,Herat,Afghanistan,34.35,62.2,27.2,44.0,Breezy,Normal
2023-10-14,Herat,Herat,Afghanistan,34.35,62.2,20.3,88.0,Breezy,Normal
2023-10-16,Herat,Herat,Afghanistan,34.35,62.2,21.3,355.0,Breezy,Normal
2023-10-18,Herat,Herat,Afghanistan,34.35,62.2,31.5,199.0,Breezy,Normal
2023-10-19,Herat,Herat,Afghanistan,34.35,62.2,25.4,186.0,Breezy,Normal
2023-10-21,Herat,Herat,Afghanistan,34.35,62.2,28.0,299.0,Breezy,Normal
2023-10-22,Herat,Herat,Afghanistan,34.35,62.2,24.3,108.0,Breezy,Normal
2023-10-24,Herat,Herat,Afghanistan,34.35,62.2,21.0,180.0,Breezy,Normal
2023-10-26,Herat,Herat,Afghanistan,34.35,62.2,41.9,309.0,Windy,Normal
2023-10-27,Herat,Herat,Afghanistan,34.35,62.2,39.6,45.0,Breezy,Normal
2023-10-29,Herat,Herat,Afghanistan,34.35,62.2,22.4,229.0,Breezy,Normal
2023-10-30,Herat,Herat,Afghanistan,34.35,62.2,26.8,127.0,Breezy,Normal
2023-10-31,Herat,Herat,Afghanistan,34.35,62.2,33.6,212.0,Breezy,Normal
2023-11-01,Herat,Herat,Afghanistan,34.35,62.2,29.6,21.0,Breezy,Normal
2023-11-02,Herat,Herat,Afghanistan,34.35,62.2,26.6,11.0,Breezy,Normal
2023-11-05,Herat,Herat,Afghanistan,34.35,62.2,37.4,258.0,Breezy,Normal
2023-11-06,Herat,Herat,Afghanistan,34.35,62.2,22.9,66.0,Breezy,Normal
2023-11-08,Herat,Herat,Afghanistan,34.35,62.2,27.9,228.0,Breezy,Normal
2023-11-09,Herat,Herat,Afghanistan,34.35,62.2,27.4,81.0,Breezy,Normal
2023-11-10,Herat,Herat,Afghanistan,34.35,62.2,24.1,91.0,Breezy,Normal
2023-11-13,Herat,Herat,Afghanistan,34.35,62.2,38.8,302.0,Breezy,Normal
2023-11-14,Herat,Herat,Afghanistan,34.35,62.2,26.1,211.0,Breezy,Normal
2023-11-18,Herat,Herat,Afghanistan,34.35,62.2,27.5,223.0,Breezy,Normal
2023-11-19,Herat,Herat,Afghanistan,34.35,62.2,42.9,348.0,Windy,Normal
2023-11-20,Herat,Herat,Afghanistan,34.35,62.2,24.5,16.0,Breezy,Normal
2023-11-23,Herat,Herat,Afghanistan,34.35,62.2,21.1,7.0,Breezy,Normal
2023-11-24,Herat,Herat,Afghanistan,34.35,62.2,22.6,343.0,Breezy,Normal
2023-11-27,Herat,Herat,Afghanistan,34.35,62.2,23.4,123.0,Breezy,Normal
2023-11-30,Herat,Herat,Afghanistan,34.35,62.2,30.6,348.0,Breezy,Normal
2023-12-01,Herat,Herat,Afghanistan,34.35,62.2,24.8,208.0,Breezy,Normal
2023-12-02,Herat,Herat,Afghanistan,34.35,62.2,27.1,308.0,Breezy,Normal
2023-12-07,Herat,Herat,Afghanistan,34.35,62.2,33.1,234.0,Breezy,Normal
2023-12-09,Herat,Herat,Afghanistan,34.35,62.2,23.0,321.0,Breezy,Normal
2023-12-10,Herat,Herat,Afghanistan,34.35,62.2,31.0,214.0,Breezy,Normal
2023-12-14,Herat,Herat,Afghanistan,34.35,62.2,38.9,258.0,Breezy,Normal
2023-12-18,Herat,Herat,Afghanistan,34.35,62.2,32.2,145.0,Breezy,Normal
2023-12-21,Herat,Herat,Afghanistan,34.35,62.2,27.8,41.0,Breezy,Normal
2023-12-22,Herat,Herat,Afghanistan,34.35,62.2,45.2,298.0,Windy,Normal
2023-12-23,Herat,Herat,Afghanistan,34.35,62.2,28.8,295.0,Breezy,Normal
2023-12-27,Herat,Herat,Afghanistan,34.35,62.2,22.6,203.0,Breezy,Normal
2023-12-29,Herat,Herat,Afghanistan,34.35,62.2,20.4,236.0,Breezy,Normal
2023-12-30,Herat,Herat,Afghanistan,34.35,62.2,34.8,191.0,Breezy,Normal
2023-12-31,Herat,Herat,Afghanistan,34.35,62.2,26.1,301.0,Breezy,Normal
2022-01-02,Tehran,Tehran,Iran,35.69,51.42,23.0,0.0,Breezy,Normal
2022-01-03,Tehran,Tehran,Iran,35.69,51.42,21.6,66.0,Breezy,Normal
2022-01-04,Tehran,Tehran,Iran,35.69,51.42,23.6,333.0,Breezy,Normal
2022-01-11,Tehran,Tehran,Iran,35.69,51.42,20.5,119.0,Breezy,Normal
2022-01-21,Tehran,Tehran,Iran,35.69,51.42,25.2,316.0,Breezy,Normal
2022-01-22,Tehran,Tehran,Iran,35.69,51.42,22.9,42.0,Breezy,Normal
2022-01-27,Tehran,Tehran,Iran,35.69,51.42,27.6,92.0,Breezy,Normal
2022-01-28,Tehran,Tehran,Iran,35.69,51.42,34.4,160.0,Breezy,Normal
2022-02-01,Tehran,Tehran,Iran,35.69,51.42,29.1,289.0,Breezy,Normal
2022-02-08,Tehran,Tehran,Iran,35.69,51.42,30.4,219.0,Breezy,Normal
2022-02-11,Tehran,Tehran,Iran,35.69,51.42,22.0,297.0,Breezy,Normal
2022-02-14,Tehran,Tehran,Iran,35.69,51.42,31.6,282.0,Breezy,Normal
2022-02-15,Tehran,Tehran,Iran,35.69,51.42,35.5,283.0,Breezy,Normal
2022-02-26,Tehran,Tehran,Iran,35.69,51.42,39.4,123.0,Breezy,Normal
2022-03-04,Tehran,Tehran,Iran,35.69,51.42,25.7,266.0,Breezy,Normal
2022-03-07,Tehran,Tehran,Iran,35.69,51.42,26.2,142.0,Breezy,Normal
2022-03-09,Tehran,Tehran,Iran,35.69,51.42,20.1,193.0,Breezy,Normal
2022-03-10,Tehran,Tehran,Iran,35.69,51.42,24.6,258.0,Breezy,Normal
2022-03-17,Tehran,Tehran,Iran,35.69,51.42,34.0,15.0,Breezy,Normal
2022-03-18,Tehran,Tehran,Iran,35.69,51.42,20.1,281.0,Breezy,Normal
2022-03-20,Tehran,Tehran,Iran,35.69,51.42,20.3,236.0,Breezy,Normal
2022-03-24,Tehran,Tehran,Iran,35.69,51.42,20.9,220.0,Breezy,Normal
2022-03-25,Tehran,Tehran,Iran,35.69,51.42,24.9,136.0,Breezy,Heatwave
2022-03-29,Tehran,Tehran,Iran,35.69,51.42,27.8,119.0,Breezy,Normal
2022-04-04,Tehran,Tehran,Iran,35.69,51.42,21.8,202.0,Breezy,Normal
2022-04-05,Tehran,Tehran,Iran,35.69,51.42,32.1,102.0,Breezy,Normal
2022-04-10,Tehran,Tehran,Iran,35.69,51.42,23.6,250.0,Breezy,Normal
2022-04-13,Tehran,Tehran,Iran,35.69,51.42,24.0,134.0,Breezy,Heatwave
2022-04-16,Tehran,Tehran,Iran,35.69,51.42,22.4,17.0,Breezy,Normal
2022-04-18,Tehran,Tehran,Iran,35.69,51.42,20.4,30.0,Breezy,Heatwave
2022-04-20,Tehran,Tehran,Iran,35.69,51.42,27.8,266.0,Breezy,Heatwave
2022-04-21,Tehran,Tehran,Iran,35.69,51.42,27.8,262.0,Breezy,Heatwave
2022-04-22,Tehran,Tehran,Iran,35.69,51.42,27.6,9.0,Breezy,Normal
2022-04-25,Tehran,Tehran,Iran,35.69,51.42,32.0,116.0,Breezy,Normal
2022-04-27,Tehran,Tehran,Iran,35.69,51.42,21.4,263.0,Breezy,Normal
2022-05-04,Tehran,Tehran,Iran,35.69,51.42,23.8,42.0,Breezy,Normal
2022-05-08,Tehran,Tehran,Iran,35.69,51.42,24.5,281.0,Breezy,Normal
2022-05-14,Tehran,Tehran,Iran,35.69,51.42,25.2,11.0,Breezy,Normal
2022-05-16,Tehran,Tehran,Iran,35.69,51.42,21.6,326.0,Breezy,Normal
2022-05-18,Tehran,Tehran,Iran,35.69,51.42,23.0,302.0,Breezy,Normal
2022-05-19,Tehran,Tehran,Iran,35.69,51.42,30.8,194.0,Breezy,Normal
2022-05-20,Tehran,Tehran,Iran,35.69,51.42,22.3,99.0,Breezy,Normal
2022-05-23,Tehran,Tehran,Iran,35.69,51.42,29.1,172.0,Breezy,Normal
2022-05-24,Tehran,Tehran,Iran,35.69,51.42,22.7,137.0,Breezy,Normal
2022-05-25,Tehran,Tehran,Iran,35.69,51.42,23.4,322.0,Breezy,Normal
2022-05-28,Tehran,Tehran,Iran,35.69,51.42,25.8,289.0,Breezy,Normal
2022-05-29,Tehran,Tehran,Iran,35.69,51.42,25.1,124.0,Breezy,Normal
2022-06-02,Tehran,Tehran,Iran,35.69,51.42,23.3,23.0,Breezy,Normal
2022-06-03,Tehran,Tehran,Iran,35.69,51.42,22.3,22.0,Breezy,Normal
2022-06-05,Tehran,Tehran,Iran,35.69,51.42,22.6,94.0,Breezy,Normal
2022-06-07,Tehran,Tehran,Iran,35.69,51.42,21.2,92.0,Breezy,Normal
2022-06-09,Tehran,Tehran,Iran,35.69,51.42,27.9,143.0,Breezy,Normal
2022-06-11,Tehran,Tehran,Iran,35.69,51.42,26.9,8.0,Breezy,Normal
2022-06-12,Tehran,Tehran,Iran,35.69,51.42,21.1,241.0,Breezy,Normal
2022-06-16,Tehran,Tehran,Iran,35.69,51.42,26.9,127.0,Breezy,Normal
2022-06-18,Tehran,Tehran,Iran,35.69,51.42,20.4,86.0,Breezy,Normal
2022-06-19,Tehran,Tehran,Iran,35.69,51.42,23.5,178.0,Breezy,Normal
2022-06-21,Tehran,Tehran,Iran,35.69,51.42,20.7,228.0,Breezy,Normal
2022-06-23,Tehran,Tehran,Iran,35.69,51.42,23.7,108.0,Breezy,Normal
2022-06-25,Tehran,Tehran,Iran,35.69,51.42,20.6,30.0,Breezy,Normal
2022-06-27,Tehran,Tehran,Iran,35.69,51.42,24.7,293.0,Breezy,Normal
2022-06-28,Tehran,Tehran,Iran,35.69,51.42,31.4,310.0,Breezy,Normal
2022-06-30,Tehran,Tehran,Iran,35.69,51.42,23.1,314.0,Breezy,Normal
2022-07-08,Tehran,Tehran,Iran,35.69,51.42,22.9,214.0,Breezy,Normal
2022-07-16,Tehran,Tehran,Iran,35.69,51.42,24.8,168.0,Breezy,Normal
2022-07-22,Tehran,Tehran,Iran,35.69,51.42,21.1,100.0,Breezy,Normal
2022-07-24,Tehran,Tehran,Iran,35.69,51.42,21.3,277.0,Breezy,Normal
2022-07-26,Tehran,Tehran,Iran,35.69,51.42,25.2,126.0,Breezy,Normal
2022-07-28,Tehran,Tehran,Iran,35.69,51.42,24.2,6.0,Breezy,Normal
2022-08-02,Tehran,Tehran,Iran,35.69,51.42,22.5,64.0,Breezy,Normal
2022-08-03,Tehran,Tehran,Iran,35.69,51.42,31.3,6.0,Breezy,Normal
2022-08-04,Tehran,Tehran,Iran,35.69,51.42,25.3,25.0,Breezy,Normal
2022-08-08,Tehran,Tehran,Iran,35.69,51.42,24.3,270.0,Breezy,Normal
2022-08-10,Tehran,Tehran,Iran,35.69,51.42,23.5,154.0,Breezy,Normal
2022-08-13,Tehran,Tehran,Iran,35.69,51.42,20.4,21.0,Breezy,Normal
2022-08-17,Tehran,Tehran,Iran,35.69,51.42,25.1,41.0,Breezy,Normal
2022-08-22,Tehran,Tehran,Iran,35.69,51.42,22.6,106.0,Breezy,Normal
2022-08-24,Tehran,Tehran,Iran,35.69,51.42,34.2,5.0,Breezy,Normal
2022-08-25,Tehran,Tehran,Iran,35.69,51.42,20.2,81.0,Breezy,Normal
2022-08-26,Tehran,Tehran,Iran,35.69,51.42,31.9,328.0,Breezy,Normal
2022-08-31,Tehran,Tehran,Iran,35.69,51.42,21.1,303.0,Breezy,Normal
2022-09-08,Tehran,Tehran,Iran,35.69,51.42,29.3,224.0,Breezy,Normal
2022-09-12,Tehran,Tehran,Iran,35.69,51.42,29.2,32.0,Breezy,Normal
2022-09-13,Tehran,Tehran,Iran,35.69,51.42,31.3,176.0,Breezy,Normal
2022-09-15,Tehran,Tehran,Iran,35.69,51.42,21.4,260.0,Breezy,Normal
2022-09-16,Tehran,Tehran,Iran,35.69,51.42,31.7,340.0,Breezy,Normal
2022-09-22,Tehran,Tehran,Iran,35.69,51.42,26.1,114.0,Breezy,Normal
2022-09-26,Tehran,Tehran,Iran,35.69,51.42,21.3,247.0,Breezy,Normal
2022-09-27,Tehran,Tehran,Iran,35.69,51.42,21.3,150.0,Breezy,Normal
2022-10-03,Tehran,Tehran,Iran,35.69,51.42,21.3,8.0,Breezy,Normal
2022-10-05,Tehran,Tehran,Iran,35.69,51.42,36.4,162.0,Breezy,Normal
2022-10-06,Tehran,Tehran,Iran,35.69,51.42,35.4,0.0,Breezy,Normal
2022-10-09,Tehran,Tehran,Iran,35.69,51.42,22.4,139.0,Breezy,Normal
2022-10-11,Tehran,Tehran,Iran,35.69,51.42,22.2,241.0,Breezy,Normal
2022-10-16,Tehran,Tehran,Iran,35.69,51.42,20.8,163.0,Breezy,Normal
2022-10-18,Tehran,Tehran,Iran,35.69,51.42,20.5,312.0,Breezy,Normal
2022-10-19,Tehran,Tehran,Iran,35.69,51.42,45.1,249.0,Windy,Normal
2022-10-25,Tehran,Tehran,Iran,35.69,51.42,24.7,295.0,Breezy,Normal
2022-10-27,Tehran,Tehran,Iran,35.69,51.42,26.8,178.0,Breezy,Normal
2022-10-29,Tehran,Tehran,Iran,35.69,51.42,28.3,239.0,Breezy,Normal
2022-10-31,Tehran,Tehran,Iran,35.69,51.42,28.6,328.0,Breezy,Normal
2022-11-01,Tehran,Tehran,Iran,35.69,51.42,24.5,322.0,Breezy,Normal
2022-11-02,Tehran,Tehran,Iran,35.69,51.42,24.5,276.0,Breezy,Normal
2022-11-04,Tehran,Tehran,Iran,35.69,51.42,24.1,256.0,Breezy,Normal
2022-11-11,Tehran,Tehran,Iran,35.69,51.42,20.8,82.0,Breezy,Normal
2022-11-12,Tehran,Tehran,Iran,35.69,51.42,25.5,152.0,Breezy,Normal
2022-11-13,Tehran,Tehran,Iran,35.69,51.42,28.5,227.0,Breezy,Normal
2022-11-17,Tehran,Tehran,Iran,35.69,51.42,27.4,121.0,Breezy,Normal
2022-11-22,Tehran,Tehran,Iran,35.69,51.42,21.8,109.0,Breezy,Normal
2022-11-27,Tehran,Tehran,Iran,35.69,51.42,31.6,205.0,Breezy,Normal
2022-11-28,Tehran,Tehran,Iran,35.69,51.42,21.5,197.0,Breezy,Normal
2022-12-02,Tehran,Tehran,Iran,35.69,51.42,20.1,254.0,Breezy,Normal
2022-12-04,Tehran,Tehran,Iran,35.69,51.42,20.3,323.0,Breezy,Normal
2022-12-07,Tehran,Tehran,Iran,35.69,51.42,22.0,84.0,Breezy,Normal
2022-12-09,Tehran,Tehran,Iran,35.69,51.42,25.5,9.0,Breezy,Normal
2022-12-14,Tehran,Tehran,Iran,35.69,51.42,24.2,14.0,Breezy,Normal
2022-12-15,Tehran,Tehran,Iran,35.69,51.42,25.7,333.0,Breezy,Normal
2022-12-19,Tehran,Tehran,Iran,35.69,51.42,32.6,265.0,Breezy,Normal
2022-12-20,Tehran,Tehran,Iran,35.69,51.42,29.2,302.0,Breezy,Normal
2022-12-23,Tehran,Tehran,Iran,35.69,51.42,24.6,236.0,Breezy,Normal
2022-12-24,Tehran,Tehran,Iran,35.69,51.42,30.8,348.0,Breezy,Normal
2022-12-31,Tehran,Tehran,Iran,35.69,51.42,23.6,162.0,Breezy,Normal
2023-01-01,Tehran,Tehran,Iran,35.69,51.42,30.9,305.0,Breezy,Normal
2023-01-03,Tehran,Tehran,Iran,35.69,51.42,22.0,263.0,Breezy,Normal
2023-01-11,Tehran,Tehran,Iran,35.69,51.42,23.3,101.0,Breezy,Normal
2023-01-17,Tehran,Tehran,Iran,35.69,51.42,44.2,135.0,Windy,Normal
2023-01-20,Tehran,Tehran,Iran,35.69,51.42,21.6,282.0,Breezy,Normal
2023-01-21,Tehran,Tehran,Iran,35.69,51.42,20.9,222.0,Breezy,Normal
2023-01-25,Tehran,Tehran,Iran,35.69,51.42,24.5,69.0,Breezy,Normal
2023-01-26,Tehran,Tehran,Iran,35.69,51.42,22.6,115.0,Breezy,Normal
2023-01-31,Tehran,Tehran,Iran,35.69,51.42,27.9,99.0,Breezy,Normal
2023-02-05,Tehran,Tehran,Iran,35.69,51.42,24.1,102.0,Breezy,Normal
2023-02-07,Tehran,Tehran,Iran,35.69,51.42,34.8,91.0,Breezy,Normal
2023-02-13,Tehran,Tehran,Iran,35.69,51.42,31.3,48.0,Breezy,Normal
2023-02-14,Tehran,Tehran,Iran,35.69,51.42,28.9,73.0,Breezy,Normal
2023-02-17,Tehran,Tehran,Iran,35.69,51.42,29.2,276.0,Breezy,Normal
2023-02-24,Tehran,Tehran,Iran,35.69,51.42,20.4,84.0,Breezy,Normal
2023-03-06,Tehran,Tehran,Iran,35.69,51.42,24.8,267.0,Breezy,Normal
2023-03-11,Tehran,Tehran,Iran,35.69,51.42,38.4,28.0,Breezy,Normal
2023-03-13,Tehran,Tehran,Iran,35.69,51.42,20.5,261.0,Breezy,Normal
2023-03-16,Tehran,Tehran,Iran,35.69,51.42,23.1,80.0,Breezy,Normal
2023-03-18,Tehran,Tehran,Iran,35.69,51.42,22.2,55.0,Breezy,Normal
2023-03-20,Tehran,Tehran,Iran,35.69,51.42,21.5,54.0,Breezy,Normal
2023-03-24,Tehran,Tehran,Iran,35.69,51.42,24.9,321.0,Breezy,Normal
2023-03-26,Tehran,Tehran,Iran,35.69,51.42,27.5,40.0,Breezy,Heatwave
2023-04-04,Tehran,Tehran,Iran,35.69,51.42,24.9,62.0,Breezy,Normal
2023-04-07,Tehran,Tehran,Iran,35.69,51.42,26.9,25.0,Breezy,Normal
2023-04-08,Tehran,Tehran,Iran,35.69,51.42,35.3,339.0,Breezy,Normal
2023-04-09,Tehran,Tehran,Iran,35.69,51.42,30.3,353.0,Breezy,Normal
2023-04-14,Tehran,Tehran,Iran,35.69,51.42,21.8,287.0,Breezy,Normal
2023-04-22,Tehran,Tehran,Iran,35.69,51.42,25.2,63.0,Breezy,Heatwave
2023-04-26,Tehran,Tehran,Iran,35.69,51.42,28.2,246.0,Breezy,Heatwave
2023-04-28,Tehran,Tehran,Iran,35.69,51.42,33.3,199.0,Breezy,Normal
2023-05-02,Tehran,Tehran,Iran,35.69,51.42,27.8,33.0,Breezy,Normal
2023-05-04,Tehran,Tehran,Iran,35.69,51.42,21.0,335.0,Breezy,Normal
2023-05-07,Tehran,Tehran,Iran,35.69,51.42,21.2,219.0,Breezy,Normal
2023-05-10,Tehran,Tehran,Iran,35.69,51.42,25.7,222.0,Breezy,Normal
2023-05-15,Tehran,Tehran,Iran,35.69,51.42,25.6,50.0,Breezy,Normal
2023-05-24,Tehran,Tehran,Iran,35.69,51.42,21.1,131.0,Breezy,Normal
2023-05-28,Tehran,Tehran,Iran,35.69,51.42,26.3,354.0,Breezy,Normal
2023-05-30,Tehran,Tehran,Iran,35.69,51.42,38.5,307.0,Breezy,Normal
2023-06-09,Tehran,Tehran,Iran,35.69,51.42,24.4,147.0,Breezy,Normal
2023-06-11,Tehran,Tehran,Iran,35.69,51.42,27.9,116.0,Breezy,Normal
2023-06-12,Tehran,Tehran,Iran,35.69,51.42,25.1,317.0,Breezy,Normal
2023-06-14,Tehran,Tehran,Iran,35.69,51.42,24.1,104.0,Breezy,Normal
2023-06-15,Tehran,Tehran,Iran,35.69,51.42,23.4,172.0,Breezy,Normal
2023-06-16,Tehran,Tehran,Iran,35.69,51.42,29.3,322.0,Breezy,Normal
2023-06-19,Tehran,Tehran,Iran,35.69,51.42,29.5,259.0,Breezy,Normal
2023-06-23,Tehran,Tehran,Iran,35.69,51.42,20.1,24.0,Breezy,Normal
2023-06-24,Tehran,Tehran,Iran,35.69,51.42,21.6,160.0,Breezy,Normal
2023-07-04,Tehran,Tehran,Iran,35.69,51.42,26.0,295.0,Breezy,Normal
2023-07-05,Tehran,Tehran,Iran,35.69,51.42,20.9,3.0,Breezy,Normal
2023-07-08,Tehran,Tehran,Iran,35.69,51.42,27.5,146.0,Breezy,Normal
2023-07-10,Tehran,Tehran,Iran,35.69,51.42,28.2,314.0,Breezy,Normal
2023-07-15,Tehran,Tehran,Iran,35.69,51.42,31.4,87.0,Breezy,Normal
2023-07-17,Tehran,Tehran,Iran,35.69,51.42,24.2,103.0,Breezy,Normal
2023-07-22,Tehran,Tehran,Iran,35.69,51.42,28.0,164.0,Breezy,Normal
2023-07-25,Tehran,Tehran,Iran,35.69,51.42,34.3,115.0,Breezy,Normal
2023-07-29,Tehran,Tehran,Iran,35.69,51.42,23.0,6.0,Breezy,Normal
2023-08-09,Tehran,Tehran,Iran,35.69,51.42,21.5,164.0,Breezy,Normal
2023-08-15,Tehran,Tehran,Iran,35.69,51.42,24.2,81.0,Breezy,Normal
2023-08-19,Tehran,Tehran,Iran,35.69,51.42,24.2,140.0,Breezy,Normal
2023-08-20,Tehran,Tehran,Iran,35.69,51.42,25.3,55.0,Breezy,Normal
2023-08-25,Tehran,Tehran,Iran,35.69,51.42,22.7,335.0,Breezy,Normal
2023-08-26,Tehran,Tehran,Iran,35.69,51.42,27.6,150.0,Breezy,Normal
2023-08-27,Tehran,Tehran,Iran,35.69,51.42,24.2,332.0,Breezy,Normal
2023-09-01,Tehran,Tehran,Iran,35.69,51.42,32.4,132.0,Breezy,Normal
2023-09-05,Tehran,Tehran,Iran,35.69,51.42,20.6,72.0,Breezy,Normal
2023-09-06,Tehran,Tehran,Iran,35.69,51.42,29.9,39.0,Breezy,Normal
2023-09-12,Tehran,Tehran,Iran,35.69,51.42,23.0,82.0,Breezy,Normal
2023-09-16,Tehran,Tehran,Iran,35.69,51.42,26.2,41.0,Breezy,Normal
2023-09-22,Tehran,Tehran,Iran,35.69,51.42,24.0,148.0,Breezy,Normal
2023-09-24,Tehran,Tehran,Iran,35.69,51.42,21.8,127.0,Breezy,Normal
2023-10-08,Tehran,Tehran,Iran,35.69,51.42,24.4,121.0,Breezy,Normal
2023-10-09,Tehran,Tehran,Iran,35.69,51.42,20.4,331.0,Breezy,Normal
2023-10-10,Tehran,Tehran,Iran,35.69,51.42,20.7,148.0,Breezy,Normal
2023-10-11,Tehran,Tehran,Iran,35.69,51.42,24.9,198.0,Breezy,Normal
2023-10-13,Tehran,Tehran,Iran,35.69,51.42,28.4,226.0,Breezy,Normal
2023-10-18,Tehran,Tehran,Iran,35.69,51.42,20.7,245.0,Breezy,Normal
2023-10-20,Tehran,Tehran,Iran,35.69,51.42,33.0,231.0,Breezy,Normal
2023-10-23,Tehran,Tehran,Iran,35.69,51.42,22.4,190.0,Breezy,Normal
2023-11-01,Tehran,Tehran,Iran,35.69,51.42,21.3,178.0,Breezy,Normal
2023-11-07,Tehran,Tehran,Iran,35.69,51.42,24.1,131.0,Breezy,Normal
2023-11-14,Tehran,Tehran,Iran,35.69,51.42,26.3,289.0,Breezy,Normal
2023-11-18,Tehran,Tehran,Iran,35.69,51.42,21.5,320.0,Breezy,Normal
2023-11-24,Tehran,Tehran,Iran,35.69,51.42,27.1,207.0,Breezy,Normal
2023-11-25,Tehran,Tehran,Iran,35.69,51.42,24.2,170.0,Breezy,Normal
2023-11-27,Tehran,Tehran,Iran,35.69,51.42,27.0,49.0,Breezy,Normal
2023-11-28,Tehran,Tehran,Iran,35.69,51.42,22.3,15.0,Breezy,Normal
2023-12-01,Tehran,Tehran,Iran,35.69,51.42,31.8,311.0,Breezy,Normal
2023-12-05,Tehran,Tehran,Iran,35.69,51.42,20.8,20.0,Breezy,Normal
2023-12-12,Tehran,Tehran,Iran,35.69,51.42,20.9,49.0,Breezy,Normal
2023-12-13,Tehran,Tehran,Iran,35.69,51.42,27.0,133.0,Breezy,Normal
2023-12-20,Tehran,Tehran,Iran,35.69,51.42,22.7,155.0,Breezy,Normal
2023-12-23,Tehran,Tehran,Iran,35.69,51.42,29.2,334.0,Breezy,Normal
2023-12-25,Tehran,Tehran,Iran,35.69,51.42,26.5,167.0,Breezy,Normal
2023-12-30,Tehran,Tehran,Iran,35.69,51.42,24.5,111.0,Breezy,Normal
2022-01-01,Mashhad,Mashhad,Iran,36.3,59.6,20.7,102.0,Breezy,Normal
2022-01-05,Mashhad,Mashhad,Iran,36.3,59.6,25.1,341.0,Breezy,Normal
2022-01-07,Mashhad,Mashhad,Iran,36.3,59.6,23.3,197.0,Breezy,Normal
2022-01-10,Mashhad,Mashhad,Iran,36.3,59.6,23.2,246.0,Breezy,Normal
2022-01-16,Mashhad,Mashhad,Iran,36.3,59.6,26.1,158.0,Breezy,Normal
2022-01-18,Mashhad,Mashhad,Iran,36.3,59.6,26.5,204.0,Breezy,Normal
2022-01-23,Mashhad,Mashhad,Iran,36.3,59.6,23.4,27.0,Breezy,Normal
2022-02-02,Mashhad,Mashhad,Iran,36.3,59.6,34.0,309.0,Breezy,Normal
2022-02-04,Mashhad,Mashhad,Iran,36.3,59.6,37.6,227.0,Breezy,Normal
2022-02-05,Mashhad,Mashhad,Iran,36.3,59.6,26.2,155.0,Breezy,Normal
2022-02-10,Mashhad,Mashhad,Iran,36.3,59.6,28.8,112.0,Breezy,Normal
2022-02-13,Mashhad,Mashhad,Iran,36.3,59.6,21.1,282.0,Breezy,Normal
2022-02-16,Mashhad,Mashhad,Iran,36.3,59.6,22.0,277.0,Breezy,Normal
2022-02-20,Mashhad,Mashhad,Iran,36.3,59.6,24.5,260.0,Breezy,Normal
2022-02-23,Mashhad,Mashhad,Iran,36.3,59.6,22.8,211.0,Breezy,Normal
2022-03-06,Mashhad,Mashhad,Iran,36.3,59.6,21.2,175.0,Breezy,Normal
2022-03-07,Mashhad,Mashhad,Iran,36.3,59.6,26.7,109.0,Breezy,Normal
2022-03-08,Mashhad,Mashhad,Iran,36.3,59.6,22.7,70.0,Breezy,Normal
2022-03-13,Mashhad,Mashhad,Iran,36.3,59.6,20.6,338.0,Breezy,Normal
2022-03-15,Mashhad,Mashhad,Iran,36.3,59.6,22.1,304.0,Breezy,Normal
2022-03-17,Mashhad,Mashhad,Iran,36.3,59.6,21.0,56.0,Breezy,Normal
2022-04-01,Mashhad,Mashhad,Iran,36.3,59.6,24.0,190.0,Breezy,Normal
2022-04-05,Mashhad,Mashhad,Iran,36.3,59.6,25.6,149.0,Breezy,Heatwave
2022-04-06,Mashhad,Mashhad,Iran,36.3,59.6,24.9,335.0,Breezy,Normal
2022-04-09,Mashhad,Mashhad,Iran,36.3,59.6,26.6,258.0,Breezy,Normal
2022-04-11,Mashhad,Mashhad,Iran,36.3,59.6,23.4,128.0,Breezy,Normal
2022-04-12,Mashhad,Mashhad,Iran,36.3,59.6,21.2,235.0,Breezy,Normal
2022-04-18,Mashhad,Mashhad,Iran,36.3,59.6,26.7,355.0,Breezy,Normal
2022-04-27,Mashhad,Mashhad,Iran,36.3,59.6,20.5,54.0,Breezy,Normal
2022-04-30,Mashhad,Mashhad,Iran,36.3,59.6,23.7,96.0,Breezy,Normal
2022-05-02,Mashhad,Mashhad,Iran,36.3,59.6,37.6,215.0,Breezy,Normal
2022-05-07,Mashhad,Mashhad,Iran,36.3,59.6,21.5,136.0,Breezy,Heatwave
2022-05-08,Mashhad,Mashhad,Iran,36.3,59.6,21.1,300.0,Breezy,Normal
2022-05-09,Mashhad,Mashhad,Iran,36.3,59.6,20.8,301.0,Breezy,Normal
2022-05-10,Mashhad,Mashhad,Iran,36.3,59.6,21.1,359.0,Breezy,Normal
2022-05-17,Mashhad,Mashhad,Iran,36.3,59.6,26.6,74.0,Breezy,Normal
2022-05-27,Mashhad,Mashhad,Iran,36.3,59.6,20.9,28.0,Breezy,Normal
2022-06-03,Mashhad,Mashhad,Iran,36.3,59.6,34.9,210.0,Breezy,Normal
2022-06-10,Mashhad,Mashhad,Iran,36.3,59.6,24.7,1.0,Breezy,Normal
2022-06-17,Mashhad,Mashhad,Iran,36.3,59.6,22.0,279.0,Breezy,Normal
2022-06-21,Mashhad,Mashhad,Iran,36.3,59.6,27.4,310.0,Breezy,Normal
2022-06-23,Mashhad,Mashhad,Iran,36.3,59.6,22.1,44.0,Breezy,Normal
2022-06-27,Mashhad,Mashhad,Iran,36.3,59.6,26.9,72.0,Breezy,Normal
2022-06-28,Mashhad,Mashhad,Iran,36.3,59.6,26.4,144.0,Breezy,Normal
2022-06-30,Mashhad,Mashhad,Iran,36.3,59.6,30.3,255.0,Breezy,Normal
2022-07-01,Mashhad,Mashhad,Iran,36.3,59.6,26.7,160.0,Breezy,Normal
2022-07-02,Mashhad,Mashhad,Iran,36.3,59.6,26.6,313.0,Breezy,Normal
2022-07-03,Mashhad,Mashhad,Iran,36.3,59.6,29.4,106.0,Breezy,Normal
2022-07-05,Mashhad,Mashhad,Iran,36.3,59.6,23.6,139.0,Breezy,Normal
2022-07-06,Mashhad,Mashhad,Iran,36.3,59.6,27.4,227.0,Breezy,Normal
2022-07-07,Mashhad,Mashhad,Iran,36.3,59.6,34.3,186.0,Breezy,Normal
2022-07-10,Mashhad,Mashhad,Iran,36.3,59.6,31.4,253.0,Breezy,Normal
2022-07-19,Mashhad,Mashhad,Iran,36.3,59.6,28.8,221.0,Breezy,Normal
2022-07-20,Mashhad,Mashhad,Iran,36.3,59.6,21.8,264.0,Breezy,Normal
2022-07-21,Mashhad,Mashhad,Iran,36.3,59.6,30.9,98.0,Breezy,Normal
2022-07-29,Mashhad,Mashhad,Iran,36.3,59.6,29.2,230.0,Breezy,Normal
2022-07-30,Mashhad,Mashhad,Iran,36.3,59.6,26.0,314.0,Breezy,Normal
2022-07-31,Mashhad,Mashhad,Iran,36.3,59.6,27.1,81.0,Breezy,Normal
2022-08-02,Mashhad,Mashhad,Iran,36.3,59.6,22.7,107.0,Breezy,Normal
2022-08-03,Mashhad,Mashhad,Iran,36.3,59.6,22.8,149.0,Breezy,Normal
2022-08-10,Mashhad,Mashhad,Iran,36.3,59.6,23.8,133.0,Breezy,Normal
2022-08-16,Mashhad,Mashhad,Iran,36.3,59.6,21.7,140.0,Breezy,Normal
2022-08-17,Mashhad,Mashhad,Iran,36.3,59.6,27.8,67.0,Breezy,Normal
2022-08-20,Mashhad,Mashhad,Iran,36.3,59.6,21.5,276.0,Breezy,Normal
2022-08-30,Mashhad,Mashhad,Iran,36.3,59.6,24.2,355.0,Breezy,Normal
2022-08-31,Mashhad,Mashhad,Iran,36.3,59.6,26.9,233.0,Breezy,Normal
2022-09-07,Mashhad,Mashhad,Iran,36.3,59.6,22.3,5.0,Breezy,Normal
2022-09-08,Mashhad,Mashhad,Iran,36.3,59.6,22.1,41.0,Breezy,Normal
2022-09-11,Mashhad,Mashhad,Iran,36.3,59.6,29.4,13.0,Breezy,Normal
2022-09-24,Mashhad,Mashhad,Iran,36.3,59.6,22.5,100.0,Breezy,Normal
2022-09-26,Mashhad,Mashhad,Iran,36.3,59.6,40.4,317.0,Windy,Normal
2022-09-30,Mashhad,Mashhad,Iran,36.3,59.6,26.5,226.0,Breezy,Normal
2022-10-09,Mashhad,Mashhad,Iran,36.3,59.6,25.2,67.0,Breezy,Normal
2022-10-12,Mashhad,Mashhad,Iran,36.3,59.6,21.7,352.0,Breezy,Normal
2022-10-15,Mashhad,Mashhad,Iran,36.3,59.6,21.0,18.0,Breezy,Normal
2022-10-22,Mashhad,Mashhad,Iran,36.3,59.6,30.1,347.0,Breezy,Normal
2022-10-24,Mashhad,Mashhad,Iran,36.3,59.6,27.5,187.0,Breezy,Normal
2022-10-27,Mashhad,Mashhad,Iran,36.3,59.6,24.7,57.0,Breezy,Normal
2022-10-28,Mashhad,Mashhad,Iran,36.3,59.6,21.6,210.0,Breezy,Normal
2022-11-01,Mashhad,Mashhad,Iran,36.3,59.6,24.4,248.0,Breezy,Normal
2022-11-11,Mashhad,Mashhad,Iran,36.3,59.6,26.1,190.0,Breezy,Normal
2022-11-23,Mashhad,Mashhad,Iran,36.3,59.6,31.0,262.0,Breezy,Normal
2022-11-26,Mashhad,Mashhad,Iran,36.3,59.6,20.8,213.0,Breezy,Normal
2022-11-27,Mashhad,Mashhad,Iran,36.3,59.6,24.5,114.0,Breezy,Normal
2022-11-29,Mashhad,Mashhad,Iran,36.3,59.6,22.7,6.0,Breezy,Normal
2022-12-01,Mashhad,Mashhad,Iran,36.3,59.6,23.5,54.0,Breezy,Normal
2022-12-08,Mashhad,Mashhad,Iran,36.3,59.6,20.7,314.0,Breezy,Normal
2022-12-13,Mashhad,Mashhad,Iran,36.3,59.6,23.6,249.0,Breezy,Normal
2022-12-15,Mashhad,Mashhad,Iran,36.3,59.6,25.2,118.0,Breezy,Normal
2023-01-13,Mashhad,Mashhad,Iran,36.3,59.6,21.2,145.0,Breezy,Normal
2023-01-14,Mashhad,Mashhad,Iran,36.3,59.6,21.3,219.0,Breezy,Normal
2023-01-16,Mashhad,Mashhad,Iran,36.3,59.6,25.8,50.0,Breezy,Normal
2023-01-17,Mashhad,Mashhad,Iran,36.3,59.6,22.0,147.0,Breezy,Normal
2023-01-18,Mashhad,Mashhad,Iran,36.3,59.6,24.9,90.0,Breezy,Normal
2023-01-30,Mashhad,Mashhad,Iran,36.3,59.6,23.7,235.0,Breezy,Normal
2023-02-05,Mashhad,Mashhad,Iran,36.3,59.6,22.3,81.0,Breezy,Normal
2023-02-07,Mashhad,Mashhad,Iran,36.3,59.6,27.7,222.0,Breezy,Normal
2023-02-10,Mashhad,Mashhad,Iran,36.3,59.6,21.4,23.0,Breezy,Normal
2023-02-15,Mashhad,Mashhad,Iran,36.3,59.6,27.9,92.0,Breezy,Normal
2023-02-17,Mashhad,Mashhad,Iran,36.3,59.6,21.6,260.0,Breezy,Normal
2023-02-22,Mashhad,Mashhad,Iran,36.3,59.6,29.1,304.0,Breezy,Normal
2023-02-27,Mashhad,Mashhad,Iran,36.3,59.6,32.8,178.0,Breezy,Normal
2023-02-28,Mashhad,Mashhad,Iran,36.3,59.6,20.8,87.0,Breezy,Normal
2023-03-11,Mashhad,Mashhad,Iran,36.3,59.6,23.8,148.0,Breezy,Normal
2023-03-23,Mashhad,Mashhad,Iran,36.3,59.6,27.7,218.0,Breezy,Normal
2023-03-24,Mashhad,Mashhad,Iran,36.3,59.6,29.9,339.0,Breezy,Heatwave
2023-04-10,Mashhad,Mashhad,Iran,36.3,59.6,22.9,301.0,Breezy,Heatwave
2023-04-12,Mashhad,Mashhad,Iran,36.3,59.6,26.8,9.0,Breezy,Normal
2023-04-24,Mashhad,Mashhad,Iran,36.3,59.6,24.4,49.0,Breezy,Normal
2023-04-26,Mashhad,Mashhad,Iran,36.3,59.6,27.0,221.0,Breezy,Normal
2023-04-27,Mashhad,Mashhad,Iran,36.3,59.6,29.1,224.0,Breezy,Normal
2023-05-10,Mashhad,Mashhad,Iran,36.3,59.6,23.9,254.0,Breezy,Normal
2023-05-11,Mashhad,Mashhad,Iran,36.3,59.6,21.4,77.0,Breezy,Heatwave
2023-05-18,Mashhad,Mashhad,Iran,36.3,59.6,20.2,201.0,Breezy,Normal
2023-05-19,Mashhad,Mashhad,Iran,36.3,59.6,21.2,215.0,Breezy,Normal
2023-05-20,Mashhad,Mashhad,Iran,36.3,59.6,36.4,0.0,Breezy,Normal
2023-05-24,Mashhad,Mashhad,Iran,36.3,59.6,28.7,123.0,Breezy,Normal
2023-06-01,Mashhad,Mashhad,Iran,36.3,59.6,40.5,211.0,Windy,Normal
2023-06-04,Mashhad,Mashhad,Iran,36.3,59.6,36.2,360.0,Breezy,Normal
2023-06-06,Mashhad,Mashhad,Iran,36.3,59.6,27.3,184.0,Breezy,Normal
2023-06-09,Mashhad,Mashhad,Iran,36.3,59.6,31.8,116.0,Breezy,Heatwave
2023-06-10,Mashhad,Mashhad,Iran,36.3,59.6,23.8,155.0,Breezy,Normal
2023-06-12,Mashhad,Mashhad,Iran,36.3,59.6,23.4,332.0,Breezy,Normal
2023-06-14,Mashhad,Mashhad,Iran,36.3,59.6,22.0,308.0,Breezy,Normal
2023-06-17,Mashhad,Mashhad,Iran,36.3,59.6,31.1,46.0,Breezy,Normal
2023-06-25,Mashhad,Mashhad,Iran,36.3,59.6,24.3,258.0,Breezy,Normal
2023-06-26,Mashhad,Mashhad,Iran,36.3,59.6,26.9,8.0,Breezy,Normal
2023-06-30,Mashhad,Mashhad,Iran,36.3,59.6,30.8,219.0,Breezy,Normal
2023-07-02,Mashhad,Mashhad,Iran,36.3,59.6,22.5,18.0,Breezy,Normal
2023-07-08,Mashhad,Mashhad,Iran,36.3,59.6,24.8,131.0,Breezy,Normal
2023-07-09,Mashhad,Mashhad,Iran,36.3,59.6,21.0,341.0,Breezy,Normal
2023-07-12,Mashhad,Mashhad,Iran,36.3,59.6,25.1,27.0,Breezy,Normal
2023-07-15,Mashhad,Mashhad,Iran,36.3,59.6,38.3,220.0,Breezy,Normal
2023-07-25,Mashhad,Mashhad,Iran,36.3,59.6,25.0,168.0,Breezy,Normal
2023-07-31,Mashhad,Mashhad,Iran,36.3,59.6,34.6,38.0,Breezy,Normal
2023-08-05,Mashhad,Mashhad,Iran,36.3,59.6,25.0,353.0,Breezy,Normal
2023-08-06,Mashhad,Mashhad,Iran,36.3,59.6,20.9,306.0,Breezy,Normal
2023-08-09,Mashhad,Mashhad,Iran,36.3,59.6,22.0,199.0,Breezy,Normal
2023-08-13,Mashhad,Mashhad,Iran,36.3,59.6,20.9,290.0,Breezy,Normal
2023-08-14,Mashhad,Mashhad,Iran,36.3,59.6,32.7,350.0,Breezy,Normal
2023-08-22,Mashhad,Mashhad,Iran,36.3,59.6,25.2,333.0,Breezy,Normal
2023-08-23,Mashhad,Mashhad,Iran,36.3,59.6,22.7,323.0,Breezy,Normal
2023-08-28,Mashhad,Mashhad,Iran,36.3,59.6,24.0,154.0,Breezy,Normal
2023-08-31,Mashhad,Mashhad,Iran,36.3,59.6,27.9,162.0,Breezy,Normal
2023-09-04,Mashhad,Mashhad,Iran,36.3,59.6,29.5,213.0,Breezy,Normal
2023-09-06,Mashhad,Mashhad,Iran,36.3,59.6,24.4,200.0,Breezy,Normal
2023-09-07,Mashhad,Mashhad,Iran,36.3,59.6,27.2,103.0,Breezy,Normal
2023-09-09,Mashhad,Mashhad,Iran,36.3,59.6,20.4,37.0,Breezy,Normal
2023-09-11,Mashhad,Mashhad,Iran,36.3,59.6,28.6,316.0,Breezy,Normal
2023-09-12,Mashhad,Mashhad,Iran,36.3,59.6,25.3,62.0,Breezy,Normal
2023-09-15,Mashhad,Mashhad,Iran,36.3,59.6,21.9,304.0,Breezy,Normal
2023-09-17,Mashhad,Mashhad,Iran,36.3,59.6,29.1,79.0,Breezy,Normal
2023-09-22,Mashhad,Mashhad,Iran,36.3,59.6,29.4,58.0,Breezy,Normal
2023-09-24,Mashhad,Mashhad,Iran,36.3,59.6,29.8,343.0,Breezy,Normal
2023-10-03,Mashhad,Mashhad,Iran,36.3,59.6,28.8,265.0,Breezy,Normal
2023-10-09,Mashhad,Mashhad,Iran,36.3,59.6,20.4,115.0,Breezy,Normal
2023-10-23,Mashhad,Mashhad,Iran,36.3,59.6,23.8,207.0,Breezy,Normal
2023-10-28,Mashhad,Mashhad,Iran,36.3,59.6,21.7,57.0,Breezy,Normal
2023-11-07,Mashhad,Mashhad,Iran,36.3,59.6,22.2,220.0,Breezy,Normal
2023-11-11,Mashhad,Mashhad,Iran,36.3,59.6,25.3,40.0,Breezy,Normal
2023-11-14,Mashhad,Mashhad,Iran,36.3,59.6,20.6,236.0,Breezy,Normal
2023-11-18,Mashhad,Mashhad,Iran,36.3,59.6,20.9,254.0,Breezy,Normal
2023-11-19,Mashhad,Mashhad,Iran,36.3,59.6,25.7,95.0,Breezy,Normal
2023-11-22,Mashhad,Mashhad,Iran,36.3,59.6,24.6,171.0,Breezy,Normal
2023-12-02,Mashhad,Mashhad,Iran,36.3,59.6,26.3,182.0,Breezy,Normal
2023-12-05,Mashhad,Mashhad,Iran,36.3,59.6,38.6,183.0,Breezy,Normal
2023-12-06,Mashhad,Mashhad,Iran,36.3,59.6,21.3,37.0,Breezy,Normal
2023-12-09,Mashhad,Mashhad,Iran,36.3,59.6,24.3,291.0,Breezy,Normal
2023-12-11,Mashhad,Mashhad,Iran,36.3,59.6,23.6,282.0,Breezy,Normal
2023-12-12,Mashhad,Mashhad,Iran,36.3,59.6,22.2,126.0,Breezy,Normal
2023-12-13,Mashhad,Mashhad,Iran,36.3,59.6,22.6,109.0,Breezy,Normal
2023-12-19,Mashhad,Mashhad,Iran,36.3,59.6,24.0,163.0,Breezy,Normal
2023-12-20,Mashhad,Mashhad,Iran,36.3,59.6,25.3,264.0,Breezy,Normal
2023-12-22,Mashhad,Mashhad,Iran,36.3,59.6,24.3,110.0,Breezy,Normal
2023-12-23,Mashhad,Mashhad,Iran,36.3,59.6,22.6,295.0,Breezy,Normal
2022-01-02,Zahedan,Zahedan,Iran,29.5,60.86,22.5,10.0,Breezy,Normal
2022-01-04,Zahedan,Zahedan,Iran,29.5,60.86,29.1,78.0,Breezy,Normal
2022-01-07,Zahedan,Zahedan,Iran,29.5,60.86,31.7,71.0,Breezy,Normal
2022-01-08,Zahedan,Zahedan,Iran,29.5,60.86,22.6,152.0,Breezy,Normal
2022-01-09,Zahedan,Zahedan,Iran,29.5,60.86,30.5,115.0,Breezy,Normal
2022-01-12,Zahedan,Zahedan,Iran,29.5,60.86,24.6,316.0,Breezy,Normal
2022-01-15,Zahedan,Zahedan,Iran,29.5,60.86,30.2,112.0,Breezy,Normal
2022-01-20,Zahedan,Zahedan,Iran,29.5,60.86,33.8,71.0,Breezy,Normal
2022-01-22,Zahedan,Zahedan,Iran,29.5,60.86,20.6,314.0,Breezy,Normal
2022-01-25,Zahedan,Zahedan,Iran,29.5,60.86,33.8,324.0,Breezy,Normal
2022-01-28,Zahedan,Zahedan,Iran,29.5,60.86,28.0,214.0,Breezy,Normal
2022-01-29,Zahedan,Zahedan,Iran,29.5,60.86,35.7,243.0,Breezy,Normal
2022-01-31,Zahedan,Zahedan,Iran,29.5,60.86,21.8,283.0,Breezy,Normal
2022-02-02,Zahedan,Zahedan,Iran,29.5,60.86,20.2,355.0,Breezy,Normal
2022-02-08,Zahedan,Zahedan,Iran,29.5,60.86,30.3,244.0,Breezy,Normal
2022-02-10,Zahedan,Zahedan,Iran,29.5,60.86,27.7,335.0,Breezy,Normal
2022-02-12,Zahedan,Zahedan,Iran,29.5,60.86,22.6,53.0,Breezy,Normal
2022-02-13,Zahedan,Zahedan,Iran,29.5,60.86,20.7,234.0,Breezy,Normal
2022-02-14,Zahedan,Zahedan,Iran,29.5,60.86,26.4,72.0,Breezy,Normal
2022-02-15,Zahedan,Zahedan,Iran,29.5,60.86,20.4,187.0,Breezy,Normal
2022-02-19,Zahedan,Zahedan,Iran,29.5,60.86,35.4,33.0,Breezy,Normal
2022-02-20,Zahedan,Zahedan,Iran,29.5,60.86,34.8,68.0,Breezy,Heatwave
2022-02-21,Zahedan,Zahedan,Iran,29.5,60.86,26.6,27.0,Breezy,Normal
2022-02-22,Zahedan,Zahedan,Iran,29.5,60.86,30.8,112.0,Breezy,Normal
2022-02-24,Zahedan,Zahedan,Iran,29.5,60.86,31.7,316.0,Breezy,Normal
2022-02-25,Zahedan,Zahedan,Iran,29.5,60.86,30.1,359.0,Breezy,Normal
2022-02-27,Zahedan,Zahedan,Iran,29.5,60.86,28.2,202.0,Breezy,Normal
2022-03-06,Zahedan,Zahedan,Iran,29.5,60.86,26.0,153.0,Breezy,Normal
2022-03-09,Zahedan,Zahedan,Iran,29.5,60.86,30.8,82.0,Breezy,Normal
2022-03-10,Zahedan,Zahedan,Iran,29.5,60.86,27.4,129.0,Breezy,Heatwave
2022-03-11,Zahedan,Zahedan,Iran,29.5,60.86,32.6,35.0,Breezy,Normal
2022-03-14,Zahedan,Zahedan,Iran,29.5,60.86,30.6,184.0,Breezy,Normal
2022-03-15,Zahedan,Zahedan,Iran,29.5,60.86,22.4,28.0,Breezy,Heatwave
2022-03-17,Zahedan,Zahedan,Iran,29.5,60.86,45.3,280.0,Windy,Normal
2022-03-19,Zahedan,Zahedan,Iran,29.5,60.86,27.1,111.0,Breezy,Normal
2022-03-20,Zahedan,Zahedan,Iran,29.5,60.86,22.7,82.0,Breezy,Normal
2022-03-22,Zahedan,Zahedan,Iran,29.5,60.86,25.1,316.0,Breezy,Heatwave
2022-03-26,Zahedan,Zahedan,Iran,29.5,60.86,35.9,22.0,Breezy,Heatwave
2022-03-29,Zahedan,Zahedan,Iran,29.5,60.86,32.1,208.0,Breezy,Heatwave
2022-03-31,Zahedan,Zahedan,Iran,29.5,60.86,22.1,85.0,Breezy,Normal
2022-04-02,Zahedan,Zahedan,Iran,29.5,60.86,28.1,253.0,Breezy,Heatwave
2022-04-05,Zahedan,Zahedan,Iran,29.5,60.86,20.1,350.0,Breezy,Heatwave
2022-04-08,Zahedan,Zahedan,Iran,29.5,60.86,32.8,302.0,Breezy,Heatwave
2022-04-13,Zahedan,Zahedan,Iran,29.5,60.86,31.8,317.0,Breezy,Normal
2022-04-14,Zahedan,Zahedan,Iran,29.5,60.86,32.4,110.0,Breezy,Normal
2022-04-15,Zahedan,Zahedan,Iran,29.5,60.86,27.3,279.0,Breezy,Heatwave
2022-04-17,Zahedan,Zahedan,Iran,29.5,60.86,28.5,77.0,Breezy,Heatwave
2022-04-24,Zahedan,Zahedan,Iran,29.5,60.86,21.3,224.0,Breezy,Normal
2022-04-25,Zahedan,Zahedan,Iran,29.5,60.86,22.2,203.0,Breezy,Heatwave
2022-04-26,Zahedan,Zahedan,Iran,29.5,60.86,27.3,211.0,Breezy,Normal
2022-04-27,Zahedan,Zahedan,Iran,29.5,60.86,20.4,27.0,Breezy,Normal
2022-05-03,Zahedan,Zahedan,Iran,29.5,60.86,33.3,130.0,Breezy,Heatwave
2022-05-04,Zahedan,Zahedan,Iran,29.5,60.86,24.8,322.0,Breezy,Normal
2022-05-06,Zahedan,Zahedan,Iran,29.5,60.86,48.0,166.0,Windy,Normal
2022-05-07,Zahedan,Zahedan,Iran,29.5,60.86,32.1,157.0,Breezy,Heatwave
2022-05-12,Zahedan,Zahedan,Iran,29.5,60.86,43.6,44.0,Windy,Heatwave
2022-05-13,Zahedan,Zahedan,Iran,29.5,60.86,34.4,125.0,Breezy,Normal
2022-05-18,Zahedan,Zahedan,Iran,29.5,60.86,31.8,74.0,Breezy,Normal
2022-05-21,Zahedan,Zahedan,Iran,29.5,60.86,22.8,340.0,Breezy,Normal
2022-05-23,Zahedan,Zahedan,Iran,29.5,60.86,37.2,146.0,Breezy,Normal
2022-05-25,Zahedan,Zahedan,Iran,29.5,60.86,27.3,97.0,Breezy,Normal
2022-05-26,Zahedan,Zahedan,Iran,29.5,60.86,20.4,95.0,Breezy,Normal
2022-05-27,Zahedan,Zahedan,Iran,29.5,60.86,43.5,166.0,Windy,Heatwave
2022-05-29,Zahedan,Zahedan,Iran,29.5,60.86,37.8,82.0,Breezy,Heatwave
2022-06-01,Zahedan,Zahedan,Iran,29.5,60.86,30.1,297.0,Breezy,Normal
2022-06-02,Zahedan,Zahedan,Iran,29.5,60.86,22.8,266.0,Breezy,Normal
2022-06-03,Zahedan,Zahedan,Iran,29.5,60.86,34.9,136.0,Breezy,Normal
2022-06-04,Zahedan,Zahedan,Iran,29.5,60.86,21.0,102.0,Breezy,Normal
2022-06-06,Zahedan,Zahedan,Iran,29.5,60.86,20.9,177.0,Breezy,Normal
2022-06-09,Zahedan,Zahedan,Iran,29.5,60.86,21.3,218.0,Breezy,Normal
2022-06-13,Zahedan,Zahedan,Iran,29.5,60.86,25.2,254.0,Breezy,Normal
2022-06-14,Zahedan,Zahedan,Iran,29.5,60.86,22.1,360.0,Breezy,Normal
2022-06-15,Zahedan,Zahedan,Iran,29.5,60.86,29.7,36.0,Breezy,Normal
2022-06-17,Zahedan,Zahedan,Iran,29.5,60.86,40.0,57.0,Breezy,Normal
2022-06-23,Zahedan,Zahedan,Iran,29.5,60.86,22.2,188.0,Breezy,Normal
2022-06-24,Zahedan,Zahedan,Iran,29.5,60.86,26.1,135.0,Breezy,Normal
2022-06-25,Zahedan,Zahedan,Iran,29.5,60.86,21.1,1.0,Breezy,Normal
2022-07-03,Zahedan,Zahedan,Iran,29.5,60.86,22.0,27.0,Breezy,Normal
2022-07-04,Zahedan,Zahedan,Iran,29.5,60.86,25.3,238.0,Breezy,Normal
2022-07-05,Zahedan,Zahedan,Iran,29.5,60.86,20.7,166.0,Breezy,Normal
2022-07-07,Zahedan,Zahedan,Iran,29.5,60.86,27.4,311.0,Breezy,Normal
2022-07-09,Zahedan,Zahedan,Iran,29.5,60.86,25.6,5.0,Breezy,Normal
2022-07-10,Zahedan,Zahedan,Iran,29.5,60.86,40.6,38.0,Windy,Normal
2022-07-15,Zahedan,Zahedan,Iran,29.5,60.86,40.2,67.0,Windy,Normal
2022-07-17,Zahedan,Zahedan,Iran,29.5,60.86,22.1,244.0,Breezy,Normal
2022-07-20,Zahedan,Zahedan,Iran,29.5,60.86,26.2,198.0,Breezy,Normal
2022-07-21,Zahedan,Zahedan,Iran,29.5,60.86,28.1,340.0,Breezy,Normal
2022-07-22,Zahedan,Zahedan,Iran,29.5,60.86,28.1,322.0,Breezy,Normal
2022-07-24,Zahedan,Zahedan,Iran,29.5,60.86,22.4,307.0,Breezy,Normal
2022-07-27,Zahedan,Zahedan,Iran,29.5,60.86,31.4,29.0,Breezy,Normal
2022-07-29,Zahedan,Zahedan,Iran,29.5,60.86,30.0,153.0,Breezy,Normal
2022-08-05,Zahedan,Zahedan,Iran,29.5,60.86,20.4,271.0,Breezy,Normal
2022-08-06,Zahedan,Zahedan,Iran,29.5,60.86,20.4,74.0,Breezy,Normal
2022-08-09,Zahedan,Zahedan,Iran,29.5,60.86,32.7,43.0,Breezy,Normal
2022-08-12,Zahedan,Zahedan,Iran,29.5,60.86,21.4,271.0,Breezy,Normal
2022-08-13,Zahedan,Zahedan,Iran,29.5,60.86,24.5,343.0,Breezy,Normal
2022-08-16,Zahedan,Zahedan,Iran,29.5,60.86,25.6,294.0,Breezy,Normal
2022-08-19,Zahedan,Zahedan,Iran,29.5,60.86,29.3,2.0,Breezy,Normal
2022-08-26,Zahedan,Zahedan,Iran,29.5,60.86,27.0,208.0,Breezy,Normal
2022-08-27,Zahedan,Zahedan,Iran,29.5,60.86,31.9,223.0,Breezy,Normal
2022-08-31,Zahedan,Zahedan,Iran,29.5,60.86,28.0,345.0,Breezy,Normal
2022-09-05,Zahedan,Zahedan,Iran,29.5,60.86,20.2,136.0,Breezy,Normal
2022-09-07,Zahedan,Zahedan,Iran,29.5,60.86,31.9,142.0,Breezy,Normal
2022-09-11,Zahedan,Zahedan,Iran,29.5,60.86,25.7,228.0,Breezy,Normal
2022-09-13,Zahedan,Zahedan,Iran,29.5,60.86,33.5,297.0,Breezy,Normal
2022-09-14,Zahedan,Zahedan,Iran,29.5,60.86,24.8,260.0,Breezy,Normal
2022-09-16,Zahedan,Zahedan,Iran,29.5,60.86,26.8,59.0,Breezy,Normal
2022-09-18,Zahedan,Zahedan,Iran,29.5,60.86,28.5,121.0,Breezy,Normal
2022-09-19,Zahedan,Zahedan,Iran,29.5,60.86,35.3,303.0,Breezy,Normal
2022-09-23,Zahedan,Zahedan,Iran,29.5,60.86,30.4,165.0,Breezy,Normal
2022-10-01,Zahedan,Zahedan,Iran,29.5,60.86,25.8,146.0,Breezy,Normal
2022-10-02,Zahedan,Zahedan,Iran,29.5,60.86,24.8,337.0,Breezy,Normal
2022-10-04,Zahedan,Zahedan,Iran,29.5,60.86,28.2,124.0,Breezy,Normal
2022-10-05,Zahedan,Zahedan,Iran,29.5,60.86,29.3,179.0,Breezy,Normal
2022-10-07,Zahedan,Zahedan,Iran,29.5,60.86,32.0,2.0,Breezy,Normal
2022-10-08,Zahedan,Zahedan,Iran,29.5,60.86,25.8,129.0,Breezy,Normal
2022-10-10,Zahedan,Zahedan,Iran,29.5,60.86,35.2,115.0,Breezy,Normal
2022-10-12,Zahedan,Zahedan,Iran,29.5,60.86,27.5,236.0,Breezy,Normal
2022-10-17,Zahedan,Zahedan,Iran,29.5,60.86,20.5,30.0,Breezy,Normal
2022-10-18,Zahedan,Zahedan,Iran,29.5,60.86,22.1,200.0,Breezy,Normal
2022-10-19,Zahedan,Zahedan,Iran,29.5,60.86,26.4,260.0,Breezy,Normal
2022-10-22,Zahedan,Zahedan,Iran,29.5,60.86,27.1,327.0,Breezy,Normal
2022-10-24,Zahedan,Zahedan,Iran,29.5,60.86,20.4,30.0,Breezy,Normal
2022-10-27,Zahedan,Zahedan,Iran,29.5,60.86,24.4,345.0,Breezy,Normal
2022-10-29,Zahedan,Zahedan,Iran,29.5,60.86,24.5,227.0,Breezy,Normal
2022-10-30,Zahedan,Zahedan,Iran,29.5,60.86,28.3,148.0,Breezy,Normal
2022-11-01,Zahedan,Zahedan,Iran,29.5,60.86,30.7,162.0,Breezy,Normal
2022-11-02,Zahedan,Zahedan,Iran,29.5,60.86,41.8,356.0,Windy,Normal
2022-11-03,Zahedan,Zahedan,Iran,29.5,60.86,31.4,206.0,Breezy,Normal
2022-11-05,Zahedan,Zahedan,Iran,29.5,60.86,28.8,118.0,Breezy,Normal
2022-11-06,Zahedan,Zahedan,Iran,29.5,60.86,24.8,292.0,Breezy,Normal
2022-11-07,Zahedan,Zahedan,Iran,29.5,60.86,26.8,220.0,Breezy,Normal
2022-11-09,Zahedan,Zahedan,Iran,29.5,60.86,24.9,278.0,Breezy,Normal
2022-11-11,Zahedan,Zahedan,Iran,29.5,60.86,26.0,104.0,Breezy,Normal
2022-11-13,Zahedan,Zahedan,Iran,29.5,60.86,21.0,330.0,Breezy,Normal
2022-11-16,Zahedan,Zahedan,Iran,29.5,60.86,29.2,317.0,Breezy,Normal
2022-11-24,Zahedan,Zahedan,Iran,29.5,60.86,30.2,24.0,Breezy,Normal
2022-11-27,Zahedan,Zahedan,Iran,29.5,60.86,30.1,114.0,Breezy,Normal
2022-12-04,Zahedan,Zahedan,Iran,29.5,60.86,23.7,30.0,Breezy,Normal
2022-12-08,Zahedan,Zahedan,Iran,29.5,60.86,33.2,280.0,Breezy,Normal
2022-12-10,Zahedan,Zahedan,Iran,29.5,60.86,31.0,319.0,Breezy,Normal
2022-12-12,Zahedan,Zahedan,Iran,29.5,60.86,24.7,20.0,Breezy,Normal
2022-12-13,Zahedan,Zahedan,Iran,29.5,60.86,45.0,205.0,Windy,Normal
2022-12-16,Zahedan,Zahedan,Iran,29.5,60.86,35.6,328.0,Breezy,Normal
2022-12-17,Zahedan,Zahedan,Iran,29.5,60.86,39.3,40.0,Breezy,Normal
2022-12-20,Zahedan,Zahedan,Iran,29.5,60.86,26.0,19.0,Breezy,Normal
2022-12-22,Zahedan,Zahedan,Iran,29.5,60.86,36.4,246.0,Breezy,Normal
2022-12-23,Zahedan,Zahedan,Iran,29.5,60.86,35.0,340.0,Breezy,Normal
2022-12-26,Zahedan,Zahedan,Iran,29.5,60.86,24.6,267.0,Breezy,Normal
2022-12-28,Zahedan,Zahedan,Iran,29.5,60.86,38.1,4.0,Breezy,Normal
2022-12-29,Zahedan,Zahedan,Iran,29.5,60.86,22.5,293.0,Breezy,Normal
2022-12-30,Zahedan,Zahedan,Iran,29.5,60.86,38.3,151.0,Breezy,Normal
2023-01-02,Zahedan,Zahedan,Iran,29.5,60.86,25.8,337.0,Breezy,Normal
2023-01-03,Zahedan,Zahedan,Iran,29.5,60.86,34.6,233.0,Breezy,Normal
2023-01-06,Zahedan,Zahedan,Iran,29.5,60.86,31.5,64.0,Breezy,Normal
2023-01-07,Zahedan,Zahedan,Iran,29.5,60.86,25.5,149.0,Breezy,Normal
2023-01-09,Zahedan,Zahedan,Iran,29.5,60.86,34.0,136.0,Breezy,Normal
2023-01-11,Zahedan,Zahedan,Iran,29.5,60.86,32.6,299.0,Breezy,Normal
2023-01-17,Zahedan,Zahedan,Iran,29.5,60.86,23.3,13.0,Breezy,Normal
2023-01-21,Zahedan,Zahedan,Iran,29.5,60.86,23.5,116.0,Breezy,Normal
2023-01-26,Zahedan,Zahedan,Iran,29.5,60.86,25.3,2.0,Breezy,Normal
2023-01-27,Zahedan,Zahedan,Iran,29.5,60.86,22.5,125.0,Breezy,Normal
2023-02-03,Zahedan,Zahedan,Iran,29.5,60.86,21.6,176.0,Breezy,Normal
2023-02-06,Zahedan,Zahedan,Iran,29.5,60.86,23.6,137.0,Breezy,Normal
2023-02-07,Zahedan,Zahedan,Iran,29.5,60.86,32.9,336.0,Breezy,Normal
2023-02-14,Zahedan,Zahedan,Iran,29.5,60.86,28.9,264.0,Breezy,Normal
2023-02-15,Zahedan,Zahedan,Iran,29.5,60.86,27.3,61.0,Breezy,Normal
2023-02-17,Zahedan,Zahedan,Iran,29.5,60.86,28.5,86.0,Breezy,Normal
2023-02-19,Zahedan,Zahedan,Iran,29.5,60.86,28.0,155.0,Breezy,Normal
2023-02-20,Zahedan,Zahedan,Iran,29.5,60.86,25.3,335.0,Breezy,Normal
2023-02-24,Zahedan,Zahedan,Iran,29.5,60.86,33.1,312.0,Breezy,Normal
2023-02-27,Zahedan,Zahedan,Iran,29.5,60.86,29.6,41.0,Breezy,Normal
2023-03-02,Zahedan,Zahedan,Iran,29.5,60.86,39.5,214.0,Breezy,Normal
2023-03-03,Zahedan,Zahedan,Iran,29.5,60.86,25.6,232.0,Breezy,Normal
2023-03-06,Zahedan,Zahedan,Iran,29.5,60.86,20.5,191.0,Breezy,Heatwave
2023-03-07,Zahedan,Zahedan,Iran,29.5,60.86,33.0,258.0,Breezy,Normal
2023-03-08,Zahedan,Zahedan,Iran,29.5,60.86,22.0,291.0,Breezy,Normal
2023-03-09,Zahedan,Zahedan,Iran,29.5,60.86,33.6,349.0,Breezy,Normal
2023-03-10,Zahedan,Zahedan,Iran,29.5,60.86,23.7,315.0,Breezy,Heatwave
2023-03-12,Zahedan,Zahedan,Iran,29.5,60.86,24.5,228.0,Breezy,Normal
2023-03-13,Zahedan,Zahedan,Iran,29.5,60.86,23.8,186.0,Breezy,Normal
2023-03-15,Zahedan,Zahedan,Iran,29.5,60.86,37.3,227.0,Breezy,Normal
2023-03-16,Zahedan,Zahedan,Iran,29.5,60.86,32.5,137.0,Breezy,Heatwave
2023-03-21,Zahedan,Zahedan,Iran,29.5,60.86,20.5,312.0,Breezy,Normal
2023-03-24,Zahedan,Zahedan,Iran,29.5,60.86,25.9,315.0,Breezy,Heatwave
2023-03-27,Zahedan,Zahedan,Iran,29.5,60.86,27.2,320.0,Breezy,Heatwave
2023-03-29,Zahedan,Zahedan,Iran,29.5,60.86,28.3,290.0,Breezy,Normal
2023-04-03,Zahedan,Zahedan,Iran,29.5,60.86,37.5,359.0,Breezy,Heatwave
2023-04-04,Zahedan,Zahedan,Iran,29.5,60.86,29.1,275.0,Breezy,Heatwave
2023-04-10,Zahedan,Zahedan,Iran,29.5,60.86,25.8,191.0,Breezy,Heatwave
2023-04-13,Zahedan,Zahedan,Iran,29.5,60.86,25.7,63.0,Breezy,Heatwave
2023-04-16,Zahedan,Zahedan,Iran,29.5,60.86,27.4,220.0,Breezy,Normal
2023-04-22,Zahedan,Zahedan,Iran,29.5,60.86,24.7,159.0,Breezy,Heatwave
2023-04-23,Zahedan,Zahedan,Iran,29.5,60.86,24.2,177.0,Breezy,Normal
2023-04-24,Zahedan,Zahedan,Iran,29.5,60.86,22.5,340.0,Breezy,Heatwave
2023-04-25,Zahedan,Zahedan,Iran,29.5,60.86,32.9,6.0,Breezy,Normal
2023-04-27,Zahedan,Zahedan,Iran,29.5,60.86,21.8,49.0,Breezy,Heatwave
2023-04-28,Zahedan,Zahedan,Iran,29.5,60.86,33.7,57.0,Breezy,Heatwave
2023-04-30,Zahedan,Zahedan,Iran,29.5,60.86,23.2,188.0,Breezy,Heatwave
2023-05-01,Zahedan,Zahedan,Iran,29.5,60.86,22.6,283.0,Breezy,Heatwave
2023-05-09,Zahedan,Zahedan,Iran,29.5,60.86,32.5,44.0,Breezy,Normal
2023-05-10,Zahedan,Zahedan,Iran,29.5,60.86,47.1,30.0,Windy,Normal
2023-05-12,Zahedan,Zahedan,Iran,29.5,60.86,25.3,34.0,Breezy,Heatwave
2023-05-13,Zahedan,Zahedan,Iran,29.5,60.86,24.2,5.0,Breezy,Heatwave
2023-05-14,Zahedan,Zahedan,Iran,29.5,60.86,24.6,161.0,Breezy,Normal
2023-05-15,Zahedan,Zahedan,Iran,29.5,60.86,22.2,304.0,Breezy,Heatwave
2023-05-16,Zahedan,Zahedan,Iran,29.5,60.86,26.4,258.0,Breezy,Heatwave
2023-05-17,Zahedan,Zahedan,Iran,29.5,60.86,26.4,113.0,Breezy,Normal
2023-05-19,Zahedan,Zahedan,Iran,29.5,60.86,26.2,187.0,Breezy,Normal
2023-05-23,Zahedan,Zahedan,Iran,29.5,60.86,28.0,206.0,Breezy,Normal
2023-05-27,Zahedan,Zahedan,Iran,29.5,60.86,33.0,274.0,Breezy,Heatwave
2023-05-29,Zahedan,Zahedan,Iran,29.5,60.86,21.3,8.0,Breezy,Normal
2023-05-30,Zahedan,Zahedan,Iran,29.5,60.86,25.6,15.0,Breezy,Heatwave
2023-05-31,Zahedan,Zahedan,Iran,29.5,60.86,22.7,208.0,Breezy,Normal
2023-06-03,Zahedan,Zahedan,Iran,29.5,60.86,22.0,31.0,Breezy,Normal
2023-06-07,Zahedan,Zahedan,Iran,29.5,60.86,25.3,200.0,Breezy,Normal
2023-06-10,Zahedan,Zahedan,Iran,29.5,60.86,37.5,350.0,Breezy,Normal
2023-06-15,Zahedan,Zahedan,Iran,29.5,60.86,21.6,6.0,Breezy,Normal
2023-06-19,Zahedan,Zahedan,Iran,29.5,60.86,20.2,14.0,Breezy,Normal
2023-06-21,Zahedan,Zahedan,Iran,29.5,60.86,27.6,75.0,Breezy,Normal
2023-06-24,Zahedan,Zahedan,Iran,29.5,60.86,23.1,186.0,Breezy,Normal
2023-06-28,Zahedan,Zahedan,Iran,29.5,60.86,24.3,125.0,Breezy,Normal
2023-06-30,Zahedan,Zahedan,Iran,29.5,60.86,29.2,162.0,Breezy,Normal
2023-07-02,Zahedan,Zahedan,Iran,29.5,60.86,29.0,318.0,Breezy,Normal
2023-07-03,Zahedan,Zahedan,Iran,29.5,60.86,21.9,114.0,Breezy,Normal
2023-07-09,Zahedan,Zahedan,Iran,29.5,60.86,24.4,275.0,Breezy,Normal
2023-07-10,Zahedan,Zahedan,Iran,29.5,60.86,27.2,68.0,Breezy,Normal
2023-07-14,Zahedan,Zahedan,Iran,29.5,60.86,22.2,46.0,Breezy,Normal
2023-07-15,Zahedan,Zahedan,Iran,29.5,60.86,20.3,347.0,Breezy,Normal
2023-07-16,Zahedan,Zahedan,Iran,29.5,60.86,29.7,275.0,Breezy,Normal
2023-07-17,Zahedan,Zahedan,Iran,29.5,60.86,24.8,140.0,Breezy,Normal
2023-07-19,Zahedan,Zahedan,Iran,29.5,60.86,24.2,254.0,Breezy,Normal
2023-07-20,Zahedan,Zahedan,Iran,29.5,60.86,30.2,260.0,Breezy,Normal
2023-07-22,Zahedan,Zahedan,Iran,29.5,60.86,29.6,328.0,Breezy,Normal
2023-07-23,Zahedan,Zahedan,Iran,29.5,60.86,20.6,293.0,Breezy,Normal
2023-07-27,Zahedan,Zahedan,Iran,29.5,60.86,45.7,125.0,Windy,Normal
2023-07-28,Zahedan,Zahedan,Iran,29.5,60.86,26.7,118.0,Breezy,Normal
2023-07-31,Zahedan,Zahedan,Iran,29.5,60.86,32.1,66.0,Breezy,Normal
2023-08-02,Zahedan,Zahedan,Iran,29.5,60.86,21.0,52.0,Breezy,Normal
2023-08-03,Zahedan,Zahedan,Iran,29.5,60.86,40.6,55.0,Windy,Normal
2023-08-08,Zahedan,Zahedan,Iran,29.5,60.86,37.5,71.0,Breezy,Normal
2023-08-09,Zahedan,Zahedan,Iran,29.5,60.86,20.5,310.0,Breezy,Normal
2023-08-10,Zahedan,Zahedan,Iran,29.5,60.86,20.6,240.0,Breezy,Normal
2023-08-14,Zahedan,Zahedan,Iran,29.5,60.86,30.3,352.0,Breezy,Normal
2023-08-16,Zahedan,Zahedan,Iran,29.5,60.86,35.6,131.0,Breezy,Normal
2023-08-25,Zahedan,Zahedan,Iran,29.5,60.86,25.8,250.0,Breezy,Normal
2023-08-26,Zahedan,Zahedan,Iran,29.5,60.86,26.6,63.0,Breezy,Normal
2023-09-01,Zahedan,Zahedan,Iran,29.5,60.86,23.9,326.0,Breezy,Normal
2023-09-02,Zahedan,Zahedan,Iran,29.5,60.86,25.8,265.0,Breezy,Normal
2023-09-04,Zahedan,Zahedan,Iran,29.5,60.86,20.5,322.0,Breezy,Normal
2023-09-05,Zahedan,Zahedan,Iran,29.5,60.86,22.6,350.0,Breezy,Normal
2023-09-07,Zahedan,Zahedan,Iran,29.5,60.86,27.9,148.0,Breezy,Normal
2023-09-09,Zahedan,Zahedan,Iran,29.5,60.86,20.1,19.0,Breezy,Normal
2023-09-11,Zahedan,Zahedan,Iran,29.5,60.86,21.3,99.0,Breezy,Normal
2023-09-12,Zahedan,Zahedan,Iran,29.5,60.86,33.2,261.0,Breezy,Normal
2023-09-13,Zahedan,Zahedan,Iran,29.5,60.86,22.3,12.0,Breezy,Normal
2023-09-14,Zahedan,Zahedan,Iran,29.5,60.86,28.6,360.0,Breezy,Normal
2023-09-15,Zahedan,Zahedan,Iran,29.5,60.86,38.9,305.0,Breezy,Normal
2023-09-17,Zahedan,Zahedan,Iran,29.5,60.86,28.9,11.0,Breezy,Normal
2023-09-18,Zahedan,Zahedan,Iran,29.5,60.86,24.8,334.0,Breezy,Normal
2023-09-20,Zahedan,Zahedan,Iran,29.5,60.86,22.3,99.0,Breezy,Normal
2023-09-22,Zahedan,Zahedan,Iran,29.5,60.86,27.4,21.0,Breezy,Normal
2023-09-23,Zahedan,Zahedan,Iran,29.5,60.86,28.0,347.0,Breezy,Normal
2023-09-24,Zahedan,Zahedan,Iran,29.5,60.86,29.1,186.0,Breezy,Normal
2023-10-01,Zahedan,Zahedan,Iran,29.5,60.86,21.4,215.0,Breezy,Normal
2023-10-02,Zahedan,Zahedan,Iran,29.5,60.86,20.3,63.0,Breezy,Normal
2023-10-03,Zahedan,Zahedan,Iran,29.5,60.86,36.9,275.0,Breezy,Normal
2023-10-08,Zahedan,Zahedan,Iran,29.5,60.86,20.4,90.0,Breezy,Normal
2023-10-09,Zahedan,Zahedan,Iran,29.5,60.86,38.0,0.0,Breezy,Normal
2023-10-10,Zahedan,Zahedan,Iran,29.5,60.86,31.1,74.0,Breezy,Normal
2023-10-11,Zahedan,Zahedan,Iran,29.5,60.86,20.2,63.0,Breezy,Normal
2023-10-14,Zahedan,Zahedan,Iran,29.5,60.86,28.0,54.0,Breezy,Normal
2023-10-16,Zahedan,Zahedan,Iran,29.5,60.86,21.4,8.0,Breezy,Normal
2023-10-17,Zahedan,Zahedan,Iran,29.5,60.86,40.3,36.0,Windy,Normal
2023-10-21,Zahedan,Zahedan,Iran,29.5,60.86,20.9,194.0,Breezy,Normal
2023-10-25,Zahedan,Zahedan,Iran,29.5,60.86,20.1,81.0,Breezy,Normal
2023-10-27,Zahedan,Zahedan,Iran,29.5,60.86,31.9,21.0,Breezy,Normal
2023-10-29,Zahedan,Zahedan,Iran,29.5,60.86,45.5,322.0,Windy,Normal
2023-10-30,Zahedan,Zahedan,Iran,29.5,60.86,34.9,285.0,Breezy,Normal
2023-11-04,Zahedan,Zahedan,Iran,29.5,60.86,28.4,103.0,Breezy,Normal
2023-11-05,Zahedan,Zahedan,Iran,29.5,60.86,23.5,24.0,Breezy,Normal
2023-11-08,Zahedan,Zahedan,Iran,29.5,60.86,22.1,40.0,Breezy,Normal
2023-11-14,Zahedan,Zahedan,Iran,29.5,60.86,31.1,6.0,Breezy,Normal
2023-11-21,Zahedan,Zahedan,Iran,29.5,60.86,20.3,159.0,Breezy,Normal
2023-11-23,Zahedan,Zahedan,Iran,29.5,60.86,22.3,116.0,Breezy,Normal
2023-11-25,Zahedan,Zahedan,Iran,29.5,60.86,32.2,8.0,Breezy,Normal
2023-11-26,Zahedan,Zahedan,Iran,29.5,60.86,21.5,257.0,Breezy,Normal
2023-11-27,Zahedan,Zahedan,Iran,29.5,60.86,31.8,334.0,Breezy,Normal
2023-12-06,Zahedan,Zahedan,Iran,29.5,60.86,37.1,74.0,Breezy,Normal
2023-12-07,Zahedan,Zahedan,Iran,29.5,60.86,24.1,282.0,Breezy,Normal
2023-12-08,Zahedan,Zahedan,Iran,29.5,60.86,47.1,130.0,Windy,Normal
2023-12-09,Zahedan,Zahedan,Iran,29.5,60.86,35.9,10.0,Breezy,Normal
2023-12-10,Zahedan,Zahedan,Iran,29.5,60.86,48.4,201.0,Windy,Normal
2023-12-11,Zahedan,Zahedan,Iran,29.5,60.86,28.8,90.0,Breezy,Normal
2023-12-12,Zahedan,Zahedan,Iran,29.5,60.86,24.9,301.0,Breezy,Normal
2023-12-16,Zahedan,Zahedan,Iran,29.5,60.86,34.7,121.0,Breezy,Normal
2023-12-17,Zahedan,Zahedan,Iran,29.5,60.86,30.7,39.0,Breezy,Normal
2023-12-18,Zahedan,Zahedan,Iran,29.5,60.86,26.7,186.0,Breezy,Normal
2023-12-19,Zahedan,Zahedan,Iran,29.5,60.86,33.3,84.0,Breezy,Normal
2023-12-24,Zahedan,Zahedan,Iran,29.5,60.86,20.5,165.0,Breezy,Normal
2023-12-26,Zahedan,Zahedan,Iran,29.5,60.86,31.4,350.0,Breezy,Normal
2023-12-27,Zahedan,Zahedan,Iran,29.5,60.86,21.3,315.0,Breezy,Normal
2023-12-28,Zahedan,Zahedan,Iran,29.5,60.86,24.3,121.0,Breezy,Normal
2023-12-30,Zahedan,Zahedan,Iran,29.5,60.86,25.2,343.0,Breezy,Normal
2023-12-31,Zahedan,Zahedan,Iran,29.5,60.86,24.9,5.0,Breezy,Normal
2022-01-01,Ahvaz,Ahvaz,Iran,31.32,48.67,25.1,23.0,Breezy,Normal
2022-01-03,Ahvaz,Ahvaz,Iran,31.32,48.67,49.2,245.0,Windy,Normal
2022-01-04,Ahvaz,Ahvaz,Iran,31.32,48.67,22.5,175.0,Breezy,Normal
2022-01-07,Ahvaz,Ahvaz,Iran,31.32,48.67,21.1,94.0,Breezy,Normal
2022-01-09,Ahvaz,Ahvaz,Iran,31.32,48.67,35.7,19.0,Breezy,Normal
2022-01-10,Ahvaz,Ahvaz,Iran,31.32,48.67,27.5,248.0,Breezy,Normal
2022-01-11,Ahvaz,Ahvaz,Iran,31.32,48.67,24.3,171.0,Breezy,Normal
2022-01-16,Ahvaz,Ahvaz,Iran,31.32,48.67,25.0,22.0,Breezy,Heatwave
2022-01-17,Ahvaz,Ahvaz,Iran,31.32,48.67,23.4,102.0,Breezy,Normal
2022-01-19,Ahvaz,Ahvaz,Iran,31.32,48.67,37.0,213.0,Breezy,Normal
2022-01-23,Ahvaz,Ahvaz,Iran,31.32,48.67,26.3,226.0,Breezy,Normal
2022-01-28,Ahvaz,Ahvaz,Iran,31.32,48.67,21.4,219.0,Breezy,Normal
2022-01-29,Ahvaz,Ahvaz,Iran,31.32,48.67,22.1,256.0,Breezy,Normal
2022-01-31,Ahvaz,Ahvaz,Iran,31.32,48.67,39.5,44.0,Breezy,Normal
2022-02-01,Ahvaz,Ahvaz,Iran,31.32,48.67,26.1,54.0,Breezy,Heatwave
2022-02-02,Ahvaz,Ahvaz,Iran,31.32,48.67,35.0,164.0,Breezy,Normal
2022-02-03,Ahvaz,Ahvaz,Iran,31.32,48.67,23.7,150.0,Breezy,Normal
2022-02-12,Ahvaz,Ahvaz,Iran,31.32,48.67,51.2,354.0,Windy,Heatwave
2022-02-14,Ahvaz,Ahvaz,Iran,31.32,48.67,35.7,63.0,Breezy,Heatwave
2022-02-16,Ahvaz,Ahvaz,Iran,31.32,48.67,25.3,84.0,Breezy,Heatwave
2022-02-19,Ahvaz,Ahvaz,Iran,31.32,48.67,43.4,130.0,Windy,Heatwave
2022-02-21,Ahvaz,Ahvaz,Iran,31.32,48.67,22.3,345.0,Breezy,Heatwave
2022-02-22,Ahvaz,Ahvaz,Iran,31.32,48.67,31.5,222.0,Breezy,Normal
2022-02-25,Ahvaz,Ahvaz,Iran,31.32,48.67,38.5,2.0,Breezy,Heatwave
2022-03-03,Ahvaz,Ahvaz,Iran,31.32,48.67,24.8,208.0,Breezy,Heatwave
2022-03-04,Ahvaz,Ahvaz,Iran,31.32,48.67,27.0,52.0,Breezy,Heatwave
2022-03-05,Ahvaz,Ahvaz,Iran,31.32,48.67,33.3,287.0,Breezy,Heatwave
2022-03-08,Ahvaz,Ahvaz,Iran,31.32,48.67,28.4,185.0,Breezy,Normal
2022-03-11,Ahvaz,Ahvaz,Iran,31.32,48.67,25.4,50.0,Breezy,Heatwave
2022-03-14,Ahvaz,Ahvaz,Iran,31.32,48.67,33.6,339.0,Breezy,Heatwave
2022-03-16,Ahvaz,Ahvaz,Iran,31.32,48.67,24.4,164.0,Breezy,Heatwave
2022-03-17,Ahvaz,Ahvaz,Iran,31.32,48.67,22.3,73.0,Breezy,Heatwave
2022-03-19,Ahvaz,Ahvaz,Iran,31.32,48.67,36.5,160.0,Breezy,Heatwave
2022-03-20,Ahvaz,Ahvaz,Iran,31.32,48.67,24.5,132.0,Breezy,Heatwave
2022-03-21,Ahvaz,Ahvaz,Iran,31.32,48.67,21.8,276.0,Breezy,Normal
2022-03-25,Ahvaz,Ahvaz,Iran,31.32,48.67,33.5,252.0,Breezy,Heatwave
2022-03-28,Ahvaz,Ahvaz,Iran,31.32,48.67,34.5,218.0,Breezy,Heatwave
2022-03-31,Ahvaz,Ahvaz,Iran,31.32,48.67,24.3,239.0,Breezy,Heatwave
2022-04-02,Ahvaz,Ahvaz,Iran,31.32,48.67,26.0,337.0,Breezy,Heatwave
2022-04-03,Ahvaz,Ahvaz,Iran,31.32,48.67,20.8,271.0,Breezy,Heatwave
2022-04-06,Ahvaz,Ahvaz,Iran,31.32,48.67,25.7,204.0,Breezy,Heatwave
2022-04-08,Ahvaz,Ahvaz,Iran,31.32,48.67,28.1,43.0,Breezy,Heatwave
2022-04-09,Ahvaz,Ahvaz,Iran,31.32,48.67,28.9,198.0,Breezy,Heatwave
2022-04-12,Ahvaz,Ahvaz,Iran,31.32,48.67,36.7,249.0,Breezy,Heatwave
2022-04-13,Ahvaz,Ahvaz,Iran,31.32,48.67,26.9,292.0,Breezy,Heatwave
2022-04-14,Ahvaz,Ahvaz,Iran,31.32,48.67,28.5,299.0,Breezy,Heatwave
2022-04-15,Ahvaz,Ahvaz,Iran,31.32,48.67,33.3,112.0,Breezy,Heatwave
2022-04-16,Ahvaz,Ahvaz,Iran,31.32,48.67,37.3,206.0,Breezy,Heatwave
2022-04-18,Ahvaz,Ahvaz,Iran,31.32,48.67,30.6,63.0,Breezy,Heatwave
2022-04-19,Ahvaz,Ahvaz,Iran,31.32,48.67,43.4,247.0,Windy,Heatwave
2022-04-21,Ahvaz,Ahvaz,Iran,31.32,48.67,22.8,149.0,Breezy,Heatwave
2022-04-22,Ahvaz,Ahvaz,Iran,31.32,48.67,27.8,29.0,Breezy,Heatwave
2022-04-28,Ahvaz,Ahvaz,Iran,31.32,48.67,27.3,53.0,Breezy,Heatwave
2022-05-03,Ahvaz,Ahvaz,Iran,31.32,48.67,38.5,324.0,Breezy,Heatwave
2022-05-04,Ahvaz,Ahvaz,Iran,31.32,48.67,23.9,208.0,Breezy,Heatwave
2022-05-07,Ahvaz,Ahvaz,Iran,31.32,48.67,20.6,138.0,Breezy,Heatwave
2022-05-09,Ahvaz,Ahvaz,Iran,31.32,48.67,31.5,158.0,Breezy,Heatwave
2022-05-10,Ahvaz,Ahvaz,Iran,31.32,48.67,34.0,76.0,Breezy,Heatwave
2022-05-11,Ahvaz,Ahvaz,Iran,31.32,48.67,32.2,284.0,Breezy,Heatwave
2022-05-12,Ahvaz,Ahvaz,Iran,31.32,48.67,30.0,266.0,Breezy,Heatwave
2022-05-13,Ahvaz,Ahvaz,Iran,31.32,48.67,21.7,189.0,Breezy,Heatwave
2022-05-14,Ahvaz,Ahvaz,Iran,31.32,48.67,33.2,303.0,Breezy,Heatwave
2022-05-16,Ahvaz,Ahvaz,Iran,31.32,48.67,27.5,93.0,Breezy,Heatwave
2022-05-18,Ahvaz,Ahvaz,Iran,31.32,48.67,25.9,132.0,Breezy,Heatwave
2022-05-20,Ahvaz,Ahvaz,Iran,31.32,48.67,39.3,93.0,Breezy,Heatwave
2022-05-21,Ahvaz,Ahvaz,Iran,31.32,48.67,29.9,132.0,Breezy,Heatwave
2022-05-24,Ahvaz,Ahvaz,Iran,31.32,48.67,23.2,54.0,Breezy,Heatwave
2022-05-26,Ahvaz,Ahvaz,Iran,31.32,48.67,41.4,174.0,Windy,Heatwave
2022-05-28,Ahvaz,Ahvaz,Iran,31.32,48.67,31.3,260.0,Breezy,Heatwave
2022-05-31,Ahvaz,Ahvaz,Iran,31.32,48.67,26.2,121.0,Breezy,Heatwave
2022-06-02,Ahvaz,Ahvaz,Iran,31.32,48.67,30.1,95.0,Breezy,Heatwave
2022-06-04,Ahvaz,Ahvaz,Iran,31.32,48.67,28.3,41.0,Breezy,Heatwave
2022-06-05,Ahvaz,Ahvaz,Iran,31.32,48.67,22.9,33.0,Breezy,Heatwave
2022-06-07,Ahvaz,Ahvaz,Iran,31.32,48.67,24.2,217.0,Breezy,Normal
2022-06-08,Ahvaz,Ahvaz,Iran,31.32,48.67,28.4,235.0,Breezy,Heatwave
2022-06-10,Ahvaz,Ahvaz,Iran,31.32,48.67,22.0,327.0,Breezy,Heatwave
2022-06-13,Ahvaz,Ahvaz,Iran,31.32,48.67,20.1,157.0,Breezy,Normal
2022-06-17,Ahvaz,Ahvaz,Iran,31.32,48.67,23.2,278.0,Breezy,Normal
2022-06-20,Ahvaz,Ahvaz,Iran,31.32,48.67,32.8,30.0,Breezy,Heatwave
2022-06-22,Ahvaz,Ahvaz,Iran,31.32,48.67,31.2,3.0,Breezy,Normal
2022-06-25,Ahvaz,Ahvaz,Iran,31.32,48.67,38.4,261.0,Breezy,Normal
2022-06-26,Ahvaz,Ahvaz,Iran,31.32,48.67,33.2,137.0,Breezy,Heatwave
2022-06-28,Ahvaz,Ahvaz,Iran,31.32,48.67,20.5,222.0,Breezy,Normal
2022-06-29,Ahvaz,Ahvaz,Iran,31.32,48.67,27.7,93.0,Breezy,Normal
2022-06-30,Ahvaz,Ahvaz,Iran,31.32,48.67,20.1,333.0,Breezy,Heatwave
2022-07-01,Ahvaz,Ahvaz,Iran,31.32,48.67,32.8,213.0,Breezy,Normal
2022-07-02,Ahvaz,Ahvaz,Iran,31.32,48.67,30.1,44.0,Breezy,Heatwave
2022-07-03,Ahvaz,Ahvaz,Iran,31.32,48.67,21.4,253.0,Breezy,Normal
2022-07-04,Ahvaz,Ahvaz,Iran,31.32,48.67,27.3,75.0,Breezy,Normal
2022-07-06,Ahvaz,Ahvaz,Iran,31.32,48.67,30.9,176.0,Breezy,Normal
2022-07-08,Ahvaz,Ahvaz,Iran,31.32,48.67,22.9,165.0,Breezy,Normal
2022-07-11,Ahvaz,Ahvaz,Iran,31.32,48.67,22.5,83.0,Breezy,Normal
2022-07-20,Ahvaz,Ahvaz,Iran,31.32,48.67,28.9,226.0,Breezy,Normal
2022-07-26,Ahvaz,Ahvaz,Iran,31.32,48.67,23.3,154.0,Breezy,Normal
2022-07-29,Ahvaz,Ahvaz,Iran,31.32,48.67,21.0,347.0,Breezy,Normal
2022-07-30,Ahvaz,Ahvaz,Iran,31.32,48.67,29.3,239.0,Breezy,Normal
2022-08-02,Ahvaz,Ahvaz,Iran,31.32,48.67,33.6,129.0,Breezy,Normal
2022-08-05,Ahvaz,Ahvaz,Iran,31.32,48.67,24.8,315.0,Breezy,Normal
2022-08-06,Ahvaz,Ahvaz,Iran,31.32,48.67,33.8,225.0,Breezy,Normal
2022-08-07,Ahvaz,Ahvaz,Iran,31.32,48.67,35.0,183.0,Breezy,Normal
2022-08-08,Ahvaz,Ahvaz,Iran,31.32,48.67,34.2,99.0,Breezy,Normal
2022-08-11,Ahvaz,Ahvaz,Iran,31.32,48.67,23.5,222.0,Breezy,Normal
2022-08-12,Ahvaz,Ahvaz,Iran,31.32,48.67,31.3,213.0,Breezy,Normal
2022-08-14,Ahvaz,Ahvaz,Iran,31.32,48.67,27.8,237.0,Breezy,Normal
2022-08-16,Ahvaz,Ahvaz,Iran,31.32,48.67,38.7,89.0,Breezy,Normal
2022-08-19,Ahvaz,Ahvaz,Iran,31.32,48.67,32.5,129.0,Breezy,Normal
2022-08-21,Ahvaz,Ahvaz,Iran,31.32,48.67,31.6,107.0,Breezy,Normal
2022-08-24,Ahvaz,Ahvaz,Iran,31.32,48.67,21.9,35.0,Breezy,Normal
2022-08-25,Ahvaz,Ahvaz,Iran,31.32,48.67,32.9,351.0,Breezy,Normal
2022-08-29,Ahvaz,Ahvaz,Iran,31.32,48.67,22.7,69.0,Breezy,Normal
2022-08-30,Ahvaz,Ahvaz,Iran,31.32,48.67,27.9,333.0,Breezy,Normal
2022-09-01,Ahvaz,Ahvaz,Iran,31.32,48.67,32.8,202.0,Breezy,Normal
2022-09-02,Ahvaz,Ahvaz,Iran,31.32,48.67,22.0,218.0,Breezy,Normal
2022-09-03,Ahvaz,Ahvaz,Iran,31.32,48.67,42.3,170.0,Windy,Normal
2022-09-04,Ahvaz,Ahvaz,Iran,31.32,48.67,21.7,264.0,Breezy,Normal
2022-09-05,Ahvaz,Ahvaz,Iran,31.32,48.67,26.5,173.0,Breezy,Normal
2022-09-06,Ahvaz,Ahvaz,Iran,31.32,48.67,21.4,102.0,Breezy,Normal
2022-09-07,Ahvaz,Ahvaz,Iran,31.32,48.67,26.1,129.0,Breezy,Normal
2022-09-08,Ahvaz,Ahvaz,Iran,31.32,48.67,27.9,340.0,Breezy,Normal
2022-09-09,Ahvaz,Ahvaz,Iran,31.32,48.67,22.7,61.0,Breezy,Normal
2022-09-11,Ahvaz,Ahvaz,Iran,31.32,48.67,30.0,306.0,Breezy,Normal
2022-09-12,Ahvaz,Ahvaz,Iran,31.32,48.67,21.8,358.0,Breezy,Normal
2022-09-14,Ahvaz,Ahvaz,Iran,31.32,48.67,20.4,94.0,Breezy,Normal
2022-09-16,Ahvaz,Ahvaz,Iran,31.32,48.67,21.9,299.0,Breezy,Normal
2022-09-17,Ahvaz,Ahvaz,Iran,31.32,48.67,24.3,358.0,Breezy,Normal
2022-09-18,Ahvaz,Ahvaz,Iran,31.32,48.67,22.5,268.0,Breezy,Normal
2022-09-23,Ahvaz,Ahvaz,Iran,31.32,48.67,27.9,81.0,Breezy,Normal
2022-09-24,Ahvaz,Ahvaz,Iran,31.32,48.67,21.1,197.0,Breezy,Normal
2022-09-26,Ahvaz,Ahvaz,Iran,31.32,48.67,28.1,280.0,Breezy,Normal
2022-09-27,Ahvaz,Ahvaz,Iran,31.32,48.67,24.3,4.0,Breezy,Normal
2022-09-28,Ahvaz,Ahvaz,Iran,31.32,48.67,28.8,83.0,Breezy,Normal
2022-09-29,Ahvaz,Ahvaz,Iran,31.32,48.67,21.0,45.0,Breezy,Normal
2022-10-03,Ahvaz,Ahvaz,Iran,31.32,48.67,25.2,347.0,Breezy,Normal
2022-10-04,Ahvaz,Ahvaz,Iran,31.32,48.67,33.2,315.0,Breezy,Normal
2022-10-07,Ahvaz,Ahvaz,Iran,31.32,48.67,25.9,203.0,Breezy,Normal
2022-10-12,Ahvaz,Ahvaz,Iran,31.32,48.67,40.7,183.0,Windy,Normal
2022-10-14,Ahvaz,Ahvaz,Iran,31.32,48.67,45.9,213.0,Windy,Normal
2022-10-18,Ahvaz,Ahvaz,Iran,31.32,48.67,21.3,85.0,Breezy,Normal
2022-10-20,Ahvaz,Ahvaz,Iran,31.32,48.67,29.6,74.0,Breezy,Normal
2022-10-21,Ahvaz,Ahvaz,Iran,31.32,48.67,26.9,285.0,Breezy,Normal
2022-10-24,Ahvaz,Ahvaz,Iran,31.32,48.67,29.3,115.0,Breezy,Normal
2022-10-26,Ahvaz,Ahvaz,Iran,31.32,48.67,37.8,240.0,Breezy,Normal
2022-10-28,Ahvaz,Ahvaz,Iran,31.32,48.67,23.1,38.0,Breezy,Normal
2022-10-29,Ahvaz,Ahvaz,Iran,31.32,48.67,43.9,121.0,Windy,Normal
2022-10-30,Ahvaz,Ahvaz,Iran,31.32,48.67,38.5,126.0,Breezy,Normal
2022-11-01,Ahvaz,Ahvaz,Iran,31.32,48.67,26.0,103.0,Breezy,Normal
2022-11-04,Ahvaz,Ahvaz,Iran,31.32,48.67,24.3,76.0,Breezy,Normal
2022-11-06,Ahvaz,Ahvaz,Iran,31.32,48.67,32.6,318.0,Breezy,Normal
2022-11-07,Ahvaz,Ahvaz,Iran,31.32,48.67,36.8,78.0,Breezy,Normal
2022-11-08,Ahvaz,Ahvaz,Iran,31.32,48.67,26.9,287.0,Breezy,Normal
2022-11-10,Ahvaz,Ahvaz,Iran,31.32,48.67,24.4,119.0,Breezy,Normal
2022-11-13,Ahvaz,Ahvaz,Iran,31.32,48.67,22.1,293.0,Breezy,Normal
2022-11-16,Ahvaz,Ahvaz,Iran,31.32,48.67,22.1,38.0,Breezy,Normal
2022-11-17,Ahvaz,Ahvaz,Iran,31.32,48.67,45.6,78.0,Windy,Normal
2022-11-19,Ahvaz,Ahvaz,Iran,31.32,48.67,36.3,90.0,Breezy,Normal
2022-11-21,Ahvaz,Ahvaz,Iran,31.32,48.67,22.5,165.0,Breezy,Normal
2022-11-22,Ahvaz,Ahvaz,Iran,31.32,48.67,25.5,37.0,Breezy,Normal
2022-11-23,Ahvaz,Ahvaz,Iran,31.32,48.67,24.7,233.0,Breezy,Normal
2022-11-26,Ahvaz,Ahvaz,Iran,31.32,48.67,25.8,200.0,Breezy,Normal
2022-11-27,Ahvaz,Ahvaz,Iran,31.32,48.67,20.7,20.0,Breezy,Normal
2022-11-29,Ahvaz,Ahvaz,Iran,31.32,48.67,21.0,99.0,Breezy,Normal
2022-11-30,Ahvaz,Ahvaz,Iran,31.32,48.67,26.2,168.0,Breezy,Normal
2022-12-02,Ahvaz,Ahvaz,Iran,31.32,48.67,26.5,322.0,Breezy,Normal
2022-12-04,Ahvaz,Ahvaz,Iran,31.32,48.67,34.7,29.0,Breezy,Normal
2022-12-08,Ahvaz,Ahvaz,Iran,31.32,48.67,20.3,118.0,Breezy,Normal
2022-12-10,Ahvaz,Ahvaz,Iran,31.32,48.67,29.3,40.0,Breezy,Normal
2022-12-12,Ahvaz,Ahvaz,Iran,31.32,48.67,20.2,128.0,Breezy,Normal
2022-12-13,Ahvaz,Ahvaz,Iran,31.32,48.67,34.9,286.0,Breezy,Normal
2022-12-14,Ahvaz,Ahvaz,Iran,31.32,48.67,24.4,139.0,Breezy,Normal
2022-12-17,Ahvaz,Ahvaz,Iran,31.32,48.67,26.0,207.0,Breezy,Normal
2022-12-18,Ahvaz,Ahvaz,Iran,31.32,48.67,31.7,137.0,Breezy,Normal
2022-12-19,Ahvaz,Ahvaz,Iran,31.32,48.67,29.7,266.0,Breezy,Normal
2022-12-21,Ahvaz,Ahvaz,Iran,31.32,48.67,21.2,275.0,Breezy,Normal
2022-12-22,Ahvaz,Ahvaz,Iran,31.32,48.67,33.8,319.0,Breezy,Normal
2022-12-25,Ahvaz,Ahvaz,Iran,31.32,48.67,24.9,84.0,Breezy,Normal
2022-12-30,Ahvaz,Ahvaz,Iran,31.32,48.67,36.2,332.0,Breezy,Normal
2022-12-31,Ahvaz,Ahvaz,Iran,31.32,48.67,24.1,85.0,Breezy,Normal
2023-01-02,Ahvaz,Ahvaz,Iran,31.32,48.67,34.7,359.0,Breezy,Normal
2023-01-04,Ahvaz,Ahvaz,Iran,31.32,48.67,37.5,18.0,Breezy,Normal
2023-01-06,Ahvaz,Ahvaz,Iran,31.32,48.67,24.9,175.0,Breezy,Normal
2023-01-08,Ahvaz,Ahvaz,Iran,31.32,48.67,28.4,113.0,Breezy,Normal
2023-01-14,Ahvaz,Ahvaz,Iran,31.32,48.67,39.1,22.0,Breezy,Normal
2023-01-15,Ahvaz,Ahvaz,Iran,31.32,48.67,23.2,34.0,Breezy,Normal
2023-01-18,Ahvaz,Ahvaz,Iran,31.32,48.67,21.0,165.0,Breezy,Normal
2023-01-19,Ahvaz,Ahvaz,Iran,31.32,48.67,28.2,144.0,Breezy,Normal
2023-01-20,Ahvaz,Ahvaz,Iran,31.32,48.67,27.1,357.0,Breezy,Normal
2023-01-22,Ahvaz,Ahvaz,Iran,31.32,48.67,35.7,349.0,Breezy,Normal
2023-01-24,Ahvaz,Ahvaz,Iran,31.32,48.67,20.3,176.0,Breezy,Normal
2023-01-26,Ahvaz,Ahvaz,Iran,31.32,48.67,31.4,28.0,Breezy,Normal
2023-01-28,Ahvaz,Ahvaz,Iran,31.32,48.67,30.2,287.0,Breezy,Normal
2023-02-01,Ahvaz,Ahvaz,Iran,31.32,48.67,32.9,284.0,Breezy,Normal
2023-02-02,Ahvaz,Ahvaz,Iran,31.32,48.67,21.7,243.0,Breezy,Normal
2023-02-04,Ahvaz,Ahvaz,Iran,31.32,48.67,35.5,247.0,Breezy,Normal
2023-02-09,Ahvaz,Ahvaz,Iran,31.32,48.67,36.2,176.0,Breezy,Normal
2023-02-11,Ahvaz,Ahvaz,Iran,31.32,48.67,35.8,65.0,Breezy,Normal
2023-02-12,Ahvaz,Ahvaz,Iran,31.32,48.67,33.1,178.0,Breezy,Heatwave
2023-02-13,Ahvaz,Ahvaz,Iran,31.32,48.67,22.6,132.0,Breezy,Heatwave
2023-02-16,Ahvaz,Ahvaz,Iran,31.32,48.67,23.6,307.0,Breezy,Normal
2023-02-17,Ahvaz,Ahvaz,Iran,31.32,48.67,30.4,224.0,Breezy,Heatwave
2023-02-20,Ahvaz,Ahvaz,Iran,31.32,48.67,26.9,145.0,Breezy,Normal
2023-02-22,Ahvaz,Ahvaz,Iran,31.32,48.67,30.7,131.0,Breezy,Normal
2023-02-23,Ahvaz,Ahvaz,Iran,31.32,48.67,24.6,282.0,Breezy,Heatwave
2023-02-24,Ahvaz,Ahvaz,Iran,31.32,48.67,20.6,248.0,Breezy,Normal
2023-02-27,Ahvaz,Ahvaz,Iran,31.32,48.67,40.7,327.0,Windy,Normal
2023-02-28,Ahvaz,Ahvaz,Iran,31.32,48.67,25.3,123.0,Breezy,Heatwave
2023-03-02,Ahvaz,Ahvaz,Iran,31.32,48.67,41.9,60.0,Windy,Heatwave
2023-03-04,Ahvaz,Ahvaz,Iran,31.32,48.67,26.7,53.0,Breezy,Heatwave
2023-03-05,Ahvaz,Ahvaz,Iran,31.32,48.67,32.0,323.0,Breezy,Heatwave
2023-03-07,Ahvaz,Ahvaz,Iran,31.32,48.67,30.9,182.0,Breezy,Heatwave
2023-03-11,Ahvaz,Ahvaz,Iran,31.32,48.67,30.6,35.0,Breezy,Heatwave
2023-03-12,Ahvaz,Ahvaz,Iran,31.32,48.67,37.3,195.0,Breezy,Heatwave
2023-03-13,Ahvaz,Ahvaz,Iran,31.32,48.67,36.1,133.0,Breezy,Heatwave
2023-03-14,Ahvaz,Ahvaz,Iran,31.32,48.67,21.8,4.0,Breezy,Heatwave
2023-03-15,Ahvaz,Ahvaz,Iran,31.32,48.67,27.7,28.0,Breezy,Heatwave
2023-03-17,Ahvaz,Ahvaz,Iran,31.32,48.67,38.4,321.0,Breezy,Heatwave
2023-03-21,Ahvaz,Ahvaz,Iran,31.32,48.67,29.5,161.0,Breezy,Heatwave
2023-03-22,Ahvaz,Ahvaz,Iran,31.32,48.67,22.3,139.0,Breezy,Heatwave
2023-03-23,Ahvaz,Ahvaz,Iran,31.32,48.67,24.1,58.0,Breezy,Heatwave
2023-03-25,Ahvaz,Ahvaz,Iran,31.32,48.67,20.8,245.0,Breezy,Heatwave
2023-03-28,Ahvaz,Ahvaz,Iran,31.32,48.67,21.7,309.0,Breezy,Heatwave
2023-03-29,Ahvaz,Ahvaz,Iran,31.32,48.67,22.1,173.0,Breezy,Heatwave
2023-03-31,Ahvaz,Ahvaz,Iran,31.32,48.67,26.0,290.0,Breezy,Heatwave
2023-04-01,Ahvaz,Ahvaz,Iran,31.32,48.67,24.2,120.0,Breezy,Heatwave
2023-04-02,Ahvaz,Ahvaz,Iran,31.32,48.67,28.7,306.0,Breezy,Heatwave
2023-04-04,Ahvaz,Ahvaz,Iran,31.32,48.67,27.1,85.0,Breezy,Heatwave
2023-04-08,Ahvaz,Ahvaz,Iran,31.32,48.67,23.4,100.0,Breezy,Heatwave
2023-04-09,Ahvaz,Ahvaz,Iran,31.32,48.67,20.1,174.0,Breezy,Heatwave
2023-04-11,Ahvaz,Ahvaz,Iran,31.32,48.67,34.5,37.0,Breezy,Heatwave
2023-04-14,Ahvaz,Ahvaz,Iran,31.32,48.67,22.4,277.0,Breezy,Heatwave
2023-04-15,Ahvaz,Ahvaz,Iran,31.32,48.67,26.6,30.0,Breezy,Heatwave
2023-04-16,Ahvaz,Ahvaz,Iran,31.32,48.67,29.3,134.0,Breezy,Heatwave
2023-04-17,Ahvaz,Ahvaz,Iran,31.32,48.67,30.6,257.0,Breezy,Heatwave
2023-04-20,Ahvaz,Ahvaz,Iran,31.32,48.67,28.5,150.0,Breezy,Heatwave
2023-04-21,Ahvaz,Ahvaz,Iran,31.32,48.67,20.9,38.0,Breezy,Heatwave
2023-04-22,Ahvaz,Ahvaz,Iran,31.32,48.67,24.6,67.0,Breezy,Heatwave
2023-04-25,Ahvaz,Ahvaz,Iran,31.32,48.67,31.5,311.0,Breezy,Heatwave
2023-04-26,Ahvaz,Ahvaz,Iran,31.32,48.67,27.0,97.0,Breezy,Heatwave
2023-04-27,Ahvaz,Ahvaz,Iran,31.32,48.67,43.5,267.0,Windy,Heatwave
2023-04-30,Ahvaz,Ahvaz,Iran,31.32,48.67,24.7,132.0,Breezy,Heatwave
2023-05-01,Ahvaz,Ahvaz,Iran,31.32,48.67,27.0,25.0,Breezy,Heatwave
2023-05-02,Ahvaz,Ahvaz,Iran,31.32,48.67,21.6,136.0,Breezy,Heatwave
2023-05-03,Ahvaz,Ahvaz,Iran,31.32,48.67,24.9,223.0,Breezy,Heatwave
2023-05-04,Ahvaz,Ahvaz,Iran,31.32,48.67,24.3,39.0,Breezy,Heatwave
2023-05-05,Ahvaz,Ahvaz,Iran,31.32,48.67,34.8,285.0,Breezy,Heatwave
2023-05-08,Ahvaz,Ahvaz,Iran,31.32,48.67,21.7,220.0,Breezy,Heatwave
2023-05-10,Ahvaz,Ahvaz,Iran,31.32,48.67,31.1,196.0,Breezy,Heatwave
2023-05-14,Ahvaz,Ahvaz,Iran,31.32,48.67,27.7,243.0,Breezy,Heatwave
2023-05-15,Ahvaz,Ahvaz,Iran,31.32,48.67,34.6,54.0,Breezy,Heatwave
2023-05-16,Ahvaz,Ahvaz,Iran,31.32,48.67,27.7,8.0,Breezy,Heatwave
2023-05-17,Ahvaz,Ahvaz,Iran,31.32,48.67,31.7,178.0,Breezy,Heatwave
2023-05-20,Ahvaz,Ahvaz,Iran,31.32,48.67,20.5,286.0,Breezy,Heatwave
2023-05-22,Ahvaz,Ahvaz,Iran,31.32,48.67,20.7,120.0,Breezy,Heatwave
2023-05-23,Ahvaz,Ahvaz,Iran,31.32,48.67,20.7,107.0,Breezy,Heatwave
2023-05-24,Ahvaz,Ahvaz,Iran,31.32,48.67,24.7,78.0,Breezy,Heatwave
2023-05-25,Ahvaz,Ahvaz,Iran,31.32,48.67,36.0,102.0,Breezy,Heatwave
2023-05-26,Ahvaz,Ahvaz,Iran,31.32,48.67,32.1,295.0,Breezy,Heatwave
2023-05-27,Ahvaz,Ahvaz,Iran,31.32,48.67,21.9,187.0,Breezy,Heatwave
2023-05-30,Ahvaz,Ahvaz,Iran,31.32,48.67,41.5,298.0,Windy,Heatwave
2023-06-01,Ahvaz,Ahvaz,Iran,31.32,48.67,35.0,345.0,Breezy,Normal
2023-06-06,Ahvaz,Ahvaz,Iran,31.32,48.67,21.5,204.0,Breezy,Heatwave
2023-06-07,Ahvaz,Ahvaz,Iran,31.32,48.67,43.7,185.0,Windy,Normal
2023-06-08,Ahvaz,Ahvaz,Iran,31.32,48.67,33.2,136.0,Breezy,Normal
2023-06-09,Ahvaz,Ahvaz,Iran,31.32,48.67,45.2,330.0,Windy,Normal
2023-06-10,Ahvaz,Ahvaz,Iran,31.32,48.67,20.7,137.0,Breezy,Normal
2023-06-15,Ahvaz,Ahvaz,Iran,31.32,48.67,29.1,188.0,Breezy,Normal
2023-06-18,Ahvaz,Ahvaz,Iran,31.32,48.67,25.7,144.0,Breezy,Heatwave
2023-06-22,Ahvaz,Ahvaz,Iran,31.32,48.67,24.3,20.0,Breezy,Heatwave
2023-06-24,Ahvaz,Ahvaz,Iran,31.32,48.67,26.7,131.0,Breezy,Normal
2023-06-27,Ahvaz,Ahvaz,Iran,31.32,48.67,29.5,24.0,Breezy,Normal
2023-06-29,Ahvaz,Ahvaz,Iran,31.32,48.67,31.3,8.0,Breezy,Normal
2023-06-30,Ahvaz,Ahvaz,Iran,31.32,48.67,25.2,57.0,Breezy,Normal
2023-07-01,Ahvaz,Ahvaz,Iran,31.32,48.67,21.2,79.0,Breezy,Normal
2023-07-02,Ahvaz,Ahvaz,Iran,31.32,48.67,28.8,168.0,Breezy,Normal
2023-07-04,Ahvaz,Ahvaz,Iran,31.32,48.67,31.6,280.0,Breezy,Normal
2023-07-05,Ahvaz,Ahvaz,Iran,31.32,48.67,30.4,257.0,Breezy,Normal
2023-07-07,Ahvaz,Ahvaz,Iran,31.32,48.67,22.3,62.0,Breezy,Normal
2023-07-09,Ahvaz,Ahvaz,Iran,31.32,48.67,22.3,280.0,Breezy,Normal
2023-07-11,Ahvaz,Ahvaz,Iran,31.32,48.67,38.6,252.0,Breezy,Normal
2023-07-14,Ahvaz,Ahvaz,Iran,31.32,48.67,24.5,258.0,Breezy,Normal
2023-07-15,Ahvaz,Ahvaz,Iran,31.32,48.67,24.6,297.0,Breezy,Normal
2023-07-16,Ahvaz,Ahvaz,Iran,31.32,48.67,26.6,129.0,Breezy,Normal
2023-07-18,Ahvaz,Ahvaz,Iran,31.32,48.67,22.7,332.0,Breezy,Normal
2023-07-19,Ahvaz,Ahvaz,Iran,31.32,48.67,20.9,320.0,Breezy,Normal
2023-07-20,Ahvaz,Ahvaz,Iran,31.32,48.67,36.0,189.0,Breezy,Normal
2023-07-23,Ahvaz,Ahvaz,Iran,31.32,48.67,22.1,288.0,Breezy,Normal
2023-07-25,Ahvaz,Ahvaz,Iran,31.32,48.67,23.4,181.0,Breezy,Normal
2023-07-28,Ahvaz,Ahvaz,Iran,31.32,48.67,36.8,162.0,Breezy,Normal
2023-07-30,Ahvaz,Ahvaz,Iran,31.32,48.67,34.4,12.0,Breezy,Normal
2023-07-31,Ahvaz,Ahvaz,Iran,31.32,48.67,22.8,118.0,Breezy,Normal
2023-08-04,Ahvaz,Ahvaz,Iran,31.32,48.67,28.8,277.0,Breezy,Normal
2023-08-05,Ahvaz,Ahvaz,Iran,31.32,48.67,31.5,63.0,Breezy,Normal
2023-08-06,Ahvaz,Ahvaz,Iran,31.32,48.67,37.4,317.0,Breezy,Normal
2023-08-07,Ahvaz,Ahvaz,Iran,31.32,48.67,21.1,356.0,Breezy,Normal
2023-08-11,Ahvaz,Ahvaz,Iran,31.32,48.67,32.0,209.0,Breezy,Normal
2023-08-12,Ahvaz,Ahvaz,Iran,31.32,48.67,23.7,242.0,Breezy,Normal
2023-08-13,Ahvaz,Ahvaz,Iran,31.32,48.67,26.8,77.0,Breezy,Normal
2023-08-14,Ahvaz,Ahvaz,Iran,31.32,48.67,34.5,209.0,Breezy,Normal
2023-08-15,Ahvaz,Ahvaz,Iran,31.32,48.67,22.1,84.0,Breezy,Normal
2023-08-16,Ahvaz,Ahvaz,Iran,31.32,48.67,23.8,291.0,Breezy,Normal
2023-08-17,Ahvaz,Ahvaz,Iran,31.32,48.67,31.0,309.0,Breezy,Normal
2023-08-18,Ahvaz,Ahvaz,Iran,31.32,48.67,23.5,168.0,Breezy,Normal
2023-08-20,Ahvaz,Ahvaz,Iran,31.32,48.67,27.9,114.0,Breezy,Normal
2023-08-21,Ahvaz,Ahvaz,Iran,31.32,48.67,21.4,112.0,Breezy,Normal
2023-08-22,Ahvaz,Ahvaz,Iran,31.32,48.67,21.9,19.0,Breezy,Normal
2023-08-24,Ahvaz,Ahvaz,Iran,31.32,48.67,30.1,180.0,Breezy,Normal
2023-08-28,Ahvaz,Ahvaz,Iran,31.32,48.67,31.0,106.0,Breezy,Normal
2023-08-29,Ahvaz,Ahvaz,Iran,31.32,48.67,21.1,222.0,Breezy,Normal
2023-08-30,Ahvaz,Ahvaz,Iran,31.32,48.67,40.8,1.0,Windy,Normal
2023-09-02,Ahvaz,Ahvaz,Iran,31.32,48.67,31.4,325.0,Breezy,Normal
2023-09-10,Ahvaz,Ahvaz,Iran,31.32,48.67,39.6,41.0,Breezy,Normal
2023-09-12,Ahvaz,Ahvaz,Iran,31.32,48.67,43.1,9.0,Windy,Normal
2023-09-13,Ahvaz,Ahvaz,Iran,31.32,48.67,28.8,187.0,Breezy,Normal
2023-09-16,Ahvaz,Ahvaz,Iran,31.32,48.67,20.5,72.0,Breezy,Normal
2023-09-17,Ahvaz,Ahvaz,Iran,31.32,48.67,21.2,121.0,Breezy,Normal
2023-09-19,Ahvaz,Ahvaz,Iran,31.32,48.67,26.9,259.0,Breezy,Normal
2023-09-20,Ahvaz,Ahvaz,Iran,31.32,48.67,23.4,294.0,Breezy,Normal
2023-09-22,Ahvaz,Ahvaz,Iran,31.32,48.67,30.9,285.0,Breezy,Normal
2023-09-25,Ahvaz,Ahvaz,Iran,31.32,48.67,20.7,16.0,Breezy,Normal
2023-09-27,Ahvaz,Ahvaz,Iran,31.32,48.67,29.9,186.0,Breezy,Normal
2023-09-29,Ahvaz,Ahvaz,Iran,31.32,48.67,32.6,323.0,Breezy,Normal
2023-10-01,Ahvaz,Ahvaz,Iran,31.32,48.67,21.4,143.0,Breezy,Normal
2023-10-02,Ahvaz,Ahvaz,Iran,31.32,48.67,20.2,186.0,Breezy,Normal
2023-10-03,Ahvaz,Ahvaz,Iran,31.32,48.67,29.1,51.0,Breezy,Normal
2023-10-05,Ahvaz,Ahvaz,Iran,31.32,48.67,20.5,68.0,Breezy,Normal
2023-10-08,Ahvaz,Ahvaz,Iran,31.32,48.67,32.6,225.0,Breezy,Normal
2023-10-09,Ahvaz,Ahvaz,Iran,31.32,48.67,23.4,350.0,Breezy,Normal
2023-10-10,Ahvaz,Ahvaz,Iran,31.32,48.67,23.7,153.0,Breezy,Normal
2023-10-13,Ahvaz,Ahvaz,Iran,31.32,48.67,30.4,117.0,Breezy,Normal
2023-10-17,Ahvaz,Ahvaz,Iran,31.32,48.67,38.6,64.0,Breezy,Normal
2023-10-18,Ahvaz,Ahvaz,Iran,31.32,48.67,33.8,358.0,Breezy,Normal
2023-10-20,Ahvaz,Ahvaz,Iran,31.32,48.67,31.3,308.0,Breezy,Normal
2023-10-21,Ahvaz,Ahvaz,Iran,31.32,48.67,21.7,198.0,Breezy,Normal
2023-10-23,Ahvaz,Ahvaz,Iran,31.32,48.67,21.5,200.0,Breezy,Normal
2023-10-25,Ahvaz,Ahvaz,Iran,31.32,48.67,30.9,138.0,Breezy,Normal
2023-10-26,Ahvaz,Ahvaz,Iran,31.32,48.67,23.2,97.0,Breezy,Normal
2023-10-27,Ahvaz,Ahvaz,Iran,31.32,48.67,22.7,251.0,Breezy,Normal
2023-10-30,Ahvaz,Ahvaz,Iran,31.32,48.67,22.2,278.0,Breezy,Normal
2023-10-31,Ahvaz,Ahvaz,Iran,31.32,48.67,24.3,202.0,Breezy,Normal
2023-11-01,Ahvaz,Ahvaz,Iran,31.32,48.67,24.4,210.0,Breezy,Normal
2023-11-02,Ahvaz,Ahvaz,Iran,31.32,48.67,21.0,26.0,Breezy,Normal
2023-11-04,Ahvaz,Ahvaz,Iran,31.32,48.67,25.9,86.0,Breezy,Normal
2023-11-07,Ahvaz,Ahvaz,Iran,31.32,48.67,23.7,186.0,Breezy,Normal
2023-11-10,Ahvaz,Ahvaz,Iran,31.32,48.67,23.7,129.0,Breezy,Normal
2023-11-11,Ahvaz,Ahvaz,Iran,31.32,48.67,28.9,32.0,Breezy,Normal
2023-11-13,Ahvaz,Ahvaz,Iran,31.32,48.67,21.9,283.0,Breezy,Normal
2023-11-14,Ahvaz,Ahvaz,Iran,31.32,48.67,29.3,159.0,Breezy,Normal
2023-11-16,Ahvaz,Ahvaz,Iran,31.32,48.67,22.1,15.0,Breezy,Normal
2023-11-23,Ahvaz,Ahvaz,Iran,31.32,48.67,28.2,266.0,Breezy,Normal
2023-11-27,Ahvaz,Ahvaz,Iran,31.32,48.67,27.5,156.0,Breezy,Normal
2023-11-29,Ahvaz,Ahvaz,Iran,31.32,48.67,31.4,318.0,Breezy,Normal
2023-11-30,Ahvaz,Ahvaz,Iran,31.32,48.67,20.9,20.0,Breezy,Normal
2023-12-06,Ahvaz,Ahvaz,Iran,31.32,48.67,21.7,126.0,Breezy,Normal
2023-12-09,Ahvaz,Ahvaz,Iran,31.32,48.67,20.3,222.0,Breezy,Normal
2023-12-10,Ahvaz,Ahvaz,Iran,31.32,48.67,24.2,241.0,Breezy,Normal
2023-12-12,Ahvaz,Ahvaz,Iran,31.32,48.67,30.4,297.0,Breezy,Normal
2023-12-14,Ahvaz,Ahvaz,Iran,31.32,48.67,31.6,42.0,Breezy,Normal
2023-12-15,Ahvaz,Ahvaz,Iran,31.32,48.67,22.5,336.0,Breezy,Normal
2023-12-18,Ahvaz,Ahvaz,Iran,31.32,48.67,29.8,85.0,Breezy,Normal
2023-12-19,Ahvaz,Ahvaz,Iran,31.32,48.67,38.6,264.0,Breezy,Normal
2023-12-20,Ahvaz,Ahvaz,Iran,31.32,48.67,24.1,7.0,Breezy,Normal
2023-12-21,Ahvaz,Ahvaz,Iran,31.32,48.67,37.7,327.0,Breezy,Normal
2023-12-24,Ahvaz,Ahvaz,Iran,31.32,48.67,27.5,228.0,Breezy,Normal
2023-12-25,Ahvaz,Ahvaz,Iran,31.32,48.67,20.5,324.0,Breezy,Normal
2023-12-29,Ahvaz,Ahvaz,Iran,31.32,48.67,34.1,40.0,Breezy,Normal
2023-12-30,Ahvaz,Ahvaz,Iran,31.32,48.67,20.3,19.0,Breezy,Normal
2023-12-31,Ahvaz,Ahvaz,Iran,31.32,48.67,45.9,76.0,Windy,Normal
2022-01-02,Urumqi,Urumqi,China,43.82,87.62,34.0,151.0,Breezy,Normal
2022-01-09,Urumqi,Urumqi,China,43.82,87.62,30.7,36.0,Breezy,Normal
2022-01-10,Urumqi,Urumqi,China,43.82,87.62,21.1,174.0,Breezy,Normal
2022-01-11,Urumqi,Urumqi,China,43.82,87.62,20.9,232.0,Breezy,Normal
2022-01-13,Urumqi,Urumqi,China,43.82,87.62,34.2,261.0,Breezy,Normal
2022-01-14,Urumqi,Urumqi,China,43.82,87.62,23.2,156.0,Breezy,Normal
2022-01-15,Urumqi,Urumqi,China,43.82,87.62,34.6,167.0,Breezy,Normal
2022-01-17,Urumqi,Urumqi,China,43.82,87.62,24.1,289.0,Breezy,Normal
2022-01-23,Urumqi,Urumqi,China,43.82,87.62,23.6,300.0,Breezy,Normal
2022-01-25,Urumqi,Urumqi,China,43.82,87.62,21.4,350.0,Breezy,Normal
2022-01-28,Urumqi,Urumqi,China,43.82,87.62,32.8,354.0,Breezy,Normal
2022-01-31,Urumqi,Urumqi,China,43.82,87.62,26.4,122.0,Breezy,Normal
2022-02-01,Urumqi,Urumqi,China,43.82,87.62,25.5,286.0,Breezy,Normal
2022-02-02,Urumqi,Urumqi,China,43.82,87.62,25.7,355.0,Breezy,Normal
2022-02-04,Urumqi,Urumqi,China,43.82,87.62,36.5,294.0,Breezy,Normal
2022-02-08,Urumqi,Urumqi,China,43.82,87.62,20.4,257.0,Breezy,Normal
2022-02-09,Urumqi,Urumqi,China,43.82,87.62,38.4,351.0,Breezy,Normal
2022-02-14,Urumqi,Urumqi,China,43.82,87.62,28.6,275.0,Breezy,Normal
2022-02-15,Urumqi,Urumqi,China,43.82,87.62,34.6,251.0,Breezy,Normal
2022-02-18,Urumqi,Urumqi,China,43.82,87.62,29.8,8.0,Breezy,Normal
2022-02-19,Urumqi,Urumqi,China,43.82,87.62,23.8,120.0,Breezy,Normal
2022-02-24,Urumqi,Urumqi,China,43.82,87.62,32.4,144.0,Breezy,Normal
2022-02-25,Urumqi,Urumqi,China,43.82,87.62,25.4,113.0,Breezy,Normal
2022-03-01,Urumqi,Urumqi,China,43.82,87.62,27.2,193.0,Breezy,Normal
2022-03-02,Urumqi,Urumqi,China,43.82,87.62,26.2,196.0,Breezy,Normal
2022-03-04,Urumqi,Urumqi,China,43.82,87.62,22.6,114.0,Breezy,Normal
2022-03-08,Urumqi,Urumqi,China,43.82,87.62,24.6,79.0,Breezy,Normal
2022-03-10,Urumqi,Urumqi,China,43.82,87.62,29.0,163.0,Breezy,Normal
2022-03-13,Urumqi,Urumqi,China,43.82,87.62,25.1,343.0,Breezy,Normal
2022-03-16,Urumqi,Urumqi,China,43.82,87.62,25.8,48.0,Breezy,Normal
2022-03-17,Urumqi,Urumqi,China,43.82,87.62,25.9,302.0,Breezy,Normal
2022-03-18,Urumqi,Urumqi,China,43.82,87.62,23.1,145.0,Breezy,Normal
2022-03-20,Urumqi,Urumqi,China,43.82,87.62,33.5,135.0,Breezy,Normal
2022-03-21,Urumqi,Urumqi,China,43.82,87.62,24.1,0.0,Breezy,Normal
2022-03-22,Urumqi,Urumqi,China,43.82,87.62,26.5,181.0,Breezy,Normal
2022-03-23,Urumqi,Urumqi,China,43.82,87.62,22.2,66.0,Breezy,Normal
2022-03-31,Urumqi,Urumqi,China,43.82,87.62,22.8,53.0,Breezy,Normal
2022-04-02,Urumqi,Urumqi,China,43.82,87.62,27.0,121.0,Breezy,Normal
2022-04-05,Urumqi,Urumqi,China,43.82,87.62,21.8,299.0,Breezy,Normal
2022-04-09,Urumqi,Urumqi,China,43.82,87.62,22.9,220.0,Breezy,Normal
2022-04-15,Urumqi,Urumqi,China,43.82,87.62,28.1,266.0,Breezy,Normal
2022-04-17,Urumqi,Urumqi,China,43.82,87.62,33.6,345.0,Breezy,Normal
2022-04-23,Urumqi,Urumqi,China,43.82,87.62,27.8,221.0,Breezy,Normal
2022-04-24,Urumqi,Urumqi,China,43.82,87.62,20.9,193.0,Breezy,Normal
2022-04-25,Urumqi,Urumqi,China,43.82,87.62,22.4,62.0,Breezy,Normal
2022-04-27,Urumqi,Urumqi,China,43.82,87.62,32.7,281.0,Breezy,Normal
2022-04-30,Urumqi,Urumqi,China,43.82,87.62,27.8,321.0,Breezy,Normal
2022-05-02,Urumqi,Urumqi,China,43.82,87.62,22.5,32.0,Breezy,Normal
2022-05-03,Urumqi,Urumqi,China,43.82,87.62,23.7,276.0,Breezy,Normal
2022-05-06,Urumqi,Urumqi,China,43.82,87.62,34.2,351.0,Breezy,Normal
2022-05-07,Urumqi,Urumqi,China,43.82,87.62,22.1,282.0,Breezy,Normal
2022-05-08,Urumqi,Urumqi,China,43.82,87.62,30.5,216.0,Breezy,Normal
2022-05-09,Urumqi,Urumqi,China,43.82,87.62,27.9,15.0,Breezy,Normal
2022-05-11,Urumqi,Urumqi,China,43.82,87.62,21.6,103.0,Breezy,Normal
2022-05-17,Urumqi,Urumqi,China,43.82,87.62,22.4,293.0,Breezy,Normal
2022-05-27,Urumqi,Urumqi,China,43.82,87.62,24.4,143.0,Breezy,Normal
2022-05-29,Urumqi,Urumqi,China,43.82,87.62,20.3,336.0,Breezy,Normal
2022-05-30,Urumqi,Urumqi,China,43.82,87.62,20.3,356.0,Breezy,Normal
2022-05-31,Urumqi,Urumqi,China,43.82,87.62,24.3,217.0,Breezy,Normal
2022-06-05,Urumqi,Urumqi,China,43.82,87.62,23.0,347.0,Breezy,Normal
2022-06-09,Urumqi,Urumqi,China,43.82,87.62,23.7,197.0,Breezy,Normal
2022-06-19,Urumqi,Urumqi,China,43.82,87.62,21.1,99.0,Breezy,Normal
2022-06-20,Urumqi,Urumqi,China,43.82,87.62,24.8,48.0,Breezy,Normal
2022-06-24,Urumqi,Urumqi,China,43.82,87.62,22.7,164.0,Breezy,Normal
2022-06-26,Urumqi,Urumqi,China,43.82,87.62,26.2,172.0,Breezy,Normal
2022-06-27,Urumqi,Urumqi,China,43.82,87.62,49.0,177.0,Windy,Normal
2022-06-28,Urumqi,Urumqi,China,43.82,87.62,23.1,55.0,Breezy,Normal
2022-06-29,Urumqi,Urumqi,China,43.82,87.62,30.7,326.0,Breezy,Normal
2022-06-30,Urumqi,Urumqi,China,43.82,87.62,34.6,257.0,Breezy,Normal
2022-07-02,Urumqi,Urumqi,China,43.82,87.62,31.7,6.0,Breezy,Normal
2022-07-03,Urumqi,Urumqi,China,43.82,87.62,26.6,281.0,Breezy,Normal
2022-07-05,Urumqi,Urumqi,China,43.82,87.62,21.2,165.0,Breezy,Normal
2022-07-08,Urumqi,Urumqi,China,43.82,87.62,22.9,157.0,Breezy,Normal
2022-07-11,Urumqi,Urumqi,China,43.82,87.62,23.7,180.0,Breezy,Normal
2022-07-13,Urumqi,Urumqi,China,43.82,87.62,28.2,265.0,Breezy,Normal
2022-07-15,Urumqi,Urumqi,China,43.82,87.62,41.5,224.0,Windy,Normal
2022-07-16,Urumqi,Urumqi,China,43.82,87.62,21.5,114.0,Breezy,Normal
2022-07-17,Urumqi,Urumqi,China,43.82,87.62,20.5,150.0,Breezy,Normal
2022-07-20,Urumqi,Urumqi,China,43.82,87.62,29.1,137.0,Breezy,Normal
2022-07-21,Urumqi,Urumqi,China,43.82,87.62,31.1,293.0,Breezy,Normal
2022-07-22,Urumqi,Urumqi,China,43.82,87.62,20.9,357.0,Breezy,Normal
2022-07-25,Urumqi,Urumqi,China,43.82,87.62,20.4,279.0,Breezy,Normal
2022-07-31,Urumqi,Urumqi,China,43.82,87.62,42.9,218.0,Windy,Normal
2022-08-01,Urumqi,Urumqi,China,43.82,87.62,46.8,308.0,Windy,Normal
2022-08-05,Urumqi,Urumqi,China,43.82,87.62,23.3,106.0,Breezy,Normal
2022-08-06,Urumqi,Urumqi,China,43.82,87.62,22.6,308.0,Breezy,Normal
2022-08-07,Urumqi,Urumqi,China,43.82,87.62,20.2,172.0,Breezy,Normal
2022-08-08,Urumqi,Urumqi,China,43.82,87.62,38.5,338.0,Breezy,Normal
2022-08-09,Urumqi,Urumqi,China,43.82,87.62,41.6,81.0,Windy,Normal
2022-08-13,Urumqi,Urumqi,China,43.82,87.62,38.5,213.0,Breezy,Normal
2022-08-14,Urumqi,Urumqi,China,43.82,87.62,21.8,57.0,Breezy,Normal
2022-08-17,Urumqi,Urumqi,China,43.82,87.62,30.8,347.0,Breezy,Normal
2022-08-19,Urumqi,Urumqi,China,43.82,87.62,24.9,228.0,Breezy,Normal
2022-08-20,Urumqi,Urumqi,China,43.82,87.62,22.1,59.0,Breezy,Normal
2022-08-21,Urumqi,Urumqi,China,43.82,87.62,22.7,157.0,Breezy,Normal
2022-08-22,Urumqi,Urumqi,China,43.82,87.62,27.9,189.0,Breezy,Normal
2022-08-23,Urumqi,Urumqi,China,43.82,87.62,29.0,207.0,Breezy,Normal
2022-08-25,Urumqi,Urumqi,China,43.82,87.62,25.1,315.0,Breezy,Normal
2022-08-27,Urumqi,Urumqi,China,43.82,87.62,27.5,285.0,Breezy,Normal
2022-08-29,Urumqi,Urumqi,China,43.82,87.62,30.9,284.0,Breezy,Normal
2022-09-02,Urumqi,Urumqi,China,43.82,87.62,20.1,262.0,Breezy,Normal
2022-09-04,Urumqi,Urumqi,China,43.82,87.62,22.1,127.0,Breezy,Normal
2022-09-08,Urumqi,Urumqi,China,43.82,87.62,20.2,212.0,Breezy,Normal
2022-09-09,Urumqi,Urumqi,China,43.82,87.62,22.3,133.0,Breezy,Normal
2022-09-15,Urumqi,Urumqi,China,43.82,87.62,28.0,340.0,Breezy,Normal
2022-09-16,Urumqi,Urumqi,China,43.82,87.62,29.5,145.0,Breezy,Normal
2022-09-20,Urumqi,Urumqi,China,43.82,87.62,30.1,303.0,Breezy,Normal
2022-09-30,Urumqi,Urumqi,China,43.82,87.62,27.7,64.0,Breezy,Normal
2022-10-01,Urumqi,Urumqi,China,43.82,87.62,29.2,140.0,Breezy,Normal
2022-10-05,Urumqi,Urumqi,China,43.82,87.62,20.8,172.0,Breezy,Normal
2022-10-07,Urumqi,Urumqi,China,43.82,87.62,34.6,146.0,Breezy,Normal
2022-10-09,Urumqi,Urumqi,China,43.82,87.62,23.0,22.0,Breezy,Normal
2022-10-13,Urumqi,Urumqi,China,43.82,87.62,23.4,294.0,Breezy,Normal
2022-10-14,Urumqi,Urumqi,China,43.82,87.62,30.0,258.0,Breezy,Normal
2022-10-15,Urumqi,Urumqi,China,43.82,87.62,23.6,10.0,Breezy,Normal
2022-10-18,Urumqi,Urumqi,China,43.82,87.62,21.3,215.0,Breezy,Normal
2022-10-22,Urumqi,Urumqi,China,43.82,87.62,27.2,209.0,Breezy,Normal
2022-10-23,Urumqi,Urumqi,China,43.82,87.62,22.5,115.0,Breezy,Normal
2022-10-24,Urumqi,Urumqi,China,43.82,87.62,25.8,268.0,Breezy,Normal
2022-10-25,Urumqi,Urumqi,China,43.82,87.62,32.6,202.0,Breezy,Normal
2022-10-27,Urumqi,Urumqi,China,43.82,87.62,21.1,98.0,Breezy,Normal
2022-11-05,Urumqi,Urumqi,China,43.82,87.62,31.2,24.0,Breezy,Normal
2022-11-07,Urumqi,Urumqi,China,43.82,87.62,27.2,272.0,Breezy,Normal
2022-11-10,Urumqi,Urumqi,China,43.82,87.62,20.2,245.0,Breezy,Normal
2022-11-11,Urumqi,Urumqi,China,43.82,87.62,21.4,49.0,Breezy,Normal
2022-11-12,Urumqi,Urumqi,China,43.82,87.62,24.7,47.0,Breezy,Normal
2022-11-17,Urumqi,Urumqi,China,43.82,87.62,33.0,190.0,Breezy,Normal
2022-11-21,Urumqi,Urumqi,China,43.82,87.62,24.7,34.0,Breezy,Normal
2022-11-22,Urumqi,Urumqi,China,43.82,87.62,33.4,183.0,Breezy,Normal
2022-11-24,Urumqi,Urumqi,China,43.82,87.62,46.5,275.0,Windy,Normal
2022-11-26,Urumqi,Urumqi,China,43.82,87.62,28.0,161.0,Breezy,Normal
2022-11-28,Urumqi,Urumqi,China,43.82,87.62,22.4,49.0,Breezy,Normal
2022-11-30,Urumqi,Urumqi,China,43.82,87.62,28.4,180.0,Breezy,Normal
2022-12-01,Urumqi,Urumqi,China,43.82,87.62,35.8,317.0,Breezy,Normal
2022-12-09,Urumqi,Urumqi,China,43.82,87.62,29.9,290.0,Breezy,Normal
2022-12-12,Urumqi,Urumqi,China,43.82,87.62,27.4,105.0,Breezy,Normal
2022-12-13,Urumqi,Urumqi,China,43.82,87.62,45.7,359.0,Windy,Normal
2022-12-14,Urumqi,Urumqi,China,43.82,87.62,27.9,100.0,Breezy,Normal
2022-12-16,Urumqi,Urumqi,China,43.82,87.62,23.9,334.0,Breezy,Normal
2022-12-18,Urumqi,Urumqi,China,43.82,87.62,40.5,332.0,Windy,Normal
2022-12-20,Urumqi,Urumqi,China,43.82,87.62,25.2,118.0,Breezy,Normal
2022-12-22,Urumqi,Urumqi,China,43.82,87.62,23.4,231.0,Breezy,Normal
2022-12-23,Urumqi,Urumqi,China,43.82,87.62,24.6,46.0,Breezy,Normal
2022-12-24,Urumqi,Urumqi,China,43.82,87.62,22.2,40.0,Breezy,Normal
2022-12-29,Urumqi,Urumqi,China,43.82,87.62,22.4,303.0,Breezy,Normal
2022-12-30,Urumqi,Urumqi,China,43.82,87.62,24.6,342.0,Breezy,Normal
2022-12-31,Urumqi,Urumqi,China,43.82,87.62,20.2,34.0,Breezy,Normal
2023-01-02,Urumqi,Urumqi,China,43.82,87.62,21.8,84.0,Breezy,Normal
2023-01-08,Urumqi,Urumqi,China,43.82,87.62,26.7,39.0,Breezy,Normal
2023-01-11,Urumqi,Urumqi,China,43.82,87.62,27.1,348.0,Breezy,Normal
2023-01-15,Urumqi,Urumqi,China,43.82,87.62,26.3,191.0,Breezy,Normal
2023-01-18,Urumqi,Urumqi,China,43.82,87.62,27.3,181.0,Breezy,Normal
2023-01-19,Urumqi,Urumqi,China,43.82,87.62,28.0,328.0,Breezy,Normal
2023-01-23,Urumqi,Urumqi,China,43.82,87.62,28.9,39.0,Breezy,Normal
2023-01-28,Urumqi,Urumqi,China,43.82,87.62,23.4,336.0,Breezy,Normal
2023-01-29,Urumqi,Urumqi,China,43.82,87.62,32.7,4.0,Breezy,Normal
2023-01-30,Urumqi,Urumqi,China,43.82,87.62,30.3,227.0,Breezy,Normal
2023-01-31,Urumqi,Urumqi,China,43.82,87.62,28.9,194.0,Breezy,Normal
2023-02-01,Urumqi,Urumqi,China,43.82,87.62,34.5,344.0,Breezy,Normal
2023-02-03,Urumqi,Urumqi,China,43.82,87.62,28.9,2.0,Breezy,Normal
2023-02-04,Urumqi,Urumqi,China,43.82,87.62,23.5,300.0,Breezy,Normal
2023-02-05,Urumqi,Urumqi,China,43.82,87.62,23.7,69.0,Breezy,Normal
2023-02-12,Urumqi,Urumqi,China,43.82,87.62,30.9,282.0,Breezy,Normal
2023-02-13,Urumqi,Urumqi,China,43.82,87.62,30.0,191.0,Breezy,Normal
2023-02-14,Urumqi,Urumqi,China,43.82,87.62,26.3,210.0,Breezy,Normal
2023-02-17,Urumqi,Urumqi,China,43.82,87.62,26.4,307.0,Breezy,Normal
2023-02-22,Urumqi,Urumqi,China,43.82,87.62,29.7,142.0,Breezy,Normal
2023-02-23,Urumqi,Urumqi,China,43.82,87.62,38.6,66.0,Breezy,Heatwave
2023-02-25,Urumqi,Urumqi,China,43.82,87.62,25.1,2.0,Breezy,Normal
2023-02-26,Urumqi,Urumqi,China,43.82,87.62,26.7,325.0,Breezy,Normal
2023-02-28,Urumqi,Urumqi,China,43.82,87.62,22.1,166.0,Breezy,Normal
2023-03-02,Urumqi,Urumqi,China,43.82,87.62,29.5,336.0,Breezy,Normal
2023-03-04,Urumqi,Urumqi,China,43.82,87.62,22.0,328.0,Breezy,Normal
2023-03-05,Urumqi,Urumqi,China,43.82,87.62,20.4,237.0,Breezy,Normal
2023-03-07,Urumqi,Urumqi,China,43.82,87.62,35.1,313.0,Breezy,Normal
2023-03-09,Urumqi,Urumqi,China,43.82,87.62,24.4,42.0,Breezy,Normal
2023-03-11,Urumqi,Urumqi,China,43.82,87.62,32.7,347.0,Breezy,Normal
2023-03-12,Urumqi,Urumqi,China,43.82,87.62,23.4,153.0,Breezy,Normal
2023-03-15,Urumqi,Urumqi,China,43.82,87.62,24.8,300.0,Breezy,Normal
2023-03-19,Urumqi,Urumqi,China,43.82,87.62,20.4,132.0,Breezy,Normal
2023-03-21,Urumqi,Urumqi,China,43.82,87.62,40.7,37.0,Windy,Normal
2023-03-25,Urumqi,Urumqi,China,43.82,87.62,31.5,68.0,Breezy,Normal
2023-03-26,Urumqi,Urumqi,China,43.82,87.62,20.4,172.0,Breezy,Normal
2023-03-27,Urumqi,Urumqi,China,43.82,87.62,33.1,14.0,Breezy,Normal
2023-04-06,Urumqi,Urumqi,China,43.82,87.62,34.3,224.0,Breezy,Normal
2023-04-09,Urumqi,Urumqi,China,43.82,87.62,20.2,51.0,Breezy,Normal
2023-04-16,Urumqi,Urumqi,China,43.82,87.62,35.5,8.0,Breezy,Normal
2023-04-17,Urumqi,Urumqi,China,43.82,87.62,20.2,355.0,Breezy,Normal
2023-04-23,Urumqi,Urumqi,China,43.82,87.62,21.1,320.0,Breezy,Normal
2023-04-24,Urumqi,Urumqi,China,43.82,87.62,20.6,281.0,Breezy,Normal
2023-04-28,Urumqi,Urumqi,China,43.82,87.62,21.8,238.0,Breezy,Normal
2023-04-30,Urumqi,Urumqi,China,43.82,87.62,21.9,229.0,Breezy,Normal
2023-05-03,Urumqi,Urumqi,China,43.82,87.62,24.0,57.0,Breezy,Normal
2023-05-04,Urumqi,Urumqi,China,43.82,87.62,28.3,299.0,Breezy,Normal
2023-05-05,Urumqi,Urumqi,China,43.82,87.62,25.3,24.0,Breezy,Normal
2023-05-06,Urumqi,Urumqi,China,43.82,87.62,34.0,88.0,Breezy,Normal
2023-05-07,Urumqi,Urumqi,China,43.82,87.62,20.4,265.0,Breezy,Normal
2023-05-08,Urumqi,Urumqi,China,43.82,87.62,29.1,64.0,Breezy,Normal
2023-05-13,Urumqi,Urumqi,China,43.82,87.62,25.1,127.0,Breezy,Normal
2023-05-15,Urumqi,Urumqi,China,43.82,87.62,20.4,166.0,Breezy,Normal
2023-05-16,Urumqi,Urumqi,China,43.82,87.62,27.4,262.0,Breezy,Heatwave
2023-05-21,Urumqi,Urumqi,China,43.82,87.62,29.8,200.0,Breezy,Normal
2023-05-22,Urumqi,Urumqi,China,43.82,87.62,30.4,146.0,Breezy,Normal
2023-05-24,Urumqi,Urumqi,China,43.82,87.62,22.3,264.0,Breezy,Normal
2023-05-26,Urumqi,Urumqi,China,43.82,87.62,30.4,350.0,Breezy,Normal
2023-05-29,Urumqi,Urumqi,China,43.82,87.62,29.1,260.0,Breezy,Normal
2023-06-01,Urumqi,Urumqi,China,43.82,87.62,33.2,125.0,Breezy,Normal
2023-06-02,Urumqi,Urumqi,China,43.82,87.62,30.9,76.0,Breezy,Normal
2023-06-06,Urumqi,Urumqi,China,43.82,87.62,23.7,241.0,Breezy,Normal
2023-06-08,Urumqi,Urumqi,China,43.82,87.62,32.1,183.0,Breezy,Normal
2023-06-09,Urumqi,Urumqi,China,43.82,87.62,21.7,320.0,Breezy,Normal
2023-06-11,Urumqi,Urumqi,China,43.82,87.62,23.3,44.0,Breezy,Normal
2023-06-12,Urumqi,Urumqi,China,43.82,87.62,27.1,140.0,Breezy,Normal
2023-06-18,Urumqi,Urumqi,China,43.82,87.62,27.7,185.0,Breezy,Normal
2023-06-21,Urumqi,Urumqi,China,43.82,87.62,24.9,308.0,Breezy,Normal
2023-06-26,Urumqi,Urumqi,China,43.82,87.62,35.6,314.0,Breezy,Normal
2023-06-29,Urumqi,Urumqi,China,43.82,87.62,27.4,352.0,Breezy,Normal
2023-07-05,Urumqi,Urumqi,China,43.82,87.62,34.0,304.0,Breezy,Normal
2023-07-07,Urumqi,Urumqi,China,43.82,87.62,26.0,254.0,Breezy,Normal
2023-07-09,Urumqi,Urumqi,China,43.82,87.62,32.1,309.0,Breezy,Normal
2023-07-11,Urumqi,Urumqi,China,43.82,87.62,20.1,79.0,Breezy,Normal
2023-07-12,Urumqi,Urumqi,China,43.82,87.62,22.0,349.0,Breezy,Normal
2023-07-15,Urumqi,Urumqi,China,43.82,87.62,32.4,267.0,Breezy,Normal
2023-07-16,Urumqi,Urumqi,China,43.82,87.62,24.9,272.0,Breezy,Normal
2023-07-18,Urumqi,Urumqi,China,43.82,87.62,30.2,59.0,Breezy,Normal
2023-07-19,Urumqi,Urumqi,China,43.82,87.62,41.9,206.0,Windy,Normal
2023-07-24,Urumqi,Urumqi,China,43.82,87.62,21.2,2.0,Breezy,Normal
2023-07-25,Urumqi,Urumqi,China,43.82,87.62,24.7,14.0,Breezy,Normal
2023-07-26,Urumqi,Urumqi,China,43.82,87.62,29.8,138.0,Breezy,Normal
2023-07-27,Urumqi,Urumqi,China,43.82,87.62,20.6,336.0,Breezy,Normal
2023-08-08,Urumqi,Urumqi,China,43.82,87.62,24.3,304.0,Breezy,Normal
2023-08-10,Urumqi,Urumqi,China,43.82,87.62,27.3,22.0,Breezy,Normal
2023-08-12,Urumqi,Urumqi,China,43.82,87.62,22.1,156.0,Breezy,Normal
2023-08-19,Urumqi,Urumqi,China,43.82,87.62,24.8,115.0,Breezy,Normal
2023-08-22,Urumqi,Urumqi,China,43.82,87.62,23.2,111.0,Breezy,Normal
2023-08-26,Urumqi,Urumqi,China,43.82,87.62,29.9,228.0,Breezy,Normal
2023-08-30,Urumqi,Urumqi,China,43.82,87.62,26.6,25.0,Breezy,Normal
2023-09-01,Urumqi,Urumqi,China,43.82,87.62,26.8,22.0,Breezy,Normal
2023-09-02,Urumqi,Urumqi,China,43.82,87.62,23.6,96.0,Breezy,Normal
2023-09-04,Urumqi,Urumqi,China,43.82,87.62,23.4,180.0,Breezy,Normal
2023-09-07,Urumqi,Urumqi,China,43.82,87.62,39.8,286.0,Breezy,Normal
2023-09-08,Urumqi,Urumqi,China,43.82,87.62,29.2,326.0,Breezy,Normal
2023-09-09,Urumqi,Urumqi,China,43.82,87.62,33.7,229.0,Breezy,Normal
2023-09-10,Urumqi,Urumqi,China,43.82,87.62,24.4,270.0,Breezy,Normal
2023-09-11,Urumqi,Urumqi,China,43.82,87.62,34.5,125.0,Breezy,Normal
2023-09-12,Urumqi,Urumqi,China,43.82,87.62,38.0,26.0,Breezy,Normal
2023-09-13,Urumqi,Urumqi,China,43.82,87.62,26.8,245.0,Breezy,Normal
2023-09-16,Urumqi,Urumqi,China,43.82,87.62,31.1,116.0,Breezy,Normal
2023-09-25,Urumqi,Urumqi,China,43.82,87.62,29.0,80.0,Breezy,Normal
2023-09-26,Urumqi,Urumqi,China,43.82,87.62,23.2,291.0,Breezy,Normal
2023-09-30,Urumqi,Urumqi,China,43.82,87.62,28.5,120.0,Breezy,Normal
2023-10-01,Urumqi,Urumqi,China,43.82,87.62,28.8,191.0,Breezy,Normal
2023-10-03,Urumqi,Urumqi,China,43.82,87.62,21.9,246.0,Breezy,Normal
2023-10-05,Urumqi,Urumqi,China,43.82,87.62,23.6,152.0,Breezy,Normal
2023-10-07,Urumqi,Urumqi,China,43.82,87.62,21.1,241.0,Breezy,Normal
2023-10-08,Urumqi,Urumqi,China,43.82,87.62,22.3,105.0,Breezy,Normal
2023-10-09,Urumqi,Urumqi,China,43.82,87.62,26.7,351.0,Breezy,Normal
2023-10-10,Urumqi,Urumqi,China,43.82,87.62,24.0,0.0,Breezy,Normal
2023-10-12,Urumqi,Urumqi,China,43.82,87.62,23.8,318.0,Breezy,Normal
2023-10-13,Urumqi,Urumqi,China,43.82,87.62,26.1,330.0,Breezy,Normal
2023-10-14,Urumqi,Urumqi,China,43.82,87.62,26.9,266.0,Breezy,Normal
2023-10-15,Urumqi,Urumqi,China,43.82,87.62,39.4,132.0,Breezy,Normal
2023-10-20,Urumqi,Urumqi,China,43.82,87.62,26.0,67.0,Breezy,Normal
2023-10-24,Urumqi,Urumqi,China,43.82,87.62,25.4,79.0,Breezy,Normal
2023-10-26,Urumqi,Urumqi,China,43.82,87.62,22.6,111.0,Breezy,Normal
2023-10-27,Urumqi,Urumqi,China,43.82,87.62,30.2,95.0,Breezy,Normal
2023-10-28,Urumqi,Urumqi,China,43.82,87.62,25.1,310.0,Breezy,Normal
2023-10-29,Urumqi,Urumqi,China,43.82,87.62,20.5,80.0,Breezy,Normal
2023-10-31,Urumqi,Urumqi,China,43.82,87.62,22.0,135.0,Breezy,Normal
2023-11-01,Urumqi,Urumqi,China,43.82,87.62,20.8,119.0,Breezy,Normal
2023-11-02,Urumqi,Urumqi,China,43.82,87.62,36.6,137.0,Breezy,Normal
2023-11-04,Urumqi,Urumqi,China,43.82,87.62,31.7,249.0,Breezy,Normal
2023-11-05,Urumqi,Urumqi,China,43.82,87.62,31.7,75.0,Breezy,Normal
2023-11-06,Urumqi,Urumqi,China,43.82,87.62,20.7,311.0,Breezy,Normal
2023-11-08,Urumqi,Urumqi,China,43.82,87.62,30.9,189.0,Breezy,Normal
2023-11-10,Urumqi,Urumqi,China,43.82,87.62,23.6,306.0,Breezy,Normal
2023-11-17,Urumqi,Urumqi,China,43.82,87.62,26.6,24.0,Breezy,Normal
2023-11-22,Urumqi,Urumqi,China,43.82,87.62,22.7,0.0,Breezy,Normal
2023-11-27,Urumqi,Urumqi,China,43.82,87.62,24.5,102.0,Breezy,Normal
2023-11-30,Urumqi,Urumqi,China,43.82,87.62,27.9,148.0,Breezy,Normal
2023-12-02,Urumqi,Urumqi,China,43.82,87.62,24.6,352.0,Breezy,Normal
2023-12-07,Urumqi,Urumqi,China,43.82,87.62,23.1,235.0,Breezy,Normal
2023-12-10,Urumqi,Urumqi,China,43.82,87.62,21.6,15.0,Breezy,Normal
2023-12-11,Urumqi,Urumqi,China,43.82,87.62,24.6,59.0,Breezy,Normal
2023-12-12,Urumqi,Urumqi,China,43.82,87.62,37.5,91.0,Breezy,Normal
2023-12-15,Urumqi,Urumqi,China,43.82,87.62,23.0,357.0,Breezy,Normal
2023-12-16,Urumqi,Urumqi,China,43.82,87.62,22.0,112.0,Breezy,Normal
2023-12-22,Urumqi,Urumqi,China,43.82,87.62,32.3,61.0,Breezy,Normal
2023-12-23,Urumqi,Urumqi,China,43.82,87.62,47.4,51.0,Windy,Normal
2023-12-29,Urumqi,Urumqi,China,43.82,87.62,27.5,353.0,Breezy,Normal
2023-12-30,Urumqi,Urumqi,China,43.82,87.62,22.9,185.0,Breezy,Normal
2023-12-31,Urumqi,Urumqi,China,43.82,87.62,31.9,38.0,Breezy,Normal
2022-01-01,Kashgar,Kashgar,China,39.47,75.99,22.2,102.0,Breezy,Normal
2022-01-05,Kashgar,Kashgar,China,39.47,75.99,26.9,341.0,Breezy,Normal
2022-01-07,Kashgar,Kashgar,China,39.47,75.99,24.9,197.0,Breezy,Normal
2022-01-08,Kashgar,Kashgar,China,39.47,75.99,21.3,246.0,Breezy,Normal
2022-01-10,Kashgar,Kashgar,China,39.47,75.99,24.8,246.0,Breezy,Normal
2022-01-16,Kashgar,Kashgar,China,39.47,75.99,27.9,158.0,Breezy,Normal
2022-01-18,Kashgar,Kashgar,China,39.47,75.99,28.4,204.0,Breezy,Normal
2022-01-23,Kashgar,Kashgar,China,39.47,75.99,25.1,27.0,Breezy,Normal
2022-01-26,Kashgar,Kashgar,China,39.47,75.99,21.2,172.0,Breezy,Normal
2022-02-02,Kashgar,Kashgar,China,39.47,75.99,36.4,309.0,Breezy,Normal
2022-02-04,Kashgar,Kashgar,China,39.47,75.99,40.3,227.0,Windy,Normal
2022-02-05,Kashgar,Kashgar,China,39.47,75.99,28.1,155.0,Breezy,Normal
2022-02-10,Kashgar,Kashgar,China,39.47,75.99,30.9,112.0,Breezy,Normal
2022-02-13,Kashgar,Kashgar,China,39.47,75.99,22.6,282.0,Breezy,Normal
2022-02-16,Kashgar,Kashgar,China,39.47,75.99,23.6,277.0,Breezy,Normal
2022-02-19,Kashgar,Kashgar,China,39.47,75.99,20.7,29.0,Breezy,Normal
2022-02-20,Kashgar,Kashgar,China,39.47,75.99,26.3,260.0,Breezy,Normal
2022-02-23,Kashgar,Kashgar,China,39.47,75.99,24.4,211.0,Breezy,Normal
2022-03-06,Kashgar,Kashgar,China,39.47,75.99,22.7,175.0,Breezy,Normal
2022-03-07,Kashgar,Kashgar,China,39.47,75.99,28.6,109.0,Breezy,Normal
2022-03-08,Kashgar,Kashgar,China,39.47,75.99,24.3,70.0,Breezy,Normal
2022-03-13,Kashgar,Kashgar,China,39.47,75.99,22.1,338.0,Breezy,Normal
2022-03-15,Kashgar,Kashgar,China,39.47,75.99,23.7,304.0,Breezy,Normal
2022-03-17,Kashgar,Kashgar,China,39.47,75.99,22.5,56.0,Breezy,Normal
2022-03-19,Kashgar,Kashgar,China,39.47,75.99,21.1,341.0,Breezy,Normal
2022-04-01,Kashgar,Kashgar,China,39.47,75.99,25.8,190.0,Breezy,Normal
2022-04-05,Kashgar,Kashgar,China,39.47,75.99,27.5,149.0,Breezy,Heatwave
2022-04-06,Kashgar,Kashgar,China,39.47,75.99,26.7,335.0,Breezy,Normal
2022-04-09,Kashgar,Kashgar,China,39.47,75.99,28.5,258.0,Breezy,Normal
2022-04-11,Kashgar,Kashgar,China,39.47,75.99,25.1,128.0,Breezy,Normal
2022-04-12,Kashgar,Kashgar,China,39.47,75.99,22.7,235.0,Breezy,Normal
2022-04-18,Kashgar,Kashgar,China,39.47,75.99,28.6,355.0,Breezy,Normal
2022-04-27,Kashgar,Kashgar,China,39.47,75.99,22.0,54.0,Breezy,Normal
2022-04-28,Kashgar,Kashgar,China,39.47,75.99,21.1,228.0,Breezy,Normal
2022-04-30,Kashgar,Kashgar,China,39.47,75.99,25.4,96.0,Breezy,Normal
2022-05-02,Kashgar,Kashgar,China,39.47,75.99,40.3,215.0,Windy,Normal
2022-05-07,Kashgar,Kashgar,China,39.47,75.99,23.0,136.0,Breezy,Heatwave
2022-05-08,Kashgar,Kashgar,China,39.47,75.99,22.6,300.0,Breezy,Normal
2022-05-09,Kashgar,Kashgar,China,39.47,75.99,22.3,301.0,Breezy,Normal
2022-05-10,Kashgar,Kashgar,China,39.47,75.99,22.6,359.0,Breezy,Normal
2022-05-17,Kashgar,Kashgar,China,39.47,75.99,28.5,74.0,Breezy,Normal
2022-05-26,Kashgar,Kashgar,China,39.47,75.99,20.1,102.0,Breezy,Normal
2022-05-27,Kashgar,Kashgar,China,39.47,75.99,22.4,28.0,Breezy,Normal
2022-06-03,Kashgar,Kashgar,China,39.47,75.99,37.4,210.0,Breezy,Normal
2022-06-10,Kashgar,Kashgar,China,39.47,75.99,26.4,1.0,Breezy,Normal
2022-06-17,Kashgar,Kashgar,China,39.47,75.99,23.5,279.0,Breezy,Normal
2022-06-21,Kashgar,Kashgar,China,39.47,75.99,29.4,310.0,Breezy,Normal
2022-06-23,Kashgar,Kashgar,China,39.47,75.99,23.6,44.0,Breezy,Normal
2022-06-27,Kashgar,Kashgar,China,39.47,75.99,28.8,72.0,Breezy,Normal
2022-06-28,Kashgar,Kashgar,China,39.47,75.99,28.3,144.0,Breezy,Normal
2022-06-30,Kashgar,Kashgar,China,39.47,75.99,32.5,255.0,Breezy,Normal
2022-07-01,Kashgar,Kashgar,China,39.47,75.99,28.7,160.0,Breezy,Normal
2022-07-02,Kashgar,Kashgar,China,39.47,75.99,28.5,313.0,Breezy,Normal
2022-07-03,Kashgar,Kashgar,China,39.47,75.99,31.5,106.0,Breezy,Normal
2022-07-05,Kashgar,Kashgar,China,39.47,75.99,25.3,139.0,Breezy,Normal
2022-07-06,Kashgar,Kashgar,China,39.47,75.99,29.3,227.0,Breezy,Normal
2022-07-07,Kashgar,Kashgar,China,39.47,75.99,36.8,186.0,Breezy,Normal
2022-07-10,Kashgar,Kashgar,China,39.47,75.99,33.6,253.0,Breezy,Normal
2022-07-13,Kashgar,Kashgar,China,39.47,75.99,21.4,271.0,Breezy,Normal
2022-07-16,Kashgar,Kashgar,China,39.47,75.99,20.1,150.0,Breezy,Normal
2022-07-19,Kashgar,Kashgar,China,39.47,75.99,30.8,221.0,Breezy,Normal
2022-07-20,Kashgar,Kashgar,China,39.47,75.99,23.4,264.0,Breezy,Normal
2022-07-21,Kashgar,Kashgar,China,39.47,75.99,33.1,98.0,Breezy,Normal
2022-07-29,Kashgar,Kashgar,China,39.47,75.99,31.3,230.0,Breezy,Normal
2022-07-30,Kashgar,Kashgar,China,39.47,75.99,27.9,314.0,Breezy,Normal
2022-07-31,Kashgar,Kashgar,China,39.47,75.99,29.0,81.0,Breezy,Normal
2022-08-02,Kashgar,Kashgar,China,39.47,75.99,24.4,107.0,Breezy,Normal
2022-08-03,Kashgar,Kashgar,China,39.47,75.99,24.5,149.0,Breezy,Normal
2022-08-10,Kashgar,Kashgar,China,39.47,75.99,25.5,133.0,Breezy,Normal
2022-08-16,Kashgar,Kashgar,China,39.47,75.99,23.3,140.0,Breezy,Normal
2022-08-17,Kashgar,Kashgar,China,39.47,75.99,29.8,67.0,Breezy,Normal
2022-08-20,Kashgar,Kashgar,China,39.47,75.99,23.1,276.0,Breezy,Normal
2022-08-30,Kashgar,Kashgar,China,39.47,75.99,25.9,355.0,Breezy,Normal
2022-08-31,Kashgar,Kashgar,China,39.47,75.99,28.8,233.0,Breezy,Normal
2022-09-07,Kashgar,Kashgar,China,39.47,75.99,23.9,5.0,Breezy,Normal
2022-09-08,Kashgar,Kashgar,China,39.47,75.99,23.7,41.0,Breezy,Normal
2022-09-10,Kashgar,Kashgar,China,39.47,75.99,20.8,2.0,Breezy,Normal
2022-09-11,Kashgar,Kashgar,China,39.47,75.99,31.5,13.0,Breezy,Normal
2022-09-23,Kashgar,Kashgar,China,39.47,75.99,20.6,40.0,Breezy,Normal
2022-09-24,Kashgar,Kashgar,China,39.47,75.99,24.1,100.0,Breezy,Normal
2022-09-26,Kashgar,Kashgar,China,39.47,75.99,43.3,317.0,Windy,Normal
2022-09-30,Kashgar,Kashgar,China,39.47,75.99,28.4,226.0,Breezy,Normal
2022-10-09,Kashgar,Kashgar,China,39.47,75.99,27.0,67.0,Breezy,Normal
2022-10-12,Kashgar,Kashgar,China,39.47,75.99,23.2,352.0,Breezy,Normal
2022-10-15,Kashgar,Kashgar,China,39.47,75.99,22.5,18.0,Breezy,Normal
2022-10-22,Kashgar,Kashgar,China,39.47,75.99,32.2,347.0,Breezy,Normal
2022-10-24,Kashgar,Kashgar,China,39.47,75.99,29.5,187.0,Breezy,Normal
2022-10-27,Kashgar,Kashgar,China,39.47,75.99,26.4,57.0,Breezy,Normal
2022-10-28,Kashgar,Kashgar,China,39.47,75.99,23.2,210.0,Breezy,Normal
2022-11-01,Kashgar,Kashgar,China,39.47,75.99,26.2,248.0,Breezy,Normal
2022-11-07,Kashgar,Kashgar,China,39.47,75.99,21.4,321.0,Breezy,Normal
2022-11-11,Kashgar,Kashgar,China,39.47,75.99,28.0,190.0,Breezy,Normal
2022-11-13,Kashgar,Kashgar,China,39.47,75.99,20.6,222.0,Breezy,Normal
2022-11-23,Kashgar,Kashgar,China,39.47,75.99,33.3,262.0,Breezy,Normal
2022-11-26,Kashgar,Kashgar,China,39.47,75.99,22.2,213.0,Breezy,Normal
2022-11-27,Kashgar,Kashgar,China,39.47,75.99,26.3,114.0,Breezy,Normal
2022-11-29,Kashgar,Kashgar,China,39.47,75.99,24.3,6.0,Breezy,Normal
2022-12-01,Kashgar,Kashgar,China,39.47,75.99,25.2,54.0,Breezy,Normal
2022-12-08,Kashgar,Kashgar,China,39.47,75.99,22.2,314.0,Breezy,Normal
2022-12-13,Kashgar,Kashgar,China,39.47,75.99,25.3,249.0,Breezy,Normal
2022-12-15,Kashgar,Kashgar,China,39.47,75.99,26.9,118.0,Breezy,Normal
2022-12-17,Kashgar,Kashgar,China,39.47,75.99,21.4,208.0,Breezy,Normal
2022-12-20,Kashgar,Kashgar,China,39.47,75.99,21.2,238.0,Breezy,Normal
2022-12-24,Kashgar,Kashgar,China,39.47,75.99,21.4,32.0,Breezy,Normal
2022-12-27,Kashgar,Kashgar,China,39.47,75.99,20.9,7.0,Breezy,Normal
2023-01-06,Kashgar,Kashgar,China,39.47,75.99,21.5,265.0,Breezy,Normal
2023-01-13,Kashgar,Kashgar,China,39.47,75.99,22.7,145.0,Breezy,Normal
2023-01-14,Kashgar,Kashgar,China,39.47,75.99,22.8,219.0,Breezy,Normal
2023-01-16,Kashgar,Kashgar,China,39.47,75.99,27.7,50.0,Breezy,Normal
2023-01-17,Kashgar,Kashgar,China,39.47,75.99,23.6,147.0,Breezy,Normal
2023-01-18,Kashgar,Kashgar,China,39.47,75.99,26.6,90.0,Breezy,Normal
2023-01-20,Kashgar,Kashgar,China,39.47,75.99,20.1,115.0,Breezy,Normal
2023-01-30,Kashgar,Kashgar,China,39.47,75.99,25.4,235.0,Breezy,Normal
2023-02-05,Kashgar,Kashgar,China,39.47,75.99,23.9,81.0,Breezy,Normal
2023-02-07,Kashgar,Kashgar,China,39.47,75.99,29.7,222.0,Breezy,Normal
2023-02-10,Kashgar,Kashgar,China,39.47,75.99,22.9,23.0,Breezy,Normal
2023-02-14,Kashgar,Kashgar,China,39.47,75.99,20.6,278.0,Breezy,Normal
2023-02-15,Kashgar,Kashgar,China,39.47,75.99,29.9,92.0,Breezy,Normal
2023-02-17,Kashgar,Kashgar,China,39.47,75.99,23.2,260.0,Breezy,Normal
2023-02-22,Kashgar,Kashgar,China,39.47,75.99,31.2,304.0,Breezy,Normal
2023-02-24,Kashgar,Kashgar,China,39.47,75.99,21.4,251.0,Breezy,Normal
2023-02-27,Kashgar,Kashgar,China,39.47,75.99,35.2,178.0,Breezy,Normal
2023-02-28,Kashgar,Kashgar,China,39.47,75.99,22.3,87.0,Breezy,Normal
2023-03-11,Kashgar,Kashgar,China,39.47,75.99,25.6,148.0,Breezy,Normal
2023-03-23,Kashgar,Kashgar,China,39.47,75.99,29.7,218.0,Breezy,Normal
2023-03-24,Kashgar,Kashgar,China,39.47,75.99,32.0,339.0,Breezy,Heatwave
2023-04-10,Kashgar,Kashgar,China,39.47,75.99,24.5,301.0,Breezy,Heatwave
2023-04-12,Kashgar,Kashgar,China,39.47,75.99,28.7,9.0,Breezy,Normal
2023-04-18,Kashgar,Kashgar,China,39.47,75.99,21.0,273.0,Breezy,Normal
2023-04-24,Kashgar,Kashgar,China,39.47,75.99,26.2,49.0,Breezy,Normal
2023-04-26,Kashgar,Kashgar,China,39.47,75.99,28.9,221.0,Breezy,Normal
2023-04-27,Kashgar,Kashgar,China,39.47,75.99,31.1,224.0,Breezy,Normal
2023-04-30,Kashgar,Kashgar,China,39.47,75.99,20.1,121.0,Breezy,Normal
2023-05-10,Kashgar,Kashgar,China,39.47,75.99,25.6,254.0,Breezy,Normal
2023-05-11,Kashgar,Kashgar,China,39.47,75.99,23.0,77.0,Breezy,Heatwave
2023-05-18,Kashgar,Kashgar,China,39.47,75.99,21.6,201.0,Breezy,Normal
2023-05-19,Kashgar,Kashgar,China,39.47,75.99,22.7,215.0,Breezy,Normal
2023-05-20,Kashgar,Kashgar,China,39.47,75.99,39.0,0.0,Breezy,Normal
2023-05-24,Kashgar,Kashgar,China,39.47,75.99,30.8,123.0,Breezy,Normal
2023-05-26,Kashgar,Kashgar,China,39.47,75.99,21.0,103.0,Breezy,Normal
2023-05-27,Kashgar,Kashgar,China,39.47,75.99,21.0,281.0,Breezy,Normal
2023-06-01,Kashgar,Kashgar,China,39.47,75.99,43.4,211.0,Windy,Normal
2023-06-04,Kashgar,Kashgar,China,39.47,75.99,38.8,360.0,Breezy,Normal
2023-06-06,Kashgar,Kashgar,China,39.47,75.99,29.3,184.0,Breezy,Normal
2023-06-09,Kashgar,Kashgar,China,39.47,75.99,34.0,116.0,Breezy,Heatwave
2023-06-10,Kashgar,Kashgar,China,39.47,75.99,25.5,155.0,Breezy,Normal
2023-06-11,Kashgar,Kashgar,China,39.47,75.99,20.3,263.0,Breezy,Normal
2023-06-12,Kashgar,Kashgar,China,39.47,75.99,25.1,332.0,Breezy,Normal
2023-06-14,Kashgar,Kashgar,China,39.47,75.99,23.6,308.0,Breezy,Normal
2023-06-17,Kashgar,Kashgar,China,39.47,75.99,33.3,46.0,Breezy,Normal
2023-06-19,Kashgar,Kashgar,China,39.47,75.99,20.3,72.0,Breezy,Normal
2023-06-20,Kashgar,Kashgar,China,39.47,75.99,21.4,234.0,Breezy,Normal
2023-06-25,Kashgar,Kashgar,China,39.47,75.99,26.0,258.0,Breezy,Normal
2023-06-26,Kashgar,Kashgar,China,39.47,75.99,28.8,8.0,Breezy,Normal
2023-06-30,Kashgar,Kashgar,China,39.47,75.99,33.0,219.0,Breezy,Normal
2023-07-01,Kashgar,Kashgar,China,39.47,75.99,20.2,36.0,Breezy,Normal
2023-07-02,Kashgar,Kashgar,China,39.47,75.99,24.1,18.0,Breezy,Normal
2023-07-03,Kashgar,Kashgar,China,39.47,75.99,20.8,153.0,Breezy,Normal
2023-07-08,Kashgar,Kashgar,China,39.47,75.99,26.6,131.0,Breezy,Normal
2023-07-09,Kashgar,Kashgar,China,39.47,75.99,22.5,341.0,Breezy,Normal
2023-07-12,Kashgar,Kashgar,China,39.47,75.99,26.9,27.0,Breezy,Normal
2023-07-15,Kashgar,Kashgar,China,39.47,75.99,41.0,220.0,Windy,Normal
2023-07-17,Kashgar,Kashgar,China,39.47,75.99,20.9,33.0,Breezy,Normal
2023-07-25,Kashgar,Kashgar,China,39.47,75.99,26.8,168.0,Breezy,Normal
2023-07-31,Kashgar,Kashgar,China,39.47,75.99,37.1,38.0,Breezy,Normal
2023-08-05,Kashgar,Kashgar,China,39.47,75.99,26.8,353.0,Breezy,Normal
2023-08-06,Kashgar,Kashgar,China,39.47,75.99,22.4,306.0,Breezy,Normal
2023-08-07,Kashgar,Kashgar,China,39.47,75.99,21.5,320.0,Breezy,Normal
2023-08-09,Kashgar,Kashgar,China,39.47,75.99,23.5,199.0,Breezy,Normal
2023-08-13,Kashgar,Kashgar,China,39.47,75.99,22.4,290.0,Breezy,Normal
2023-08-14,Kashgar,Kashgar,China,39.47,75.99,35.1,350.0,Breezy,Normal
2023-08-15,Kashgar,Kashgar,China,39.47,75.99,21.2,283.0,Breezy,Normal
2023-08-22,Kashgar,Kashgar,China,39.47,75.99,27.0,333.0,Breezy,Normal
2023-08-23,Kashgar,Kashgar,China,39.47,75.99,24.3,323.0,Breezy,Normal
2023-08-28,Kashgar,Kashgar,China,39.47,75.99,25.7,154.0,Breezy,Normal
2023-08-31,Kashgar,Kashgar,China,39.47,75.99,29.9,162.0,Breezy,Normal
2023-09-04,Kashgar,Kashgar,China,39.47,75.99,31.6,213.0,Breezy,Normal
2023-09-06,Kashgar,Kashgar,China,39.47,75.99,26.1,200.0,Breezy,Normal
2023-09-07,Kashgar,Kashgar,China,39.47,75.99,29.1,103.0,Breezy,Normal
2023-09-09,Kashgar,Kashgar,China,39.47,75.99,21.9,37.0,Breezy,Normal
2023-09-11,Kashgar,Kashgar,China,39.47,75.99,30.7,316.0,Breezy,Normal
2023-09-12,Kashgar,Kashgar,China,39.47,75.99,27.1,62.0,Breezy,Normal
2023-09-15,Kashgar,Kashgar,China,39.47,75.99,23.5,304.0,Breezy,Normal
2023-09-17,Kashgar,Kashgar,China,39.47,75.99,31.1,79.0,Breezy,Normal
2023-09-22,Kashgar,Kashgar,China,39.47,75.99,31.5,58.0,Breezy,Normal
2023-09-24,Kashgar,Kashgar,China,39.47,75.99,31.9,343.0,Breezy,Normal
2023-09-30,Kashgar,Kashgar,China,39.47,75.99,21.2,18.0,Breezy,Normal
2023-10-03,Kashgar,Kashgar,China,39.47,75.99,30.9,265.0,Breezy,Normal
2023-10-09,Kashgar,Kashgar,China,39.47,75.99,21.9,115.0,Breezy,Normal
2023-10-11,Kashgar,Kashgar,China,39.47,75.99,21.5,13.0,Breezy,Normal
2023-10-18,Kashgar,Kashgar,China,39.47,75.99,20.3,207.0,Breezy,Normal
2023-10-21,Kashgar,Kashgar,China,39.47,75.99,20.4,286.0,Breezy,Normal
2023-10-23,Kashgar,Kashgar,China,39.47,75.99,25.5,207.0,Breezy,Normal
2023-10-26,Kashgar,Kashgar,China,39.47,75.99,20.1,225.0,Breezy,Normal
2023-10-28,Kashgar,Kashgar,China,39.47,75.99,23.3,57.0,Breezy,Normal
2023-10-30,Kashgar,Kashgar,China,39.47,75.99,20.8,220.0,Breezy,Normal
2023-11-07,Kashgar,Kashgar,China,39.47,75.99,23.8,220.0,Breezy,Normal
2023-11-11,Kashgar,Kashgar,China,39.47,75.99,27.1,40.0,Breezy,Normal
2023-11-14,Kashgar,Kashgar,China,39.47,75.99,22.1,236.0,Breezy,Normal
2023-11-18,Kashgar,Kashgar,China,39.47,75.99,22.4,254.0,Breezy,Normal
2023-11-19,Kashgar,Kashgar,China,39.47,75.99,27.6,95.0,Breezy,Normal
2023-11-22,Kashgar,Kashgar,China,39.47,75.99,26.4,171.0,Breezy,Normal
2023-11-23,Kashgar,Kashgar,China,39.47,75.99,20.7,60.0,Breezy,Normal
2023-12-02,Kashgar,Kashgar,China,39.47,75.99,28.2,182.0,Breezy,Normal
2023-12-03,Kashgar,Kashgar,China,39.47,75.99,21.4,154.0,Breezy,Normal
2023-12-05,Kashgar,Kashgar,China,39.47,75.99,41.4,183.0,Windy,Normal
2023-12-06,Kashgar,Kashgar,China,39.47,75.99,22.8,37.0,Breezy,Normal
2023-12-09,Kashgar,Kashgar,China,39.47,75.99,26.1,291.0,Breezy,Normal
2023-12-11,Kashgar,Kashgar,China,39.47,75.99,25.3,282.0,Breezy,Normal
2023-12-12,Kashgar,Kashgar,China,39.47,75.99,23.8,126.0,Breezy,Normal
2023-12-13,Kashgar,Kashgar,China,39.47,75.99,24.3,109.0,Breezy,Normal
2023-12-18,Kashgar,Kashgar,China,39.47,75.99,20.2,218.0,Breezy,Normal
2023-12-19,Kashgar,Kashgar,China,39.47,75.99,25.7,163.0,Breezy,Normal
2023-12-20,Kashgar,Kashgar,China,39.47,75.99,27.1,264.0,Breezy,Normal
2023-12-22,Kashgar,Kashgar,China,39.47,75.99,26.1,110.0,Breezy,Normal
2023-12-23,Kashgar,Kashgar,China,39.47,75.99,24.2,295.0,Breezy,Normal
2022-01-10,Hotan,Hotan,China,37.11,79.92,27.9,344.0,Breezy,Normal
2022-01-11,Hotan,Hotan,China,37.11,79.92,22.2,140.0,Breezy,Normal
2022-01-14,Hotan,Hotan,China,37.11,79.92,22.5,285.0,Breezy,Normal
2022-01-16,Hotan,Hotan,China,37.11,79.92,24.7,14.0,Breezy,Normal
2022-01-17,Hotan,Hotan,China,37.11,79.92,26.6,161.0,Breezy,Normal
2022-01-19,Hotan,Hotan,China,37.11,79.92,24.5,116.0,Breezy,Normal
2022-01-25,Hotan,Hotan,China,37.11,79.92,21.7,173.0,Breezy,Normal
2022-01-26,Hotan,Hotan,China,37.11,79.92,29.3,199.0,Breezy,Normal
2022-01-27,Hotan,Hotan,China,37.11,79.92,20.2,247.0,Breezy,Normal
2022-02-15,Hotan,Hotan,China,37.11,79.92,23.4,62.0,Breezy,Normal
2022-02-17,Hotan,Hotan,China,37.11,79.92,27.4,245.0,Breezy,Normal
2022-02-21,Hotan,Hotan,China,37.11,79.92,21.5,160.0,Breezy,Normal
2022-02-26,Hotan,Hotan,China,37.11,79.92,31.6,148.0,Breezy,Normal
2022-02-27,Hotan,Hotan,China,37.11,79.92,26.9,285.0,Breezy,Normal
2022-03-01,Hotan,Hotan,China,37.11,79.92,29.6,126.0,Breezy,Normal
2022-03-05,Hotan,Hotan,China,37.11,79.92,25.0,97.0,Breezy,Heatwave
2022-03-10,Hotan,Hotan,China,37.11,79.92,33.1,259.0,Breezy,Normal
2022-03-11,Hotan,Hotan,China,37.11,79.92,23.2,7.0,Breezy,Heatwave
2022-03-15,Hotan,Hotan,China,37.11,79.92,22.6,116.0,Breezy,Heatwave
2022-03-18,Hotan,Hotan,China,37.11,79.92,20.1,61.0,Breezy,Normal
2022-03-20,Hotan,Hotan,China,37.11,79.92,21.7,349.0,Breezy,Normal
2022-03-21,Hotan,Hotan,China,37.11,79.92,23.1,256.0,Breezy,Heatwave
2022-04-04,Hotan,Hotan,China,37.11,79.92,22.0,230.0,Breezy,Normal
2022-04-11,Hotan,Hotan,China,37.11,79.92,22.1,133.0,Breezy,Heatwave
2022-04-14,Hotan,Hotan,China,37.11,79.92,25.9,274.0,Breezy,Normal
2022-04-15,Hotan,Hotan,China,37.11,79.92,25.2,358.0,Breezy,Heatwave
2022-05-04,Hotan,Hotan,China,37.11,79.92,20.6,70.0,Breezy,Normal
2022-05-08,Hotan,Hotan,China,37.11,79.92,24.1,123.0,Breezy,Heatwave
2022-05-09,Hotan,Hotan,China,37.11,79.92,22.0,75.0,Breezy,Normal
2022-05-14,Hotan,Hotan,China,37.11,79.92,25.6,281.0,Breezy,Normal
2022-05-15,Hotan,Hotan,China,37.11,79.92,25.5,48.0,Breezy,Normal
2022-05-18,Hotan,Hotan,China,37.11,79.92,30.2,267.0,Breezy,Heatwave
2022-05-20,Hotan,Hotan,China,37.11,79.92,26.0,113.0,Breezy,Normal
2022-05-21,Hotan,Hotan,China,37.11,79.92,24.1,148.0,Breezy,Normal
2022-05-27,Hotan,Hotan,China,37.11,79.92,21.1,241.0,Breezy,Normal
2022-05-28,Hotan,Hotan,China,37.11,79.92,27.9,270.0,Breezy,Normal
2022-05-30,Hotan,Hotan,China,37.11,79.92,21.4,208.0,Breezy,Normal
2022-06-02,Hotan,Hotan,China,37.11,79.92,20.1,250.0,Breezy,Normal
2022-06-03,Hotan,Hotan,China,37.11,79.92,23.6,166.0,Breezy,Heatwave
2022-06-07,Hotan,Hotan,China,37.11,79.92,35.4,108.0,Breezy,Heatwave
2022-06-09,Hotan,Hotan,China,37.11,79.92,20.7,134.0,Breezy,Normal
2022-06-12,Hotan,Hotan,China,37.11,79.92,20.8,319.0,Breezy,Heatwave
2022-06-14,Hotan,Hotan,China,37.11,79.92,21.0,201.0,Breezy,Normal
2022-06-15,Hotan,Hotan,China,37.11,79.92,24.2,336.0,Breezy,Normal
2022-06-22,Hotan,Hotan,China,37.11,79.92,20.3,75.0,Breezy,Normal
2022-06-24,Hotan,Hotan,China,37.11,79.92,21.1,121.0,Breezy,Normal
2022-06-25,Hotan,Hotan,China,37.11,79.92,24.2,170.0,Breezy,Normal
2022-06-30,Hotan,Hotan,China,37.11,79.92,25.7,323.0,Breezy,Normal
2022-07-01,Hotan,Hotan,China,37.11,79.92,22.5,250.0,Breezy,Normal
2022-07-03,Hotan,Hotan,China,37.11,79.92,30.3,68.0,Breezy,Normal
2022-07-04,Hotan,Hotan,China,37.11,79.92,25.5,4.0,Breezy,Normal
2022-07-05,Hotan,Hotan,China,37.11,79.92,24.7,147.0,Breezy,Normal
2022-07-08,Hotan,Hotan,China,37.11,79.92,20.5,68.0,Breezy,Normal
2022-07-14,Hotan,Hotan,China,37.11,79.92,23.8,163.0,Breezy,Normal
2022-07-16,Hotan,Hotan,China,37.11,79.92,23.6,184.0,Breezy,Normal
2022-07-19,Hotan,Hotan,China,37.11,79.92,27.2,342.0,Breezy,Normal
2022-07-21,Hotan,Hotan,China,37.11,79.92,25.4,69.0,Breezy,Normal
2022-07-25,Hotan,Hotan,China,37.11,79.92,24.6,273.0,Breezy,Normal
2022-08-04,Hotan,Hotan,China,37.11,79.92,23.9,341.0,Breezy,Normal
2022-08-09,Hotan,Hotan,China,37.11,79.92,21.8,272.0,Breezy,Normal
2022-08-12,Hotan,Hotan,China,37.11,79.92,32.1,30.0,Breezy,Normal
2022-08-13,Hotan,Hotan,China,37.11,79.92,22.8,111.0,Breezy,Normal
2022-08-15,Hotan,Hotan,China,37.11,79.92,20.8,216.0,Breezy,Normal
2022-08-20,Hotan,Hotan,China,37.11,79.92,27.2,257.0,Breezy,Normal
2022-08-23,Hotan,Hotan,China,37.11,79.92,27.3,120.0,Breezy,Normal
2022-08-26,Hotan,Hotan,China,37.11,79.92,23.4,135.0,Breezy,Normal
2022-08-27,Hotan,Hotan,China,37.11,79.92,28.5,1.0,Breezy,Normal
2022-08-28,Hotan,Hotan,China,37.11,79.92,20.5,141.0,Breezy,Normal
2022-09-03,Hotan,Hotan,China,37.11,79.92,21.6,238.0,Breezy,Normal
2022-09-13,Hotan,Hotan,China,37.11,79.92,23.3,29.0,Breezy,Normal
2022-09-14,Hotan,Hotan,China,37.11,79.92,25.6,342.0,Breezy,Normal
2022-09-15,Hotan,Hotan,China,37.11,79.92,25.2,329.0,Breezy,Normal
2022-09-18,Hotan,Hotan,China,37.11,79.92,30.6,43.0,Breezy,Normal
2022-09-23,Hotan,Hotan,China,37.11,79.92,24.1,270.0,Breezy,Normal
2022-09-25,Hotan,Hotan,China,37.11,79.92,28.2,126.0,Breezy,Normal
2022-09-29,Hotan,Hotan,China,37.11,79.92,25.0,277.0,Breezy,Normal
2022-09-30,Hotan,Hotan,China,37.11,79.92,27.7,215.0,Breezy,Normal
2022-10-01,Hotan,Hotan,China,37.11,79.92,26.3,138.0,Breezy,Normal
2022-10-02,Hotan,Hotan,China,37.11,79.92,22.7,104.0,Breezy,Normal
2022-10-06,Hotan,Hotan,China,37.11,79.92,20.6,155.0,Breezy,Normal
2022-10-17,Hotan,Hotan,China,37.11,79.92,40.5,160.0,Windy,Normal
2022-10-18,Hotan,Hotan,China,37.11,79.92,22.3,136.0,Breezy,Normal
2022-10-19,Hotan,Hotan,China,37.11,79.92,21.9,154.0,Breezy,Normal
2022-10-24,Hotan,Hotan,China,37.11,79.92,25.9,21.0,Breezy,Normal
2022-10-25,Hotan,Hotan,China,37.11,79.92,27.6,320.0,Breezy,Normal
2022-10-27,Hotan,Hotan,China,37.11,79.92,22.2,26.0,Breezy,Normal
2022-11-09,Hotan,Hotan,China,37.11,79.92,34.2,356.0,Breezy,Normal
2022-11-10,Hotan,Hotan,China,37.11,79.92,21.5,29.0,Breezy,Normal
2022-11-26,Hotan,Hotan,China,37.11,79.92,20.2,131.0,Breezy,Normal
2022-11-29,Hotan,Hotan,China,37.11,79.92,22.9,181.0,Breezy,Normal
2022-11-30,Hotan,Hotan,China,37.11,79.92,23.1,122.0,Breezy,Normal
2022-12-08,Hotan,Hotan,China,37.11,79.92,21.5,35.0,Breezy,Normal
2022-12-15,Hotan,Hotan,China,37.11,79.92,20.9,171.0,Breezy,Normal
2022-12-18,Hotan,Hotan,China,37.11,79.92,27.1,265.0,Breezy,Normal
2022-12-21,Hotan,Hotan,China,37.11,79.92,21.6,128.0,Breezy,Normal
2022-12-24,Hotan,Hotan,China,37.11,79.92,23.2,270.0,Breezy,Normal
2022-12-28,Hotan,Hotan,China,37.11,79.92,25.8,348.0,Breezy,Normal
2022-12-30,Hotan,Hotan,China,37.11,79.92,20.3,37.0,Breezy,Normal
2023-01-01,Hotan,Hotan,China,37.11,79.92,23.0,132.0,Breezy,Normal
2023-01-05,Hotan,Hotan,China,37.11,79.92,31.6,65.0,Breezy,Normal
2023-01-06,Hotan,Hotan,China,37.11,79.92,24.1,34.0,Breezy,Normal
2023-01-11,Hotan,Hotan,China,37.11,79.92,27.6,60.0,Breezy,Normal
2023-01-14,Hotan,Hotan,China,37.11,79.92,21.9,88.0,Breezy,Normal
2023-01-15,Hotan,Hotan,China,37.11,79.92,24.1,346.0,Breezy,Normal
2023-01-23,Hotan,Hotan,China,37.11,79.92,22.2,13.0,Breezy,Normal
2023-01-25,Hotan,Hotan,China,37.11,79.92,22.2,14.0,Breezy,Normal
2023-01-31,Hotan,Hotan,China,37.11,79.92,21.8,26.0,Breezy,Normal
2023-02-01,Hotan,Hotan,China,37.11,79.92,25.2,142.0,Breezy,Normal
2023-02-05,Hotan,Hotan,China,37.11,79.92,25.4,252.0,Breezy,Normal
2023-02-07,Hotan,Hotan,China,37.11,79.92,23.3,140.0,Breezy,Normal
2023-02-14,Hotan,Hotan,China,37.11,79.92,21.0,112.0,Breezy,Normal
2023-02-20,Hotan,Hotan,China,37.11,79.92,23.6,256.0,Breezy,Normal
2023-02-23,Hotan,Hotan,China,37.11,79.92,24.7,115.0,Breezy,Normal
2023-03-13,Hotan,Hotan,China,37.11,79.92,23.7,140.0,Breezy,Heatwave
2023-03-14,Hotan,Hotan,China,37.11,79.92,22.6,161.0,Breezy,Normal
2023-03-17,Hotan,Hotan,China,37.11,79.92,22.6,344.0,Breezy,Normal
2023-03-24,Hotan,Hotan,China,37.11,79.92,22.8,23.0,Breezy,Heatwave
2023-03-25,Hotan,Hotan,China,37.11,79.92,27.1,321.0,Breezy,Heatwave
2023-03-27,Hotan,Hotan,China,37.11,79.92,22.6,265.0,Breezy,Normal
2023-03-29,Hotan,Hotan,China,37.11,79.92,24.4,47.0,Breezy,Heatwave
2023-04-04,Hotan,Hotan,China,37.11,79.92,21.7,78.0,Breezy,Normal
2023-04-05,Hotan,Hotan,China,37.11,79.92,25.3,227.0,Breezy,Normal
2023-04-10,Hotan,Hotan,China,37.11,79.92,22.7,238.0,Breezy,Heatwave
2023-04-15,Hotan,Hotan,China,37.11,79.92,22.3,86.0,Breezy,Heatwave
2023-04-21,Hotan,Hotan,China,37.11,79.92,20.3,138.0,Breezy,Normal
2023-04-30,Hotan,Hotan,China,37.11,79.92,23.5,114.0,Breezy,Normal
2023-05-04,Hotan,Hotan,China,37.11,79.92,24.8,16.0,Breezy,Normal
2023-05-05,Hotan,Hotan,China,37.11,79.92,20.9,154.0,Breezy,Normal
2023-05-12,Hotan,Hotan,China,37.11,79.92,20.8,169.0,Breezy,Normal
2023-05-15,Hotan,Hotan,China,37.11,79.92,26.1,56.0,Breezy,Normal
2023-05-26,Hotan,Hotan,China,37.11,79.92,27.7,290.0,Breezy,Normal
2023-06-01,Hotan,Hotan,China,37.11,79.92,24.7,134.0,Breezy,Heatwave
2023-06-04,Hotan,Hotan,China,37.11,79.92,25.4,68.0,Breezy,Normal
2023-06-06,Hotan,Hotan,China,37.11,79.92,20.1,111.0,Breezy,Normal
2023-06-08,Hotan,Hotan,China,37.11,79.92,27.9,254.0,Breezy,Heatwave
2023-06-12,Hotan,Hotan,China,37.11,79.92,21.6,117.0,Breezy,Normal
2023-06-13,Hotan,Hotan,China,37.11,79.92,21.9,40.0,Breezy,Normal
2023-06-16,Hotan,Hotan,China,37.11,79.92,27.0,58.0,Breezy,Heatwave
2023-06-21,Hotan,Hotan,China,37.11,79.92,21.3,355.0,Breezy,Normal
2023-06-22,Hotan,Hotan,China,37.11,79.92,23.2,211.0,Breezy,Normal
2023-06-23,Hotan,Hotan,China,37.11,79.92,25.2,138.0,Breezy,Normal
2023-06-27,Hotan,Hotan,China,37.11,79.92,20.4,301.0,Breezy,Normal
2023-06-28,Hotan,Hotan,China,37.11,79.92,21.3,295.0,Breezy,Normal
2023-06-30,Hotan,Hotan,China,37.11,79.92,22.7,211.0,Breezy,Normal
2023-07-01,Hotan,Hotan,China,37.11,79.92,25.4,107.0,Breezy,Normal
2023-07-05,Hotan,Hotan,China,37.11,79.92,22.8,325.0,Breezy,Normal
2023-07-09,Hotan,Hotan,China,37.11,79.92,21.3,77.0,Breezy,Normal
2023-07-18,Hotan,Hotan,China,37.11,79.92,27.1,255.0,Breezy,Normal
2023-07-22,Hotan,Hotan,China,37.11,79.92,30.8,222.0,Breezy,Normal
2023-08-01,Hotan,Hotan,China,37.11,79.92,36.7,257.0,Breezy,Normal
2023-08-03,Hotan,Hotan,China,37.11,79.92,20.4,322.0,Breezy,Normal
2023-08-07,Hotan,Hotan,China,37.11,79.92,22.8,230.0,Breezy,Normal
2023-08-08,Hotan,Hotan,China,37.11,79.92,26.2,219.0,Breezy,Normal
2023-08-09,Hotan,Hotan,China,37.11,79.92,20.8,63.0,Breezy,Normal
2023-08-12,Hotan,Hotan,China,37.11,79.92,20.7,334.0,Breezy,Normal
2023-08-14,Hotan,Hotan,China,37.11,79.92,20.5,342.0,Breezy,Normal
2023-08-17,Hotan,Hotan,China,37.11,79.92,27.1,155.0,Breezy,Normal
2023-08-24,Hotan,Hotan,China,37.11,79.92,23.3,265.0,Breezy,Normal
2023-08-27,Hotan,Hotan,China,37.11,79.92,21.3,160.0,Breezy,Normal
2023-08-29,Hotan,Hotan,China,37.11,79.92,20.4,133.0,Breezy,Normal
2023-08-30,Hotan,Hotan,China,37.11,79.92,27.6,327.0,Breezy,Normal
2023-08-31,Hotan,Hotan,China,37.11,79.92,21.1,53.0,Breezy,Normal
2023-09-08,Hotan,Hotan,China,37.11,79.92,22.8,201.0,Breezy,Normal
2023-09-09,Hotan,Hotan,China,37.11,79.92,27.7,84.0,Breezy,Normal
2023-09-11,Hotan,Hotan,China,37.11,79.92,23.3,211.0,Breezy,Normal
2023-09-12,Hotan,Hotan,China,37.11,79.92,21.0,327.0,Breezy,Normal
2023-09-14,Hotan,Hotan,China,37.11,79.92,21.6,14.0,Breezy,Normal
2023-09-25,Hotan,Hotan,China,37.11,79.92,21.1,76.0,Breezy,Normal
2023-09-28,Hotan,Hotan,China,37.11,79.92,28.4,211.0,Breezy,Normal
2023-10-01,Hotan,Hotan,China,37.11,79.92,22.1,298.0,Breezy,Normal
2023-10-04,Hotan,Hotan,China,37.11,79.92,23.4,307.0,Breezy,Normal
2023-10-06,Hotan,Hotan,China,37.11,79.92,30.3,120.0,Breezy,Normal
2023-10-11,Hotan,Hotan,China,37.11,79.92,27.2,182.0,Breezy,Normal
2023-10-13,Hotan,Hotan,China,37.11,79.92,33.3,282.0,Breezy,Normal
2023-10-15,Hotan,Hotan,China,37.11,79.92,26.8,20.0,Breezy,Normal
2023-10-17,Hotan,Hotan,China,37.11,79.92,21.5,281.0,Breezy,Normal
2023-10-18,Hotan,Hotan,China,37.11,79.92,20.2,330.0,Breezy,Normal
2023-10-22,Hotan,Hotan,China,37.11,79.92,21.9,122.0,Breezy,Normal
2023-10-28,Hotan,Hotan,China,37.11,79.92,22.6,10.0,Breezy,Normal
2023-10-30,Hotan,Hotan,China,37.11,79.92,22.8,278.0,Breezy,Normal
2023-11-01,Hotan,Hotan,China,37.11,79.92,23.0,199.0,Breezy,Normal
2023-11-04,Hotan,Hotan,China,37.11,79.92,25.4,20.0,Breezy,Normal
2023-11-09,Hotan,Hotan,China,37.11,79.92,22.7,7.0,Breezy,Normal
2023-11-12,Hotan,Hotan,China,37.11,79.92,22.3,220.0,Breezy,Normal
2023-11-13,Hotan,Hotan,China,37.11,79.92,23.7,3.0,Breezy,Normal
2023-11-14,Hotan,Hotan,China,37.11,79.92,23.4,296.0,Breezy,Normal
2023-12-06,Hotan,Hotan,China,37.11,79.92,25.5,180.0,Breezy,Normal
2023-12-08,Hotan,Hotan,China,37.11,79.92,20.7,176.0,Breezy,Normal
2023-12-14,Hotan,Hotan,China,37.11,79.92,21.6,326.0,Breezy,Normal
2023-12-16,Hotan,Hotan,China,37.11,79.92,22.1,189.0,Breezy,Normal
2023-12-25,Hotan,Hotan,China,37.11,79.92,38.0,192.0,Breezy,Normal
